wav_path,system_id,sample_id,score
/fs/ess/PAS2301/Data/Speech/MOS_datasets/singmos/DATA/wav/voicemos2024-track2-sys0001-utt0001.wav,sys0001,voicemos2024-track2-sys0001-utt0001,4.0
/fs/ess/PAS2301/Data/Speech/MOS_datasets/singmos/DATA/wav/voicemos2024-track2-sys0001-utt0002.wav,sys0001,voicemos2024-track2-sys0001-utt0002,4.6
/fs/ess/PAS2301/Data/Speech/MOS_datasets/singmos/DATA/wav/voicemos2024-track2-sys0001-utt0003.wav,sys0001,voicemos2024-track2-sys0001-utt0003,3.4
/fs/ess/PAS2301/Data/Speech/MOS_datasets/singmos/DATA/wav/voicemos2024-track2-sys0001-utt0004.wav,sys0001,voicemos2024-track2-sys0001-utt0004,4.2
/fs/ess/PAS2301/Data/Speech/MOS_datasets/singmos/DATA/wav/voicemos2024-track2-sys0001-utt0007.wav,sys0001,voicemos2024-track2-sys0001-utt0007,3.0
/fs/ess/PAS2301/Data/Speech/MOS_datasets/singmos/DATA/wav/voicemos2024-track2-sys0001-utt0008.wav,sys0001,voicemos2024-track2-sys0001-utt0008,3.6
/fs/ess/PAS2301/Data/Speech/MOS_datasets/singmos/DATA/wav/voicemos2024-track2-sys0001-utt0009.wav,sys0001,voicemos2024-track2-sys0001-utt0009,4.0
/fs/ess/PAS2301/Data/Speech/MOS_datasets/singmos/DATA/wav/voicemos2024-track2-sys0001-utt0012.wav,sys0001,voicemos2024-track2-sys0001-utt0012,4.2
/fs/ess/PAS2301/Data/Speech/MOS_datasets/singmos/DATA/wav/voicemos2024-track2-sys0001-utt0017.wav,sys0001,voicemos2024-track2-sys0001-utt0017,4.2
/fs/ess/PAS2301/Data/Speech/MOS_datasets/singmos/DATA/wav/voicemos2024-track2-sys0001-utt0018.wav,sys0001,voicemos2024-track2-sys0001-utt0018,3.2
/fs/ess/PAS2301/Data/Speech/MOS_datasets/singmos/DATA/wav/voicemos2024-track2-sys0001-utt0019.wav,sys0001,voicemos2024-track2-sys0001-utt0019,5.0
/fs/ess/PAS2301/Data/Speech/MOS_datasets/singmos/DATA/wav/voicemos2024-track2-sys0001-utt0020.wav,sys0001,voicemos2024-track2-sys0001-utt0020,4.2
/fs/ess/PAS2301/Data/Speech/MOS_datasets/singmos/DATA/wav/voicemos2024-track2-sys0001-utt0022.wav,sys0001,voicemos2024-track2-sys0001-utt0022,3.6
/fs/ess/PAS2301/Data/Speech/MOS_datasets/singmos/DATA/wav/voicemos2024-track2-sys0001-utt0023.wav,sys0001,voicemos2024-track2-sys0001-utt0023,4.2
/fs/ess/PAS2301/Data/Speech/MOS_datasets/singmos/DATA/wav/voicemos2024-track2-sys0001-utt0024.wav,sys0001,voicemos2024-track2-sys0001-utt0024,4.0
/fs/ess/PAS2301/Data/Speech/MOS_datasets/singmos/DATA/wav/voicemos2024-track2-sys0001-utt0025.wav,sys0001,voicemos2024-track2-sys0001-utt0025,5.0
/fs/ess/PAS2301/Data/Speech/MOS_datasets/singmos/DATA/wav/voicemos2024-track2-sys0001-utt0026.wav,sys0001,voicemos2024-track2-sys0001-utt0026,4.2
/fs/ess/PAS2301/Data/Speech/MOS_datasets/singmos/DATA/wav/voicemos2024-track2-sys0001-utt0027.wav,sys0001,voicemos2024-track2-sys0001-utt0027,5.0
/fs/ess/PAS2301/Data/Speech/MOS_datasets/singmos/DATA/wav/voicemos2024-track2-sys0001-utt0028.wav,sys0001,voicemos2024-track2-sys0001-utt0028,3.8
/fs/ess/PAS2301/Data/Speech/MOS_datasets/singmos/DATA/wav/voicemos2024-track2-sys0001-utt0031.wav,sys0001,voicemos2024-track2-sys0001-utt0031,5.0
/fs/ess/PAS2301/Data/Speech/MOS_datasets/singmos/DATA/wav/voicemos2024-track2-sys0001-utt0032.wav,sys0001,voicemos2024-track2-sys0001-utt0032,4.2
/fs/ess/PAS2301/Data/Speech/MOS_datasets/singmos/DATA/wav/voicemos2024-track2-sys0001-utt0034.wav,sys0001,voicemos2024-track2-sys0001-utt0034,5.0
/fs/ess/PAS2301/Data/Speech/MOS_datasets/singmos/DATA/wav/voicemos2024-track2-sys0001-utt0035.wav,sys0001,voicemos2024-track2-sys0001-utt0035,5.0
/fs/ess/PAS2301/Data/Speech/MOS_datasets/singmos/DATA/wav/voicemos2024-track2-sys0001-utt0037.wav,sys0001,voicemos2024-track2-sys0001-utt0037,5.0
/fs/ess/PAS2301/Data/Speech/MOS_datasets/singmos/DATA/wav/voicemos2024-track2-sys0001-utt0039.wav,sys0001,voicemos2024-track2-sys0001-utt0039,4.2
/fs/ess/PAS2301/Data/Speech/MOS_datasets/singmos/DATA/wav/voicemos2024-track2-sys0001-utt0041.wav,sys0001,voicemos2024-track2-sys0001-utt0041,4.8
/fs/ess/PAS2301/Data/Speech/MOS_datasets/singmos/DATA/wav/voicemos2024-track2-sys0001-utt0047.wav,sys0001,voicemos2024-track2-sys0001-utt0047,5.0
/fs/ess/PAS2301/Data/Speech/MOS_datasets/singmos/DATA/wav/voicemos2024-track2-sys0001-utt0048.wav,sys0001,voicemos2024-track2-sys0001-utt0048,5.0
/fs/ess/PAS2301/Data/Speech/MOS_datasets/singmos/DATA/wav/voicemos2024-track2-sys0001-utt0050.wav,sys0001,voicemos2024-track2-sys0001-utt0050,4.2
/fs/ess/PAS2301/Data/Speech/MOS_datasets/singmos/DATA/wav/voicemos2024-track2-sys0001-utt0052.wav,sys0001,voicemos2024-track2-sys0001-utt0052,5.0
/fs/ess/PAS2301/Data/Speech/MOS_datasets/singmos/DATA/wav/voicemos2024-track2-sys0001-utt0054.wav,sys0001,voicemos2024-track2-sys0001-utt0054,5.0
/fs/ess/PAS2301/Data/Speech/MOS_datasets/singmos/DATA/wav/voicemos2024-track2-sys0001-utt0056.wav,sys0001,voicemos2024-track2-sys0001-utt0056,5.0
/fs/ess/PAS2301/Data/Speech/MOS_datasets/singmos/DATA/wav/voicemos2024-track2-sys0001-utt0057.wav,sys0001,voicemos2024-track2-sys0001-utt0057,4.2
/fs/ess/PAS2301/Data/Speech/MOS_datasets/singmos/DATA/wav/voicemos2024-track2-sys0001-utt0058.wav,sys0001,voicemos2024-track2-sys0001-utt0058,4.2
/fs/ess/PAS2301/Data/Speech/MOS_datasets/singmos/DATA/wav/voicemos2024-track2-sys0001-utt0059.wav,sys0001,voicemos2024-track2-sys0001-utt0059,4.2
/fs/ess/PAS2301/Data/Speech/MOS_datasets/singmos/DATA/wav/voicemos2024-track2-sys0001-utt0060.wav,sys0001,voicemos2024-track2-sys0001-utt0060,4.8
/fs/ess/PAS2301/Data/Speech/MOS_datasets/singmos/DATA/wav/voicemos2024-track2-sys0001-utt0061.wav,sys0001,voicemos2024-track2-sys0001-utt0061,4.4
/fs/ess/PAS2301/Data/Speech/MOS_datasets/singmos/DATA/wav/voicemos2024-track2-sys0001-utt0062.wav,sys0001,voicemos2024-track2-sys0001-utt0062,4.4
/fs/ess/PAS2301/Data/Speech/MOS_datasets/singmos/DATA/wav/voicemos2024-track2-sys0001-utt0063.wav,sys0001,voicemos2024-track2-sys0001-utt0063,4.0
/fs/ess/PAS2301/Data/Speech/MOS_datasets/singmos/DATA/wav/voicemos2024-track2-sys0001-utt0064.wav,sys0001,voicemos2024-track2-sys0001-utt0064,3.4
/fs/ess/PAS2301/Data/Speech/MOS_datasets/singmos/DATA/wav/voicemos2024-track2-sys0001-utt0066.wav,sys0001,voicemos2024-track2-sys0001-utt0066,4.2
/fs/ess/PAS2301/Data/Speech/MOS_datasets/singmos/DATA/wav/voicemos2024-track2-sys0001-utt0068.wav,sys0001,voicemos2024-track2-sys0001-utt0068,4.4
/fs/ess/PAS2301/Data/Speech/MOS_datasets/singmos/DATA/wav/voicemos2024-track2-sys0001-utt0069.wav,sys0001,voicemos2024-track2-sys0001-utt0069,5.0
/fs/ess/PAS2301/Data/Speech/MOS_datasets/singmos/DATA/wav/voicemos2024-track2-sys0001-utt0071.wav,sys0001,voicemos2024-track2-sys0001-utt0071,5.0
/fs/ess/PAS2301/Data/Speech/MOS_datasets/singmos/DATA/wav/voicemos2024-track2-sys0001-utt0072.wav,sys0001,voicemos2024-track2-sys0001-utt0072,4.4
/fs/ess/PAS2301/Data/Speech/MOS_datasets/singmos/DATA/wav/voicemos2024-track2-sys0001-utt0073.wav,sys0001,voicemos2024-track2-sys0001-utt0073,5.0
/fs/ess/PAS2301/Data/Speech/MOS_datasets/singmos/DATA/wav/voicemos2024-track2-sys0001-utt0075.wav,sys0001,voicemos2024-track2-sys0001-utt0075,4.4
/fs/ess/PAS2301/Data/Speech/MOS_datasets/singmos/DATA/wav/voicemos2024-track2-sys0001-utt0077.wav,sys0001,voicemos2024-track2-sys0001-utt0077,4.0
/fs/ess/PAS2301/Data/Speech/MOS_datasets/singmos/DATA/wav/voicemos2024-track2-sys0001-utt0080.wav,sys0001,voicemos2024-track2-sys0001-utt0080,5.0
/fs/ess/PAS2301/Data/Speech/MOS_datasets/singmos/DATA/wav/voicemos2024-track2-sys0001-utt0081.wav,sys0001,voicemos2024-track2-sys0001-utt0081,5.0
/fs/ess/PAS2301/Data/Speech/MOS_datasets/singmos/DATA/wav/voicemos2024-track2-sys0001-utt0082.wav,sys0001,voicemos2024-track2-sys0001-utt0082,5.0
/fs/ess/PAS2301/Data/Speech/MOS_datasets/singmos/DATA/wav/voicemos2024-track2-sys0001-utt0083.wav,sys0001,voicemos2024-track2-sys0001-utt0083,4.4
/fs/ess/PAS2301/Data/Speech/MOS_datasets/singmos/DATA/wav/voicemos2024-track2-sys0001-utt0087.wav,sys0001,voicemos2024-track2-sys0001-utt0087,4.6
/fs/ess/PAS2301/Data/Speech/MOS_datasets/singmos/DATA/wav/voicemos2024-track2-sys0001-utt0088.wav,sys0001,voicemos2024-track2-sys0001-utt0088,4.2
/fs/ess/PAS2301/Data/Speech/MOS_datasets/singmos/DATA/wav/voicemos2024-track2-sys0001-utt0089.wav,sys0001,voicemos2024-track2-sys0001-utt0089,4.8
/fs/ess/PAS2301/Data/Speech/MOS_datasets/singmos/DATA/wav/voicemos2024-track2-sys0001-utt0091.wav,sys0001,voicemos2024-track2-sys0001-utt0091,4.0
/fs/ess/PAS2301/Data/Speech/MOS_datasets/singmos/DATA/wav/voicemos2024-track2-sys0001-utt0092.wav,sys0001,voicemos2024-track2-sys0001-utt0092,4.0
/fs/ess/PAS2301/Data/Speech/MOS_datasets/singmos/DATA/wav/voicemos2024-track2-sys0002-utt0001.wav,sys0002,voicemos2024-track2-sys0002-utt0001,3.8
/fs/ess/PAS2301/Data/Speech/MOS_datasets/singmos/DATA/wav/voicemos2024-track2-sys0002-utt0004.wav,sys0002,voicemos2024-track2-sys0002-utt0004,3.4
/fs/ess/PAS2301/Data/Speech/MOS_datasets/singmos/DATA/wav/voicemos2024-track2-sys0002-utt0005.wav,sys0002,voicemos2024-track2-sys0002-utt0005,4.8
/fs/ess/PAS2301/Data/Speech/MOS_datasets/singmos/DATA/wav/voicemos2024-track2-sys0002-utt0007.wav,sys0002,voicemos2024-track2-sys0002-utt0007,3.4
/fs/ess/PAS2301/Data/Speech/MOS_datasets/singmos/DATA/wav/voicemos2024-track2-sys0002-utt0008.wav,sys0002,voicemos2024-track2-sys0002-utt0008,3.0
/fs/ess/PAS2301/Data/Speech/MOS_datasets/singmos/DATA/wav/voicemos2024-track2-sys0002-utt0010.wav,sys0002,voicemos2024-track2-sys0002-utt0010,3.0
/fs/ess/PAS2301/Data/Speech/MOS_datasets/singmos/DATA/wav/voicemos2024-track2-sys0002-utt0011.wav,sys0002,voicemos2024-track2-sys0002-utt0011,4.2
/fs/ess/PAS2301/Data/Speech/MOS_datasets/singmos/DATA/wav/voicemos2024-track2-sys0002-utt0013.wav,sys0002,voicemos2024-track2-sys0002-utt0013,2.6
/fs/ess/PAS2301/Data/Speech/MOS_datasets/singmos/DATA/wav/voicemos2024-track2-sys0002-utt0014.wav,sys0002,voicemos2024-track2-sys0002-utt0014,4.2
/fs/ess/PAS2301/Data/Speech/MOS_datasets/singmos/DATA/wav/voicemos2024-track2-sys0002-utt0015.wav,sys0002,voicemos2024-track2-sys0002-utt0015,3.0
/fs/ess/PAS2301/Data/Speech/MOS_datasets/singmos/DATA/wav/voicemos2024-track2-sys0002-utt0016.wav,sys0002,voicemos2024-track2-sys0002-utt0016,4.2
/fs/ess/PAS2301/Data/Speech/MOS_datasets/singmos/DATA/wav/voicemos2024-track2-sys0002-utt0017.wav,sys0002,voicemos2024-track2-sys0002-utt0017,4.2
/fs/ess/PAS2301/Data/Speech/MOS_datasets/singmos/DATA/wav/voicemos2024-track2-sys0002-utt0018.wav,sys0002,voicemos2024-track2-sys0002-utt0018,4.2
/fs/ess/PAS2301/Data/Speech/MOS_datasets/singmos/DATA/wav/voicemos2024-track2-sys0002-utt0020.wav,sys0002,voicemos2024-track2-sys0002-utt0020,4.4
/fs/ess/PAS2301/Data/Speech/MOS_datasets/singmos/DATA/wav/voicemos2024-track2-sys0002-utt0022.wav,sys0002,voicemos2024-track2-sys0002-utt0022,4.4
/fs/ess/PAS2301/Data/Speech/MOS_datasets/singmos/DATA/wav/voicemos2024-track2-sys0002-utt0023.wav,sys0002,voicemos2024-track2-sys0002-utt0023,4.2
/fs/ess/PAS2301/Data/Speech/MOS_datasets/singmos/DATA/wav/voicemos2024-track2-sys0002-utt0024.wav,sys0002,voicemos2024-track2-sys0002-utt0024,4.0
/fs/ess/PAS2301/Data/Speech/MOS_datasets/singmos/DATA/wav/voicemos2024-track2-sys0002-utt0025.wav,sys0002,voicemos2024-track2-sys0002-utt0025,4.2
/fs/ess/PAS2301/Data/Speech/MOS_datasets/singmos/DATA/wav/voicemos2024-track2-sys0002-utt0026.wav,sys0002,voicemos2024-track2-sys0002-utt0026,4.2
/fs/ess/PAS2301/Data/Speech/MOS_datasets/singmos/DATA/wav/voicemos2024-track2-sys0002-utt0027.wav,sys0002,voicemos2024-track2-sys0002-utt0027,4.2
/fs/ess/PAS2301/Data/Speech/MOS_datasets/singmos/DATA/wav/voicemos2024-track2-sys0002-utt0029.wav,sys0002,voicemos2024-track2-sys0002-utt0029,4.0
/fs/ess/PAS2301/Data/Speech/MOS_datasets/singmos/DATA/wav/voicemos2024-track2-sys0002-utt0030.wav,sys0002,voicemos2024-track2-sys0002-utt0030,4.2
/fs/ess/PAS2301/Data/Speech/MOS_datasets/singmos/DATA/wav/voicemos2024-track2-sys0002-utt0031.wav,sys0002,voicemos2024-track2-sys0002-utt0031,4.8
/fs/ess/PAS2301/Data/Speech/MOS_datasets/singmos/DATA/wav/voicemos2024-track2-sys0002-utt0032.wav,sys0002,voicemos2024-track2-sys0002-utt0032,4.2
/fs/ess/PAS2301/Data/Speech/MOS_datasets/singmos/DATA/wav/voicemos2024-track2-sys0002-utt0033.wav,sys0002,voicemos2024-track2-sys0002-utt0033,5.0
/fs/ess/PAS2301/Data/Speech/MOS_datasets/singmos/DATA/wav/voicemos2024-track2-sys0002-utt0034.wav,sys0002,voicemos2024-track2-sys0002-utt0034,3.6
/fs/ess/PAS2301/Data/Speech/MOS_datasets/singmos/DATA/wav/voicemos2024-track2-sys0002-utt0035.wav,sys0002,voicemos2024-track2-sys0002-utt0035,5.0
/fs/ess/PAS2301/Data/Speech/MOS_datasets/singmos/DATA/wav/voicemos2024-track2-sys0002-utt0037.wav,sys0002,voicemos2024-track2-sys0002-utt0037,4.0
/fs/ess/PAS2301/Data/Speech/MOS_datasets/singmos/DATA/wav/voicemos2024-track2-sys0002-utt0039.wav,sys0002,voicemos2024-track2-sys0002-utt0039,4.2
/fs/ess/PAS2301/Data/Speech/MOS_datasets/singmos/DATA/wav/voicemos2024-track2-sys0002-utt0040.wav,sys0002,voicemos2024-track2-sys0002-utt0040,4.8
/fs/ess/PAS2301/Data/Speech/MOS_datasets/singmos/DATA/wav/voicemos2024-track2-sys0002-utt0042.wav,sys0002,voicemos2024-track2-sys0002-utt0042,4.2
/fs/ess/PAS2301/Data/Speech/MOS_datasets/singmos/DATA/wav/voicemos2024-track2-sys0002-utt0046.wav,sys0002,voicemos2024-track2-sys0002-utt0046,4.0
/fs/ess/PAS2301/Data/Speech/MOS_datasets/singmos/DATA/wav/voicemos2024-track2-sys0002-utt0049.wav,sys0002,voicemos2024-track2-sys0002-utt0049,3.4
/fs/ess/PAS2301/Data/Speech/MOS_datasets/singmos/DATA/wav/voicemos2024-track2-sys0002-utt0052.wav,sys0002,voicemos2024-track2-sys0002-utt0052,3.0
/fs/ess/PAS2301/Data/Speech/MOS_datasets/singmos/DATA/wav/voicemos2024-track2-sys0002-utt0054.wav,sys0002,voicemos2024-track2-sys0002-utt0054,4.2
/fs/ess/PAS2301/Data/Speech/MOS_datasets/singmos/DATA/wav/voicemos2024-track2-sys0002-utt0056.wav,sys0002,voicemos2024-track2-sys0002-utt0056,5.0
/fs/ess/PAS2301/Data/Speech/MOS_datasets/singmos/DATA/wav/voicemos2024-track2-sys0002-utt0058.wav,sys0002,voicemos2024-track2-sys0002-utt0058,4.4
/fs/ess/PAS2301/Data/Speech/MOS_datasets/singmos/DATA/wav/voicemos2024-track2-sys0002-utt0060.wav,sys0002,voicemos2024-track2-sys0002-utt0060,3.6
/fs/ess/PAS2301/Data/Speech/MOS_datasets/singmos/DATA/wav/voicemos2024-track2-sys0002-utt0062.wav,sys0002,voicemos2024-track2-sys0002-utt0062,3.4
/fs/ess/PAS2301/Data/Speech/MOS_datasets/singmos/DATA/wav/voicemos2024-track2-sys0002-utt0063.wav,sys0002,voicemos2024-track2-sys0002-utt0063,4.2
/fs/ess/PAS2301/Data/Speech/MOS_datasets/singmos/DATA/wav/voicemos2024-track2-sys0002-utt0065.wav,sys0002,voicemos2024-track2-sys0002-utt0065,3.2
/fs/ess/PAS2301/Data/Speech/MOS_datasets/singmos/DATA/wav/voicemos2024-track2-sys0002-utt0066.wav,sys0002,voicemos2024-track2-sys0002-utt0066,3.2
/fs/ess/PAS2301/Data/Speech/MOS_datasets/singmos/DATA/wav/voicemos2024-track2-sys0002-utt0067.wav,sys0002,voicemos2024-track2-sys0002-utt0067,4.8
/fs/ess/PAS2301/Data/Speech/MOS_datasets/singmos/DATA/wav/voicemos2024-track2-sys0002-utt0069.wav,sys0002,voicemos2024-track2-sys0002-utt0069,4.8
/fs/ess/PAS2301/Data/Speech/MOS_datasets/singmos/DATA/wav/voicemos2024-track2-sys0002-utt0070.wav,sys0002,voicemos2024-track2-sys0002-utt0070,4.8
/fs/ess/PAS2301/Data/Speech/MOS_datasets/singmos/DATA/wav/voicemos2024-track2-sys0002-utt0071.wav,sys0002,voicemos2024-track2-sys0002-utt0071,4.8
/fs/ess/PAS2301/Data/Speech/MOS_datasets/singmos/DATA/wav/voicemos2024-track2-sys0002-utt0072.wav,sys0002,voicemos2024-track2-sys0002-utt0072,3.2
/fs/ess/PAS2301/Data/Speech/MOS_datasets/singmos/DATA/wav/voicemos2024-track2-sys0002-utt0073.wav,sys0002,voicemos2024-track2-sys0002-utt0073,3.0
/fs/ess/PAS2301/Data/Speech/MOS_datasets/singmos/DATA/wav/voicemos2024-track2-sys0002-utt0074.wav,sys0002,voicemos2024-track2-sys0002-utt0074,3.2
/fs/ess/PAS2301/Data/Speech/MOS_datasets/singmos/DATA/wav/voicemos2024-track2-sys0002-utt0075.wav,sys0002,voicemos2024-track2-sys0002-utt0075,4.6
/fs/ess/PAS2301/Data/Speech/MOS_datasets/singmos/DATA/wav/voicemos2024-track2-sys0002-utt0077.wav,sys0002,voicemos2024-track2-sys0002-utt0077,3.4
/fs/ess/PAS2301/Data/Speech/MOS_datasets/singmos/DATA/wav/voicemos2024-track2-sys0002-utt0078.wav,sys0002,voicemos2024-track2-sys0002-utt0078,2.4
/fs/ess/PAS2301/Data/Speech/MOS_datasets/singmos/DATA/wav/voicemos2024-track2-sys0002-utt0079.wav,sys0002,voicemos2024-track2-sys0002-utt0079,4.4
/fs/ess/PAS2301/Data/Speech/MOS_datasets/singmos/DATA/wav/voicemos2024-track2-sys0002-utt0080.wav,sys0002,voicemos2024-track2-sys0002-utt0080,4.6
/fs/ess/PAS2301/Data/Speech/MOS_datasets/singmos/DATA/wav/voicemos2024-track2-sys0002-utt0082.wav,sys0002,voicemos2024-track2-sys0002-utt0082,4.6
/fs/ess/PAS2301/Data/Speech/MOS_datasets/singmos/DATA/wav/voicemos2024-track2-sys0002-utt0083.wav,sys0002,voicemos2024-track2-sys0002-utt0083,4.4
/fs/ess/PAS2301/Data/Speech/MOS_datasets/singmos/DATA/wav/voicemos2024-track2-sys0002-utt0084.wav,sys0002,voicemos2024-track2-sys0002-utt0084,3.8
/fs/ess/PAS2301/Data/Speech/MOS_datasets/singmos/DATA/wav/voicemos2024-track2-sys0002-utt0085.wav,sys0002,voicemos2024-track2-sys0002-utt0085,4.6
/fs/ess/PAS2301/Data/Speech/MOS_datasets/singmos/DATA/wav/voicemos2024-track2-sys0002-utt0086.wav,sys0002,voicemos2024-track2-sys0002-utt0086,4.6
/fs/ess/PAS2301/Data/Speech/MOS_datasets/singmos/DATA/wav/voicemos2024-track2-sys0002-utt0088.wav,sys0002,voicemos2024-track2-sys0002-utt0088,5.0
/fs/ess/PAS2301/Data/Speech/MOS_datasets/singmos/DATA/wav/voicemos2024-track2-sys0002-utt0091.wav,sys0002,voicemos2024-track2-sys0002-utt0091,4.6
/fs/ess/PAS2301/Data/Speech/MOS_datasets/singmos/DATA/wav/voicemos2024-track2-sys0002-utt0093.wav,sys0002,voicemos2024-track2-sys0002-utt0093,3.6
/fs/ess/PAS2301/Data/Speech/MOS_datasets/singmos/DATA/wav/voicemos2024-track2-sys0002-utt0096.wav,sys0002,voicemos2024-track2-sys0002-utt0096,4.2
/fs/ess/PAS2301/Data/Speech/MOS_datasets/singmos/DATA/wav/voicemos2024-track2-sys0002-utt0097.wav,sys0002,voicemos2024-track2-sys0002-utt0097,3.8
/fs/ess/PAS2301/Data/Speech/MOS_datasets/singmos/DATA/wav/voicemos2024-track2-sys0003-utt0001.wav,sys0003,voicemos2024-track2-sys0003-utt0001,4.0
/fs/ess/PAS2301/Data/Speech/MOS_datasets/singmos/DATA/wav/voicemos2024-track2-sys0003-utt0002.wav,sys0003,voicemos2024-track2-sys0003-utt0002,2.2
/fs/ess/PAS2301/Data/Speech/MOS_datasets/singmos/DATA/wav/voicemos2024-track2-sys0003-utt0003.wav,sys0003,voicemos2024-track2-sys0003-utt0003,3.8
/fs/ess/PAS2301/Data/Speech/MOS_datasets/singmos/DATA/wav/voicemos2024-track2-sys0003-utt0004.wav,sys0003,voicemos2024-track2-sys0003-utt0004,3.2
/fs/ess/PAS2301/Data/Speech/MOS_datasets/singmos/DATA/wav/voicemos2024-track2-sys0003-utt0005.wav,sys0003,voicemos2024-track2-sys0003-utt0005,3.0
/fs/ess/PAS2301/Data/Speech/MOS_datasets/singmos/DATA/wav/voicemos2024-track2-sys0003-utt0006.wav,sys0003,voicemos2024-track2-sys0003-utt0006,3.0
/fs/ess/PAS2301/Data/Speech/MOS_datasets/singmos/DATA/wav/voicemos2024-track2-sys0003-utt0007.wav,sys0003,voicemos2024-track2-sys0003-utt0007,3.0
/fs/ess/PAS2301/Data/Speech/MOS_datasets/singmos/DATA/wav/voicemos2024-track2-sys0003-utt0009.wav,sys0003,voicemos2024-track2-sys0003-utt0009,3.2
/fs/ess/PAS2301/Data/Speech/MOS_datasets/singmos/DATA/wav/voicemos2024-track2-sys0003-utt0010.wav,sys0003,voicemos2024-track2-sys0003-utt0010,2.6
/fs/ess/PAS2301/Data/Speech/MOS_datasets/singmos/DATA/wav/voicemos2024-track2-sys0003-utt0011.wav,sys0003,voicemos2024-track2-sys0003-utt0011,2.4
/fs/ess/PAS2301/Data/Speech/MOS_datasets/singmos/DATA/wav/voicemos2024-track2-sys0003-utt0012.wav,sys0003,voicemos2024-track2-sys0003-utt0012,3.2
/fs/ess/PAS2301/Data/Speech/MOS_datasets/singmos/DATA/wav/voicemos2024-track2-sys0003-utt0013.wav,sys0003,voicemos2024-track2-sys0003-utt0013,3.2
/fs/ess/PAS2301/Data/Speech/MOS_datasets/singmos/DATA/wav/voicemos2024-track2-sys0003-utt0014.wav,sys0003,voicemos2024-track2-sys0003-utt0014,1.4
/fs/ess/PAS2301/Data/Speech/MOS_datasets/singmos/DATA/wav/voicemos2024-track2-sys0003-utt0017.wav,sys0003,voicemos2024-track2-sys0003-utt0017,2.4
/fs/ess/PAS2301/Data/Speech/MOS_datasets/singmos/DATA/wav/voicemos2024-track2-sys0003-utt0018.wav,sys0003,voicemos2024-track2-sys0003-utt0018,3.2
/fs/ess/PAS2301/Data/Speech/MOS_datasets/singmos/DATA/wav/voicemos2024-track2-sys0003-utt0021.wav,sys0003,voicemos2024-track2-sys0003-utt0021,3.2
/fs/ess/PAS2301/Data/Speech/MOS_datasets/singmos/DATA/wav/voicemos2024-track2-sys0003-utt0024.wav,sys0003,voicemos2024-track2-sys0003-utt0024,3.2
/fs/ess/PAS2301/Data/Speech/MOS_datasets/singmos/DATA/wav/voicemos2024-track2-sys0003-utt0025.wav,sys0003,voicemos2024-track2-sys0003-utt0025,2.6
/fs/ess/PAS2301/Data/Speech/MOS_datasets/singmos/DATA/wav/voicemos2024-track2-sys0003-utt0027.wav,sys0003,voicemos2024-track2-sys0003-utt0027,4.2
/fs/ess/PAS2301/Data/Speech/MOS_datasets/singmos/DATA/wav/voicemos2024-track2-sys0003-utt0031.wav,sys0003,voicemos2024-track2-sys0003-utt0031,2.0
/fs/ess/PAS2301/Data/Speech/MOS_datasets/singmos/DATA/wav/voicemos2024-track2-sys0003-utt0032.wav,sys0003,voicemos2024-track2-sys0003-utt0032,2.6
/fs/ess/PAS2301/Data/Speech/MOS_datasets/singmos/DATA/wav/voicemos2024-track2-sys0003-utt0033.wav,sys0003,voicemos2024-track2-sys0003-utt0033,3.2
/fs/ess/PAS2301/Data/Speech/MOS_datasets/singmos/DATA/wav/voicemos2024-track2-sys0003-utt0034.wav,sys0003,voicemos2024-track2-sys0003-utt0034,3.6
/fs/ess/PAS2301/Data/Speech/MOS_datasets/singmos/DATA/wav/voicemos2024-track2-sys0003-utt0035.wav,sys0003,voicemos2024-track2-sys0003-utt0035,3.2
/fs/ess/PAS2301/Data/Speech/MOS_datasets/singmos/DATA/wav/voicemos2024-track2-sys0003-utt0036.wav,sys0003,voicemos2024-track2-sys0003-utt0036,3.0
/fs/ess/PAS2301/Data/Speech/MOS_datasets/singmos/DATA/wav/voicemos2024-track2-sys0003-utt0037.wav,sys0003,voicemos2024-track2-sys0003-utt0037,2.8
/fs/ess/PAS2301/Data/Speech/MOS_datasets/singmos/DATA/wav/voicemos2024-track2-sys0003-utt0038.wav,sys0003,voicemos2024-track2-sys0003-utt0038,3.0
/fs/ess/PAS2301/Data/Speech/MOS_datasets/singmos/DATA/wav/voicemos2024-track2-sys0003-utt0039.wav,sys0003,voicemos2024-track2-sys0003-utt0039,2.4
/fs/ess/PAS2301/Data/Speech/MOS_datasets/singmos/DATA/wav/voicemos2024-track2-sys0003-utt0040.wav,sys0003,voicemos2024-track2-sys0003-utt0040,3.8
/fs/ess/PAS2301/Data/Speech/MOS_datasets/singmos/DATA/wav/voicemos2024-track2-sys0003-utt0041.wav,sys0003,voicemos2024-track2-sys0003-utt0041,2.2
/fs/ess/PAS2301/Data/Speech/MOS_datasets/singmos/DATA/wav/voicemos2024-track2-sys0003-utt0042.wav,sys0003,voicemos2024-track2-sys0003-utt0042,2.0
/fs/ess/PAS2301/Data/Speech/MOS_datasets/singmos/DATA/wav/voicemos2024-track2-sys0003-utt0044.wav,sys0003,voicemos2024-track2-sys0003-utt0044,2.2
/fs/ess/PAS2301/Data/Speech/MOS_datasets/singmos/DATA/wav/voicemos2024-track2-sys0003-utt0047.wav,sys0003,voicemos2024-track2-sys0003-utt0047,4.0
/fs/ess/PAS2301/Data/Speech/MOS_datasets/singmos/DATA/wav/voicemos2024-track2-sys0003-utt0049.wav,sys0003,voicemos2024-track2-sys0003-utt0049,2.2
/fs/ess/PAS2301/Data/Speech/MOS_datasets/singmos/DATA/wav/voicemos2024-track2-sys0003-utt0051.wav,sys0003,voicemos2024-track2-sys0003-utt0051,2.2
/fs/ess/PAS2301/Data/Speech/MOS_datasets/singmos/DATA/wav/voicemos2024-track2-sys0003-utt0053.wav,sys0003,voicemos2024-track2-sys0003-utt0053,5.0
/fs/ess/PAS2301/Data/Speech/MOS_datasets/singmos/DATA/wav/voicemos2024-track2-sys0003-utt0054.wav,sys0003,voicemos2024-track2-sys0003-utt0054,4.0
/fs/ess/PAS2301/Data/Speech/MOS_datasets/singmos/DATA/wav/voicemos2024-track2-sys0003-utt0056.wav,sys0003,voicemos2024-track2-sys0003-utt0056,3.2
/fs/ess/PAS2301/Data/Speech/MOS_datasets/singmos/DATA/wav/voicemos2024-track2-sys0003-utt0058.wav,sys0003,voicemos2024-track2-sys0003-utt0058,4.0
/fs/ess/PAS2301/Data/Speech/MOS_datasets/singmos/DATA/wav/voicemos2024-track2-sys0003-utt0060.wav,sys0003,voicemos2024-track2-sys0003-utt0060,4.0
/fs/ess/PAS2301/Data/Speech/MOS_datasets/singmos/DATA/wav/voicemos2024-track2-sys0003-utt0061.wav,sys0003,voicemos2024-track2-sys0003-utt0061,3.0
/fs/ess/PAS2301/Data/Speech/MOS_datasets/singmos/DATA/wav/voicemos2024-track2-sys0003-utt0062.wav,sys0003,voicemos2024-track2-sys0003-utt0062,3.0
/fs/ess/PAS2301/Data/Speech/MOS_datasets/singmos/DATA/wav/voicemos2024-track2-sys0003-utt0064.wav,sys0003,voicemos2024-track2-sys0003-utt0064,4.0
/fs/ess/PAS2301/Data/Speech/MOS_datasets/singmos/DATA/wav/voicemos2024-track2-sys0003-utt0065.wav,sys0003,voicemos2024-track2-sys0003-utt0065,3.0
/fs/ess/PAS2301/Data/Speech/MOS_datasets/singmos/DATA/wav/voicemos2024-track2-sys0003-utt0066.wav,sys0003,voicemos2024-track2-sys0003-utt0066,4.0
/fs/ess/PAS2301/Data/Speech/MOS_datasets/singmos/DATA/wav/voicemos2024-track2-sys0003-utt0067.wav,sys0003,voicemos2024-track2-sys0003-utt0067,4.0
/fs/ess/PAS2301/Data/Speech/MOS_datasets/singmos/DATA/wav/voicemos2024-track2-sys0003-utt0068.wav,sys0003,voicemos2024-track2-sys0003-utt0068,3.0
/fs/ess/PAS2301/Data/Speech/MOS_datasets/singmos/DATA/wav/voicemos2024-track2-sys0003-utt0069.wav,sys0003,voicemos2024-track2-sys0003-utt0069,3.4
/fs/ess/PAS2301/Data/Speech/MOS_datasets/singmos/DATA/wav/voicemos2024-track2-sys0003-utt0071.wav,sys0003,voicemos2024-track2-sys0003-utt0071,2.6
/fs/ess/PAS2301/Data/Speech/MOS_datasets/singmos/DATA/wav/voicemos2024-track2-sys0003-utt0072.wav,sys0003,voicemos2024-track2-sys0003-utt0072,3.0
/fs/ess/PAS2301/Data/Speech/MOS_datasets/singmos/DATA/wav/voicemos2024-track2-sys0003-utt0073.wav,sys0003,voicemos2024-track2-sys0003-utt0073,3.0
/fs/ess/PAS2301/Data/Speech/MOS_datasets/singmos/DATA/wav/voicemos2024-track2-sys0003-utt0074.wav,sys0003,voicemos2024-track2-sys0003-utt0074,3.0
/fs/ess/PAS2301/Data/Speech/MOS_datasets/singmos/DATA/wav/voicemos2024-track2-sys0003-utt0075.wav,sys0003,voicemos2024-track2-sys0003-utt0075,3.0
/fs/ess/PAS2301/Data/Speech/MOS_datasets/singmos/DATA/wav/voicemos2024-track2-sys0003-utt0076.wav,sys0003,voicemos2024-track2-sys0003-utt0076,4.0
/fs/ess/PAS2301/Data/Speech/MOS_datasets/singmos/DATA/wav/voicemos2024-track2-sys0003-utt0077.wav,sys0003,voicemos2024-track2-sys0003-utt0077,3.0
/fs/ess/PAS2301/Data/Speech/MOS_datasets/singmos/DATA/wav/voicemos2024-track2-sys0003-utt0078.wav,sys0003,voicemos2024-track2-sys0003-utt0078,1.4
/fs/ess/PAS2301/Data/Speech/MOS_datasets/singmos/DATA/wav/voicemos2024-track2-sys0003-utt0079.wav,sys0003,voicemos2024-track2-sys0003-utt0079,3.0
/fs/ess/PAS2301/Data/Speech/MOS_datasets/singmos/DATA/wav/voicemos2024-track2-sys0003-utt0080.wav,sys0003,voicemos2024-track2-sys0003-utt0080,3.4
/fs/ess/PAS2301/Data/Speech/MOS_datasets/singmos/DATA/wav/voicemos2024-track2-sys0003-utt0082.wav,sys0003,voicemos2024-track2-sys0003-utt0082,4.0
/fs/ess/PAS2301/Data/Speech/MOS_datasets/singmos/DATA/wav/voicemos2024-track2-sys0003-utt0083.wav,sys0003,voicemos2024-track2-sys0003-utt0083,3.0
/fs/ess/PAS2301/Data/Speech/MOS_datasets/singmos/DATA/wav/voicemos2024-track2-sys0003-utt0086.wav,sys0003,voicemos2024-track2-sys0003-utt0086,4.0
/fs/ess/PAS2301/Data/Speech/MOS_datasets/singmos/DATA/wav/voicemos2024-track2-sys0003-utt0087.wav,sys0003,voicemos2024-track2-sys0003-utt0087,4.0
/fs/ess/PAS2301/Data/Speech/MOS_datasets/singmos/DATA/wav/voicemos2024-track2-sys0003-utt0088.wav,sys0003,voicemos2024-track2-sys0003-utt0088,3.0
/fs/ess/PAS2301/Data/Speech/MOS_datasets/singmos/DATA/wav/voicemos2024-track2-sys0003-utt0089.wav,sys0003,voicemos2024-track2-sys0003-utt0089,3.0
/fs/ess/PAS2301/Data/Speech/MOS_datasets/singmos/DATA/wav/voicemos2024-track2-sys0003-utt0090.wav,sys0003,voicemos2024-track2-sys0003-utt0090,4.0
/fs/ess/PAS2301/Data/Speech/MOS_datasets/singmos/DATA/wav/voicemos2024-track2-sys0003-utt0091.wav,sys0003,voicemos2024-track2-sys0003-utt0091,3.0
/fs/ess/PAS2301/Data/Speech/MOS_datasets/singmos/DATA/wav/voicemos2024-track2-sys0003-utt0092.wav,sys0003,voicemos2024-track2-sys0003-utt0092,2.6
/fs/ess/PAS2301/Data/Speech/MOS_datasets/singmos/DATA/wav/voicemos2024-track2-sys0003-utt0093.wav,sys0003,voicemos2024-track2-sys0003-utt0093,4.0
/fs/ess/PAS2301/Data/Speech/MOS_datasets/singmos/DATA/wav/voicemos2024-track2-sys0003-utt0097.wav,sys0003,voicemos2024-track2-sys0003-utt0097,2.2
/fs/ess/PAS2301/Data/Speech/MOS_datasets/singmos/DATA/wav/voicemos2024-track2-sys0003-utt0098.wav,sys0003,voicemos2024-track2-sys0003-utt0098,3.8
/fs/ess/PAS2301/Data/Speech/MOS_datasets/singmos/DATA/wav/voicemos2024-track2-sys0004-utt0001.wav,sys0004,voicemos2024-track2-sys0004-utt0001,4.8
/fs/ess/PAS2301/Data/Speech/MOS_datasets/singmos/DATA/wav/voicemos2024-track2-sys0004-utt0002.wav,sys0004,voicemos2024-track2-sys0004-utt0002,5.0
/fs/ess/PAS2301/Data/Speech/MOS_datasets/singmos/DATA/wav/voicemos2024-track2-sys0004-utt0003.wav,sys0004,voicemos2024-track2-sys0004-utt0003,4.2
/fs/ess/PAS2301/Data/Speech/MOS_datasets/singmos/DATA/wav/voicemos2024-track2-sys0004-utt0005.wav,sys0004,voicemos2024-track2-sys0004-utt0005,4.2
/fs/ess/PAS2301/Data/Speech/MOS_datasets/singmos/DATA/wav/voicemos2024-track2-sys0004-utt0006.wav,sys0004,voicemos2024-track2-sys0004-utt0006,4.2
/fs/ess/PAS2301/Data/Speech/MOS_datasets/singmos/DATA/wav/voicemos2024-track2-sys0004-utt0007.wav,sys0004,voicemos2024-track2-sys0004-utt0007,5.0
/fs/ess/PAS2301/Data/Speech/MOS_datasets/singmos/DATA/wav/voicemos2024-track2-sys0004-utt0008.wav,sys0004,voicemos2024-track2-sys0004-utt0008,4.2
/fs/ess/PAS2301/Data/Speech/MOS_datasets/singmos/DATA/wav/voicemos2024-track2-sys0004-utt0009.wav,sys0004,voicemos2024-track2-sys0004-utt0009,3.6
/fs/ess/PAS2301/Data/Speech/MOS_datasets/singmos/DATA/wav/voicemos2024-track2-sys0004-utt0011.wav,sys0004,voicemos2024-track2-sys0004-utt0011,4.2
/fs/ess/PAS2301/Data/Speech/MOS_datasets/singmos/DATA/wav/voicemos2024-track2-sys0004-utt0014.wav,sys0004,voicemos2024-track2-sys0004-utt0014,4.2
/fs/ess/PAS2301/Data/Speech/MOS_datasets/singmos/DATA/wav/voicemos2024-track2-sys0004-utt0015.wav,sys0004,voicemos2024-track2-sys0004-utt0015,4.2
/fs/ess/PAS2301/Data/Speech/MOS_datasets/singmos/DATA/wav/voicemos2024-track2-sys0004-utt0016.wav,sys0004,voicemos2024-track2-sys0004-utt0016,4.6
/fs/ess/PAS2301/Data/Speech/MOS_datasets/singmos/DATA/wav/voicemos2024-track2-sys0004-utt0018.wav,sys0004,voicemos2024-track2-sys0004-utt0018,4.0
/fs/ess/PAS2301/Data/Speech/MOS_datasets/singmos/DATA/wav/voicemos2024-track2-sys0004-utt0022.wav,sys0004,voicemos2024-track2-sys0004-utt0022,4.2
/fs/ess/PAS2301/Data/Speech/MOS_datasets/singmos/DATA/wav/voicemos2024-track2-sys0004-utt0023.wav,sys0004,voicemos2024-track2-sys0004-utt0023,4.0
/fs/ess/PAS2301/Data/Speech/MOS_datasets/singmos/DATA/wav/voicemos2024-track2-sys0004-utt0024.wav,sys0004,voicemos2024-track2-sys0004-utt0024,5.0
/fs/ess/PAS2301/Data/Speech/MOS_datasets/singmos/DATA/wav/voicemos2024-track2-sys0004-utt0025.wav,sys0004,voicemos2024-track2-sys0004-utt0025,4.2
/fs/ess/PAS2301/Data/Speech/MOS_datasets/singmos/DATA/wav/voicemos2024-track2-sys0004-utt0026.wav,sys0004,voicemos2024-track2-sys0004-utt0026,4.2
/fs/ess/PAS2301/Data/Speech/MOS_datasets/singmos/DATA/wav/voicemos2024-track2-sys0004-utt0027.wav,sys0004,voicemos2024-track2-sys0004-utt0027,5.0
/fs/ess/PAS2301/Data/Speech/MOS_datasets/singmos/DATA/wav/voicemos2024-track2-sys0004-utt0028.wav,sys0004,voicemos2024-track2-sys0004-utt0028,4.2
/fs/ess/PAS2301/Data/Speech/MOS_datasets/singmos/DATA/wav/voicemos2024-track2-sys0004-utt0029.wav,sys0004,voicemos2024-track2-sys0004-utt0029,4.2
/fs/ess/PAS2301/Data/Speech/MOS_datasets/singmos/DATA/wav/voicemos2024-track2-sys0004-utt0030.wav,sys0004,voicemos2024-track2-sys0004-utt0030,3.4
/fs/ess/PAS2301/Data/Speech/MOS_datasets/singmos/DATA/wav/voicemos2024-track2-sys0004-utt0031.wav,sys0004,voicemos2024-track2-sys0004-utt0031,4.2
/fs/ess/PAS2301/Data/Speech/MOS_datasets/singmos/DATA/wav/voicemos2024-track2-sys0004-utt0032.wav,sys0004,voicemos2024-track2-sys0004-utt0032,4.2
/fs/ess/PAS2301/Data/Speech/MOS_datasets/singmos/DATA/wav/voicemos2024-track2-sys0004-utt0034.wav,sys0004,voicemos2024-track2-sys0004-utt0034,4.4
/fs/ess/PAS2301/Data/Speech/MOS_datasets/singmos/DATA/wav/voicemos2024-track2-sys0004-utt0036.wav,sys0004,voicemos2024-track2-sys0004-utt0036,4.2
/fs/ess/PAS2301/Data/Speech/MOS_datasets/singmos/DATA/wav/voicemos2024-track2-sys0004-utt0038.wav,sys0004,voicemos2024-track2-sys0004-utt0038,5.0
/fs/ess/PAS2301/Data/Speech/MOS_datasets/singmos/DATA/wav/voicemos2024-track2-sys0004-utt0040.wav,sys0004,voicemos2024-track2-sys0004-utt0040,4.2
/fs/ess/PAS2301/Data/Speech/MOS_datasets/singmos/DATA/wav/voicemos2024-track2-sys0004-utt0041.wav,sys0004,voicemos2024-track2-sys0004-utt0041,4.2
/fs/ess/PAS2301/Data/Speech/MOS_datasets/singmos/DATA/wav/voicemos2024-track2-sys0004-utt0043.wav,sys0004,voicemos2024-track2-sys0004-utt0043,4.2
/fs/ess/PAS2301/Data/Speech/MOS_datasets/singmos/DATA/wav/voicemos2024-track2-sys0004-utt0044.wav,sys0004,voicemos2024-track2-sys0004-utt0044,4.2
/fs/ess/PAS2301/Data/Speech/MOS_datasets/singmos/DATA/wav/voicemos2024-track2-sys0004-utt0047.wav,sys0004,voicemos2024-track2-sys0004-utt0047,3.4
/fs/ess/PAS2301/Data/Speech/MOS_datasets/singmos/DATA/wav/voicemos2024-track2-sys0004-utt0049.wav,sys0004,voicemos2024-track2-sys0004-utt0049,4.8
/fs/ess/PAS2301/Data/Speech/MOS_datasets/singmos/DATA/wav/voicemos2024-track2-sys0004-utt0050.wav,sys0004,voicemos2024-track2-sys0004-utt0050,4.4
/fs/ess/PAS2301/Data/Speech/MOS_datasets/singmos/DATA/wav/voicemos2024-track2-sys0004-utt0051.wav,sys0004,voicemos2024-track2-sys0004-utt0051,3.0
/fs/ess/PAS2301/Data/Speech/MOS_datasets/singmos/DATA/wav/voicemos2024-track2-sys0004-utt0052.wav,sys0004,voicemos2024-track2-sys0004-utt0052,3.0
/fs/ess/PAS2301/Data/Speech/MOS_datasets/singmos/DATA/wav/voicemos2024-track2-sys0004-utt0053.wav,sys0004,voicemos2024-track2-sys0004-utt0053,3.0
/fs/ess/PAS2301/Data/Speech/MOS_datasets/singmos/DATA/wav/voicemos2024-track2-sys0004-utt0054.wav,sys0004,voicemos2024-track2-sys0004-utt0054,4.2
/fs/ess/PAS2301/Data/Speech/MOS_datasets/singmos/DATA/wav/voicemos2024-track2-sys0004-utt0055.wav,sys0004,voicemos2024-track2-sys0004-utt0055,5.0
/fs/ess/PAS2301/Data/Speech/MOS_datasets/singmos/DATA/wav/voicemos2024-track2-sys0004-utt0056.wav,sys0004,voicemos2024-track2-sys0004-utt0056,2.0
/fs/ess/PAS2301/Data/Speech/MOS_datasets/singmos/DATA/wav/voicemos2024-track2-sys0004-utt0057.wav,sys0004,voicemos2024-track2-sys0004-utt0057,5.0
/fs/ess/PAS2301/Data/Speech/MOS_datasets/singmos/DATA/wav/voicemos2024-track2-sys0004-utt0058.wav,sys0004,voicemos2024-track2-sys0004-utt0058,3.0
/fs/ess/PAS2301/Data/Speech/MOS_datasets/singmos/DATA/wav/voicemos2024-track2-sys0004-utt0060.wav,sys0004,voicemos2024-track2-sys0004-utt0060,4.8
/fs/ess/PAS2301/Data/Speech/MOS_datasets/singmos/DATA/wav/voicemos2024-track2-sys0004-utt0062.wav,sys0004,voicemos2024-track2-sys0004-utt0062,4.8
/fs/ess/PAS2301/Data/Speech/MOS_datasets/singmos/DATA/wav/voicemos2024-track2-sys0004-utt0063.wav,sys0004,voicemos2024-track2-sys0004-utt0063,2.4
/fs/ess/PAS2301/Data/Speech/MOS_datasets/singmos/DATA/wav/voicemos2024-track2-sys0004-utt0065.wav,sys0004,voicemos2024-track2-sys0004-utt0065,3.8
/fs/ess/PAS2301/Data/Speech/MOS_datasets/singmos/DATA/wav/voicemos2024-track2-sys0004-utt0069.wav,sys0004,voicemos2024-track2-sys0004-utt0069,3.2
/fs/ess/PAS2301/Data/Speech/MOS_datasets/singmos/DATA/wav/voicemos2024-track2-sys0004-utt0070.wav,sys0004,voicemos2024-track2-sys0004-utt0070,3.2
/fs/ess/PAS2301/Data/Speech/MOS_datasets/singmos/DATA/wav/voicemos2024-track2-sys0004-utt0071.wav,sys0004,voicemos2024-track2-sys0004-utt0071,4.6
/fs/ess/PAS2301/Data/Speech/MOS_datasets/singmos/DATA/wav/voicemos2024-track2-sys0004-utt0072.wav,sys0004,voicemos2024-track2-sys0004-utt0072,5.0
/fs/ess/PAS2301/Data/Speech/MOS_datasets/singmos/DATA/wav/voicemos2024-track2-sys0004-utt0073.wav,sys0004,voicemos2024-track2-sys0004-utt0073,4.4
/fs/ess/PAS2301/Data/Speech/MOS_datasets/singmos/DATA/wav/voicemos2024-track2-sys0004-utt0075.wav,sys0004,voicemos2024-track2-sys0004-utt0075,4.4
/fs/ess/PAS2301/Data/Speech/MOS_datasets/singmos/DATA/wav/voicemos2024-track2-sys0004-utt0076.wav,sys0004,voicemos2024-track2-sys0004-utt0076,3.2
/fs/ess/PAS2301/Data/Speech/MOS_datasets/singmos/DATA/wav/voicemos2024-track2-sys0004-utt0080.wav,sys0004,voicemos2024-track2-sys0004-utt0080,4.0
/fs/ess/PAS2301/Data/Speech/MOS_datasets/singmos/DATA/wav/voicemos2024-track2-sys0004-utt0082.wav,sys0004,voicemos2024-track2-sys0004-utt0082,4.6
/fs/ess/PAS2301/Data/Speech/MOS_datasets/singmos/DATA/wav/voicemos2024-track2-sys0004-utt0083.wav,sys0004,voicemos2024-track2-sys0004-utt0083,4.0
/fs/ess/PAS2301/Data/Speech/MOS_datasets/singmos/DATA/wav/voicemos2024-track2-sys0004-utt0084.wav,sys0004,voicemos2024-track2-sys0004-utt0084,4.6
/fs/ess/PAS2301/Data/Speech/MOS_datasets/singmos/DATA/wav/voicemos2024-track2-sys0004-utt0086.wav,sys0004,voicemos2024-track2-sys0004-utt0086,4.6
/fs/ess/PAS2301/Data/Speech/MOS_datasets/singmos/DATA/wav/voicemos2024-track2-sys0004-utt0088.wav,sys0004,voicemos2024-track2-sys0004-utt0088,4.4
/fs/ess/PAS2301/Data/Speech/MOS_datasets/singmos/DATA/wav/voicemos2024-track2-sys0004-utt0090.wav,sys0004,voicemos2024-track2-sys0004-utt0090,4.4
/fs/ess/PAS2301/Data/Speech/MOS_datasets/singmos/DATA/wav/voicemos2024-track2-sys0004-utt0091.wav,sys0004,voicemos2024-track2-sys0004-utt0091,5.0
/fs/ess/PAS2301/Data/Speech/MOS_datasets/singmos/DATA/wav/voicemos2024-track2-sys0004-utt0093.wav,sys0004,voicemos2024-track2-sys0004-utt0093,4.6
/fs/ess/PAS2301/Data/Speech/MOS_datasets/singmos/DATA/wav/voicemos2024-track2-sys0004-utt0095.wav,sys0004,voicemos2024-track2-sys0004-utt0095,4.4
/fs/ess/PAS2301/Data/Speech/MOS_datasets/singmos/DATA/wav/voicemos2024-track2-sys0004-utt0097.wav,sys0004,voicemos2024-track2-sys0004-utt0097,4.4
/fs/ess/PAS2301/Data/Speech/MOS_datasets/singmos/DATA/wav/voicemos2024-track2-sys0004-utt0098.wav,sys0004,voicemos2024-track2-sys0004-utt0098,4.2
/fs/ess/PAS2301/Data/Speech/MOS_datasets/singmos/DATA/wav/voicemos2024-track2-sys0005-utt0001.wav,sys0005,voicemos2024-track2-sys0005-utt0001,2.6
/fs/ess/PAS2301/Data/Speech/MOS_datasets/singmos/DATA/wav/voicemos2024-track2-sys0005-utt0003.wav,sys0005,voicemos2024-track2-sys0005-utt0003,2.2
/fs/ess/PAS2301/Data/Speech/MOS_datasets/singmos/DATA/wav/voicemos2024-track2-sys0005-utt0006.wav,sys0005,voicemos2024-track2-sys0005-utt0006,3.0
/fs/ess/PAS2301/Data/Speech/MOS_datasets/singmos/DATA/wav/voicemos2024-track2-sys0005-utt0008.wav,sys0005,voicemos2024-track2-sys0005-utt0008,2.0
/fs/ess/PAS2301/Data/Speech/MOS_datasets/singmos/DATA/wav/voicemos2024-track2-sys0005-utt0009.wav,sys0005,voicemos2024-track2-sys0005-utt0009,3.6
/fs/ess/PAS2301/Data/Speech/MOS_datasets/singmos/DATA/wav/voicemos2024-track2-sys0005-utt0010.wav,sys0005,voicemos2024-track2-sys0005-utt0010,3.6
/fs/ess/PAS2301/Data/Speech/MOS_datasets/singmos/DATA/wav/voicemos2024-track2-sys0005-utt0013.wav,sys0005,voicemos2024-track2-sys0005-utt0013,4.0
/fs/ess/PAS2301/Data/Speech/MOS_datasets/singmos/DATA/wav/voicemos2024-track2-sys0005-utt0014.wav,sys0005,voicemos2024-track2-sys0005-utt0014,3.0
/fs/ess/PAS2301/Data/Speech/MOS_datasets/singmos/DATA/wav/voicemos2024-track2-sys0005-utt0015.wav,sys0005,voicemos2024-track2-sys0005-utt0015,3.6
/fs/ess/PAS2301/Data/Speech/MOS_datasets/singmos/DATA/wav/voicemos2024-track2-sys0005-utt0018.wav,sys0005,voicemos2024-track2-sys0005-utt0018,4.0
/fs/ess/PAS2301/Data/Speech/MOS_datasets/singmos/DATA/wav/voicemos2024-track2-sys0005-utt0020.wav,sys0005,voicemos2024-track2-sys0005-utt0020,2.2
/fs/ess/PAS2301/Data/Speech/MOS_datasets/singmos/DATA/wav/voicemos2024-track2-sys0005-utt0021.wav,sys0005,voicemos2024-track2-sys0005-utt0021,3.6
/fs/ess/PAS2301/Data/Speech/MOS_datasets/singmos/DATA/wav/voicemos2024-track2-sys0005-utt0022.wav,sys0005,voicemos2024-track2-sys0005-utt0022,2.2
/fs/ess/PAS2301/Data/Speech/MOS_datasets/singmos/DATA/wav/voicemos2024-track2-sys0005-utt0023.wav,sys0005,voicemos2024-track2-sys0005-utt0023,3.2
/fs/ess/PAS2301/Data/Speech/MOS_datasets/singmos/DATA/wav/voicemos2024-track2-sys0005-utt0024.wav,sys0005,voicemos2024-track2-sys0005-utt0024,1.4
/fs/ess/PAS2301/Data/Speech/MOS_datasets/singmos/DATA/wav/voicemos2024-track2-sys0005-utt0025.wav,sys0005,voicemos2024-track2-sys0005-utt0025,3.8
/fs/ess/PAS2301/Data/Speech/MOS_datasets/singmos/DATA/wav/voicemos2024-track2-sys0005-utt0027.wav,sys0005,voicemos2024-track2-sys0005-utt0027,4.0
/fs/ess/PAS2301/Data/Speech/MOS_datasets/singmos/DATA/wav/voicemos2024-track2-sys0005-utt0029.wav,sys0005,voicemos2024-track2-sys0005-utt0029,3.4
/fs/ess/PAS2301/Data/Speech/MOS_datasets/singmos/DATA/wav/voicemos2024-track2-sys0005-utt0030.wav,sys0005,voicemos2024-track2-sys0005-utt0030,3.0
/fs/ess/PAS2301/Data/Speech/MOS_datasets/singmos/DATA/wav/voicemos2024-track2-sys0005-utt0031.wav,sys0005,voicemos2024-track2-sys0005-utt0031,1.4
/fs/ess/PAS2301/Data/Speech/MOS_datasets/singmos/DATA/wav/voicemos2024-track2-sys0005-utt0033.wav,sys0005,voicemos2024-track2-sys0005-utt0033,4.0
/fs/ess/PAS2301/Data/Speech/MOS_datasets/singmos/DATA/wav/voicemos2024-track2-sys0005-utt0034.wav,sys0005,voicemos2024-track2-sys0005-utt0034,1.0
/fs/ess/PAS2301/Data/Speech/MOS_datasets/singmos/DATA/wav/voicemos2024-track2-sys0005-utt0037.wav,sys0005,voicemos2024-track2-sys0005-utt0037,4.2
/fs/ess/PAS2301/Data/Speech/MOS_datasets/singmos/DATA/wav/voicemos2024-track2-sys0005-utt0038.wav,sys0005,voicemos2024-track2-sys0005-utt0038,1.2
/fs/ess/PAS2301/Data/Speech/MOS_datasets/singmos/DATA/wav/voicemos2024-track2-sys0005-utt0039.wav,sys0005,voicemos2024-track2-sys0005-utt0039,1.2
/fs/ess/PAS2301/Data/Speech/MOS_datasets/singmos/DATA/wav/voicemos2024-track2-sys0005-utt0040.wav,sys0005,voicemos2024-track2-sys0005-utt0040,4.2
/fs/ess/PAS2301/Data/Speech/MOS_datasets/singmos/DATA/wav/voicemos2024-track2-sys0005-utt0041.wav,sys0005,voicemos2024-track2-sys0005-utt0041,3.6
/fs/ess/PAS2301/Data/Speech/MOS_datasets/singmos/DATA/wav/voicemos2024-track2-sys0005-utt0042.wav,sys0005,voicemos2024-track2-sys0005-utt0042,5.0
/fs/ess/PAS2301/Data/Speech/MOS_datasets/singmos/DATA/wav/voicemos2024-track2-sys0005-utt0043.wav,sys0005,voicemos2024-track2-sys0005-utt0043,3.0
/fs/ess/PAS2301/Data/Speech/MOS_datasets/singmos/DATA/wav/voicemos2024-track2-sys0005-utt0044.wav,sys0005,voicemos2024-track2-sys0005-utt0044,3.0
/fs/ess/PAS2301/Data/Speech/MOS_datasets/singmos/DATA/wav/voicemos2024-track2-sys0005-utt0045.wav,sys0005,voicemos2024-track2-sys0005-utt0045,3.6
/fs/ess/PAS2301/Data/Speech/MOS_datasets/singmos/DATA/wav/voicemos2024-track2-sys0005-utt0047.wav,sys0005,voicemos2024-track2-sys0005-utt0047,3.0
/fs/ess/PAS2301/Data/Speech/MOS_datasets/singmos/DATA/wav/voicemos2024-track2-sys0005-utt0048.wav,sys0005,voicemos2024-track2-sys0005-utt0048,3.0
/fs/ess/PAS2301/Data/Speech/MOS_datasets/singmos/DATA/wav/voicemos2024-track2-sys0005-utt0049.wav,sys0005,voicemos2024-track2-sys0005-utt0049,3.0
/fs/ess/PAS2301/Data/Speech/MOS_datasets/singmos/DATA/wav/voicemos2024-track2-sys0005-utt0050.wav,sys0005,voicemos2024-track2-sys0005-utt0050,3.4
/fs/ess/PAS2301/Data/Speech/MOS_datasets/singmos/DATA/wav/voicemos2024-track2-sys0005-utt0051.wav,sys0005,voicemos2024-track2-sys0005-utt0051,3.0
/fs/ess/PAS2301/Data/Speech/MOS_datasets/singmos/DATA/wav/voicemos2024-track2-sys0005-utt0052.wav,sys0005,voicemos2024-track2-sys0005-utt0052,4.2
/fs/ess/PAS2301/Data/Speech/MOS_datasets/singmos/DATA/wav/voicemos2024-track2-sys0005-utt0054.wav,sys0005,voicemos2024-track2-sys0005-utt0054,3.4
/fs/ess/PAS2301/Data/Speech/MOS_datasets/singmos/DATA/wav/voicemos2024-track2-sys0005-utt0055.wav,sys0005,voicemos2024-track2-sys0005-utt0055,3.4
/fs/ess/PAS2301/Data/Speech/MOS_datasets/singmos/DATA/wav/voicemos2024-track2-sys0005-utt0056.wav,sys0005,voicemos2024-track2-sys0005-utt0056,3.6
/fs/ess/PAS2301/Data/Speech/MOS_datasets/singmos/DATA/wav/voicemos2024-track2-sys0005-utt0059.wav,sys0005,voicemos2024-track2-sys0005-utt0059,1.6
/fs/ess/PAS2301/Data/Speech/MOS_datasets/singmos/DATA/wav/voicemos2024-track2-sys0005-utt0060.wav,sys0005,voicemos2024-track2-sys0005-utt0060,3.2
/fs/ess/PAS2301/Data/Speech/MOS_datasets/singmos/DATA/wav/voicemos2024-track2-sys0005-utt0061.wav,sys0005,voicemos2024-track2-sys0005-utt0061,1.4
/fs/ess/PAS2301/Data/Speech/MOS_datasets/singmos/DATA/wav/voicemos2024-track2-sys0005-utt0062.wav,sys0005,voicemos2024-track2-sys0005-utt0062,3.2
/fs/ess/PAS2301/Data/Speech/MOS_datasets/singmos/DATA/wav/voicemos2024-track2-sys0005-utt0066.wav,sys0005,voicemos2024-track2-sys0005-utt0066,3.4
/fs/ess/PAS2301/Data/Speech/MOS_datasets/singmos/DATA/wav/voicemos2024-track2-sys0005-utt0069.wav,sys0005,voicemos2024-track2-sys0005-utt0069,3.2
/fs/ess/PAS2301/Data/Speech/MOS_datasets/singmos/DATA/wav/voicemos2024-track2-sys0005-utt0070.wav,sys0005,voicemos2024-track2-sys0005-utt0070,2.6
/fs/ess/PAS2301/Data/Speech/MOS_datasets/singmos/DATA/wav/voicemos2024-track2-sys0005-utt0071.wav,sys0005,voicemos2024-track2-sys0005-utt0071,1.6
/fs/ess/PAS2301/Data/Speech/MOS_datasets/singmos/DATA/wav/voicemos2024-track2-sys0005-utt0073.wav,sys0005,voicemos2024-track2-sys0005-utt0073,2.6
/fs/ess/PAS2301/Data/Speech/MOS_datasets/singmos/DATA/wav/voicemos2024-track2-sys0005-utt0075.wav,sys0005,voicemos2024-track2-sys0005-utt0075,2.6
/fs/ess/PAS2301/Data/Speech/MOS_datasets/singmos/DATA/wav/voicemos2024-track2-sys0005-utt0076.wav,sys0005,voicemos2024-track2-sys0005-utt0076,3.4
/fs/ess/PAS2301/Data/Speech/MOS_datasets/singmos/DATA/wav/voicemos2024-track2-sys0005-utt0078.wav,sys0005,voicemos2024-track2-sys0005-utt0078,3.6
/fs/ess/PAS2301/Data/Speech/MOS_datasets/singmos/DATA/wav/voicemos2024-track2-sys0005-utt0079.wav,sys0005,voicemos2024-track2-sys0005-utt0079,4.6
/fs/ess/PAS2301/Data/Speech/MOS_datasets/singmos/DATA/wav/voicemos2024-track2-sys0005-utt0082.wav,sys0005,voicemos2024-track2-sys0005-utt0082,4.4
/fs/ess/PAS2301/Data/Speech/MOS_datasets/singmos/DATA/wav/voicemos2024-track2-sys0005-utt0083.wav,sys0005,voicemos2024-track2-sys0005-utt0083,3.2
/fs/ess/PAS2301/Data/Speech/MOS_datasets/singmos/DATA/wav/voicemos2024-track2-sys0005-utt0085.wav,sys0005,voicemos2024-track2-sys0005-utt0085,3.2
/fs/ess/PAS2301/Data/Speech/MOS_datasets/singmos/DATA/wav/voicemos2024-track2-sys0005-utt0088.wav,sys0005,voicemos2024-track2-sys0005-utt0088,4.0
/fs/ess/PAS2301/Data/Speech/MOS_datasets/singmos/DATA/wav/voicemos2024-track2-sys0005-utt0089.wav,sys0005,voicemos2024-track2-sys0005-utt0089,3.4
/fs/ess/PAS2301/Data/Speech/MOS_datasets/singmos/DATA/wav/voicemos2024-track2-sys0005-utt0092.wav,sys0005,voicemos2024-track2-sys0005-utt0092,2.0
/fs/ess/PAS2301/Data/Speech/MOS_datasets/singmos/DATA/wav/voicemos2024-track2-sys0005-utt0094.wav,sys0005,voicemos2024-track2-sys0005-utt0094,3.0
/fs/ess/PAS2301/Data/Speech/MOS_datasets/singmos/DATA/wav/voicemos2024-track2-sys0006-utt0003.wav,sys0006,voicemos2024-track2-sys0006-utt0003,2.8
/fs/ess/PAS2301/Data/Speech/MOS_datasets/singmos/DATA/wav/voicemos2024-track2-sys0006-utt0004.wav,sys0006,voicemos2024-track2-sys0006-utt0004,3.4
/fs/ess/PAS2301/Data/Speech/MOS_datasets/singmos/DATA/wav/voicemos2024-track2-sys0006-utt0006.wav,sys0006,voicemos2024-track2-sys0006-utt0006,3.8
/fs/ess/PAS2301/Data/Speech/MOS_datasets/singmos/DATA/wav/voicemos2024-track2-sys0006-utt0007.wav,sys0006,voicemos2024-track2-sys0006-utt0007,3.8
/fs/ess/PAS2301/Data/Speech/MOS_datasets/singmos/DATA/wav/voicemos2024-track2-sys0006-utt0008.wav,sys0006,voicemos2024-track2-sys0006-utt0008,4.0
/fs/ess/PAS2301/Data/Speech/MOS_datasets/singmos/DATA/wav/voicemos2024-track2-sys0006-utt0010.wav,sys0006,voicemos2024-track2-sys0006-utt0010,3.4
/fs/ess/PAS2301/Data/Speech/MOS_datasets/singmos/DATA/wav/voicemos2024-track2-sys0006-utt0011.wav,sys0006,voicemos2024-track2-sys0006-utt0011,3.8
/fs/ess/PAS2301/Data/Speech/MOS_datasets/singmos/DATA/wav/voicemos2024-track2-sys0006-utt0013.wav,sys0006,voicemos2024-track2-sys0006-utt0013,4.0
/fs/ess/PAS2301/Data/Speech/MOS_datasets/singmos/DATA/wav/voicemos2024-track2-sys0006-utt0014.wav,sys0006,voicemos2024-track2-sys0006-utt0014,3.0
/fs/ess/PAS2301/Data/Speech/MOS_datasets/singmos/DATA/wav/voicemos2024-track2-sys0006-utt0016.wav,sys0006,voicemos2024-track2-sys0006-utt0016,3.6
/fs/ess/PAS2301/Data/Speech/MOS_datasets/singmos/DATA/wav/voicemos2024-track2-sys0006-utt0017.wav,sys0006,voicemos2024-track2-sys0006-utt0017,4.2
/fs/ess/PAS2301/Data/Speech/MOS_datasets/singmos/DATA/wav/voicemos2024-track2-sys0006-utt0020.wav,sys0006,voicemos2024-track2-sys0006-utt0020,3.2
/fs/ess/PAS2301/Data/Speech/MOS_datasets/singmos/DATA/wav/voicemos2024-track2-sys0006-utt0023.wav,sys0006,voicemos2024-track2-sys0006-utt0023,2.6
/fs/ess/PAS2301/Data/Speech/MOS_datasets/singmos/DATA/wav/voicemos2024-track2-sys0006-utt0025.wav,sys0006,voicemos2024-track2-sys0006-utt0025,3.4
/fs/ess/PAS2301/Data/Speech/MOS_datasets/singmos/DATA/wav/voicemos2024-track2-sys0006-utt0026.wav,sys0006,voicemos2024-track2-sys0006-utt0026,3.4
/fs/ess/PAS2301/Data/Speech/MOS_datasets/singmos/DATA/wav/voicemos2024-track2-sys0006-utt0027.wav,sys0006,voicemos2024-track2-sys0006-utt0027,4.0
/fs/ess/PAS2301/Data/Speech/MOS_datasets/singmos/DATA/wav/voicemos2024-track2-sys0006-utt0028.wav,sys0006,voicemos2024-track2-sys0006-utt0028,3.4
/fs/ess/PAS2301/Data/Speech/MOS_datasets/singmos/DATA/wav/voicemos2024-track2-sys0006-utt0031.wav,sys0006,voicemos2024-track2-sys0006-utt0031,4.2
/fs/ess/PAS2301/Data/Speech/MOS_datasets/singmos/DATA/wav/voicemos2024-track2-sys0006-utt0032.wav,sys0006,voicemos2024-track2-sys0006-utt0032,4.2
/fs/ess/PAS2301/Data/Speech/MOS_datasets/singmos/DATA/wav/voicemos2024-track2-sys0006-utt0033.wav,sys0006,voicemos2024-track2-sys0006-utt0033,4.8
/fs/ess/PAS2301/Data/Speech/MOS_datasets/singmos/DATA/wav/voicemos2024-track2-sys0006-utt0034.wav,sys0006,voicemos2024-track2-sys0006-utt0034,4.2
/fs/ess/PAS2301/Data/Speech/MOS_datasets/singmos/DATA/wav/voicemos2024-track2-sys0006-utt0039.wav,sys0006,voicemos2024-track2-sys0006-utt0039,3.8
/fs/ess/PAS2301/Data/Speech/MOS_datasets/singmos/DATA/wav/voicemos2024-track2-sys0006-utt0041.wav,sys0006,voicemos2024-track2-sys0006-utt0041,4.0
/fs/ess/PAS2301/Data/Speech/MOS_datasets/singmos/DATA/wav/voicemos2024-track2-sys0006-utt0044.wav,sys0006,voicemos2024-track2-sys0006-utt0044,4.2
/fs/ess/PAS2301/Data/Speech/MOS_datasets/singmos/DATA/wav/voicemos2024-track2-sys0006-utt0045.wav,sys0006,voicemos2024-track2-sys0006-utt0045,4.8
/fs/ess/PAS2301/Data/Speech/MOS_datasets/singmos/DATA/wav/voicemos2024-track2-sys0006-utt0046.wav,sys0006,voicemos2024-track2-sys0006-utt0046,4.2
/fs/ess/PAS2301/Data/Speech/MOS_datasets/singmos/DATA/wav/voicemos2024-track2-sys0006-utt0048.wav,sys0006,voicemos2024-track2-sys0006-utt0048,4.2
/fs/ess/PAS2301/Data/Speech/MOS_datasets/singmos/DATA/wav/voicemos2024-track2-sys0006-utt0049.wav,sys0006,voicemos2024-track2-sys0006-utt0049,4.8
/fs/ess/PAS2301/Data/Speech/MOS_datasets/singmos/DATA/wav/voicemos2024-track2-sys0006-utt0050.wav,sys0006,voicemos2024-track2-sys0006-utt0050,4.8
/fs/ess/PAS2301/Data/Speech/MOS_datasets/singmos/DATA/wav/voicemos2024-track2-sys0006-utt0052.wav,sys0006,voicemos2024-track2-sys0006-utt0052,3.2
/fs/ess/PAS2301/Data/Speech/MOS_datasets/singmos/DATA/wav/voicemos2024-track2-sys0006-utt0053.wav,sys0006,voicemos2024-track2-sys0006-utt0053,4.6
/fs/ess/PAS2301/Data/Speech/MOS_datasets/singmos/DATA/wav/voicemos2024-track2-sys0006-utt0056.wav,sys0006,voicemos2024-track2-sys0006-utt0056,5.0
/fs/ess/PAS2301/Data/Speech/MOS_datasets/singmos/DATA/wav/voicemos2024-track2-sys0006-utt0058.wav,sys0006,voicemos2024-track2-sys0006-utt0058,3.8
/fs/ess/PAS2301/Data/Speech/MOS_datasets/singmos/DATA/wav/voicemos2024-track2-sys0006-utt0059.wav,sys0006,voicemos2024-track2-sys0006-utt0059,5.0
/fs/ess/PAS2301/Data/Speech/MOS_datasets/singmos/DATA/wav/voicemos2024-track2-sys0006-utt0060.wav,sys0006,voicemos2024-track2-sys0006-utt0060,3.8
/fs/ess/PAS2301/Data/Speech/MOS_datasets/singmos/DATA/wav/voicemos2024-track2-sys0006-utt0061.wav,sys0006,voicemos2024-track2-sys0006-utt0061,5.0
/fs/ess/PAS2301/Data/Speech/MOS_datasets/singmos/DATA/wav/voicemos2024-track2-sys0006-utt0062.wav,sys0006,voicemos2024-track2-sys0006-utt0062,5.0
/fs/ess/PAS2301/Data/Speech/MOS_datasets/singmos/DATA/wav/voicemos2024-track2-sys0006-utt0063.wav,sys0006,voicemos2024-track2-sys0006-utt0063,4.4
/fs/ess/PAS2301/Data/Speech/MOS_datasets/singmos/DATA/wav/voicemos2024-track2-sys0006-utt0065.wav,sys0006,voicemos2024-track2-sys0006-utt0065,4.8
/fs/ess/PAS2301/Data/Speech/MOS_datasets/singmos/DATA/wav/voicemos2024-track2-sys0006-utt0066.wav,sys0006,voicemos2024-track2-sys0006-utt0066,4.6
/fs/ess/PAS2301/Data/Speech/MOS_datasets/singmos/DATA/wav/voicemos2024-track2-sys0006-utt0069.wav,sys0006,voicemos2024-track2-sys0006-utt0069,5.0
/fs/ess/PAS2301/Data/Speech/MOS_datasets/singmos/DATA/wav/voicemos2024-track2-sys0006-utt0070.wav,sys0006,voicemos2024-track2-sys0006-utt0070,4.2
/fs/ess/PAS2301/Data/Speech/MOS_datasets/singmos/DATA/wav/voicemos2024-track2-sys0006-utt0071.wav,sys0006,voicemos2024-track2-sys0006-utt0071,3.2
/fs/ess/PAS2301/Data/Speech/MOS_datasets/singmos/DATA/wav/voicemos2024-track2-sys0006-utt0072.wav,sys0006,voicemos2024-track2-sys0006-utt0072,3.0
/fs/ess/PAS2301/Data/Speech/MOS_datasets/singmos/DATA/wav/voicemos2024-track2-sys0006-utt0073.wav,sys0006,voicemos2024-track2-sys0006-utt0073,3.0
/fs/ess/PAS2301/Data/Speech/MOS_datasets/singmos/DATA/wav/voicemos2024-track2-sys0006-utt0074.wav,sys0006,voicemos2024-track2-sys0006-utt0074,3.0
/fs/ess/PAS2301/Data/Speech/MOS_datasets/singmos/DATA/wav/voicemos2024-track2-sys0006-utt0076.wav,sys0006,voicemos2024-track2-sys0006-utt0076,3.0
/fs/ess/PAS2301/Data/Speech/MOS_datasets/singmos/DATA/wav/voicemos2024-track2-sys0006-utt0077.wav,sys0006,voicemos2024-track2-sys0006-utt0077,4.4
/fs/ess/PAS2301/Data/Speech/MOS_datasets/singmos/DATA/wav/voicemos2024-track2-sys0006-utt0078.wav,sys0006,voicemos2024-track2-sys0006-utt0078,4.0
/fs/ess/PAS2301/Data/Speech/MOS_datasets/singmos/DATA/wav/voicemos2024-track2-sys0006-utt0079.wav,sys0006,voicemos2024-track2-sys0006-utt0079,3.0
/fs/ess/PAS2301/Data/Speech/MOS_datasets/singmos/DATA/wav/voicemos2024-track2-sys0006-utt0080.wav,sys0006,voicemos2024-track2-sys0006-utt0080,3.4
/fs/ess/PAS2301/Data/Speech/MOS_datasets/singmos/DATA/wav/voicemos2024-track2-sys0006-utt0081.wav,sys0006,voicemos2024-track2-sys0006-utt0081,4.0
/fs/ess/PAS2301/Data/Speech/MOS_datasets/singmos/DATA/wav/voicemos2024-track2-sys0006-utt0082.wav,sys0006,voicemos2024-track2-sys0006-utt0082,4.0
/fs/ess/PAS2301/Data/Speech/MOS_datasets/singmos/DATA/wav/voicemos2024-track2-sys0006-utt0083.wav,sys0006,voicemos2024-track2-sys0006-utt0083,3.6
/fs/ess/PAS2301/Data/Speech/MOS_datasets/singmos/DATA/wav/voicemos2024-track2-sys0006-utt0084.wav,sys0006,voicemos2024-track2-sys0006-utt0084,3.0
/fs/ess/PAS2301/Data/Speech/MOS_datasets/singmos/DATA/wav/voicemos2024-track2-sys0006-utt0085.wav,sys0006,voicemos2024-track2-sys0006-utt0085,4.0
/fs/ess/PAS2301/Data/Speech/MOS_datasets/singmos/DATA/wav/voicemos2024-track2-sys0006-utt0086.wav,sys0006,voicemos2024-track2-sys0006-utt0086,5.0
/fs/ess/PAS2301/Data/Speech/MOS_datasets/singmos/DATA/wav/voicemos2024-track2-sys0006-utt0088.wav,sys0006,voicemos2024-track2-sys0006-utt0088,4.6
/fs/ess/PAS2301/Data/Speech/MOS_datasets/singmos/DATA/wav/voicemos2024-track2-sys0006-utt0091.wav,sys0006,voicemos2024-track2-sys0006-utt0091,2.2
/fs/ess/PAS2301/Data/Speech/MOS_datasets/singmos/DATA/wav/voicemos2024-track2-sys0006-utt0093.wav,sys0006,voicemos2024-track2-sys0006-utt0093,3.0
/fs/ess/PAS2301/Data/Speech/MOS_datasets/singmos/DATA/wav/voicemos2024-track2-sys0006-utt0095.wav,sys0006,voicemos2024-track2-sys0006-utt0095,3.0
/fs/ess/PAS2301/Data/Speech/MOS_datasets/singmos/DATA/wav/voicemos2024-track2-sys0006-utt0097.wav,sys0006,voicemos2024-track2-sys0006-utt0097,5.0
/fs/ess/PAS2301/Data/Speech/MOS_datasets/singmos/DATA/wav/voicemos2024-track2-sys0007-utt0001.wav,sys0007,voicemos2024-track2-sys0007-utt0001,4.2
/fs/ess/PAS2301/Data/Speech/MOS_datasets/singmos/DATA/wav/voicemos2024-track2-sys0007-utt0002.wav,sys0007,voicemos2024-track2-sys0007-utt0002,4.6
/fs/ess/PAS2301/Data/Speech/MOS_datasets/singmos/DATA/wav/voicemos2024-track2-sys0007-utt0003.wav,sys0007,voicemos2024-track2-sys0007-utt0003,4.0
/fs/ess/PAS2301/Data/Speech/MOS_datasets/singmos/DATA/wav/voicemos2024-track2-sys0007-utt0004.wav,sys0007,voicemos2024-track2-sys0007-utt0004,2.0
/fs/ess/PAS2301/Data/Speech/MOS_datasets/singmos/DATA/wav/voicemos2024-track2-sys0007-utt0005.wav,sys0007,voicemos2024-track2-sys0007-utt0005,4.8
/fs/ess/PAS2301/Data/Speech/MOS_datasets/singmos/DATA/wav/voicemos2024-track2-sys0007-utt0006.wav,sys0007,voicemos2024-track2-sys0007-utt0006,4.2
/fs/ess/PAS2301/Data/Speech/MOS_datasets/singmos/DATA/wav/voicemos2024-track2-sys0007-utt0007.wav,sys0007,voicemos2024-track2-sys0007-utt0007,5.0
/fs/ess/PAS2301/Data/Speech/MOS_datasets/singmos/DATA/wav/voicemos2024-track2-sys0007-utt0008.wav,sys0007,voicemos2024-track2-sys0007-utt0008,4.8
/fs/ess/PAS2301/Data/Speech/MOS_datasets/singmos/DATA/wav/voicemos2024-track2-sys0007-utt0009.wav,sys0007,voicemos2024-track2-sys0007-utt0009,3.4
/fs/ess/PAS2301/Data/Speech/MOS_datasets/singmos/DATA/wav/voicemos2024-track2-sys0007-utt0011.wav,sys0007,voicemos2024-track2-sys0007-utt0011,3.4
/fs/ess/PAS2301/Data/Speech/MOS_datasets/singmos/DATA/wav/voicemos2024-track2-sys0007-utt0013.wav,sys0007,voicemos2024-track2-sys0007-utt0013,3.6
/fs/ess/PAS2301/Data/Speech/MOS_datasets/singmos/DATA/wav/voicemos2024-track2-sys0007-utt0014.wav,sys0007,voicemos2024-track2-sys0007-utt0014,4.2
/fs/ess/PAS2301/Data/Speech/MOS_datasets/singmos/DATA/wav/voicemos2024-track2-sys0007-utt0015.wav,sys0007,voicemos2024-track2-sys0007-utt0015,3.2
/fs/ess/PAS2301/Data/Speech/MOS_datasets/singmos/DATA/wav/voicemos2024-track2-sys0007-utt0016.wav,sys0007,voicemos2024-track2-sys0007-utt0016,3.4
/fs/ess/PAS2301/Data/Speech/MOS_datasets/singmos/DATA/wav/voicemos2024-track2-sys0007-utt0017.wav,sys0007,voicemos2024-track2-sys0007-utt0017,3.0
/fs/ess/PAS2301/Data/Speech/MOS_datasets/singmos/DATA/wav/voicemos2024-track2-sys0007-utt0018.wav,sys0007,voicemos2024-track2-sys0007-utt0018,5.0
/fs/ess/PAS2301/Data/Speech/MOS_datasets/singmos/DATA/wav/voicemos2024-track2-sys0007-utt0019.wav,sys0007,voicemos2024-track2-sys0007-utt0019,5.0
/fs/ess/PAS2301/Data/Speech/MOS_datasets/singmos/DATA/wav/voicemos2024-track2-sys0007-utt0021.wav,sys0007,voicemos2024-track2-sys0007-utt0021,4.2
/fs/ess/PAS2301/Data/Speech/MOS_datasets/singmos/DATA/wav/voicemos2024-track2-sys0007-utt0022.wav,sys0007,voicemos2024-track2-sys0007-utt0022,3.6
/fs/ess/PAS2301/Data/Speech/MOS_datasets/singmos/DATA/wav/voicemos2024-track2-sys0007-utt0023.wav,sys0007,voicemos2024-track2-sys0007-utt0023,3.8
/fs/ess/PAS2301/Data/Speech/MOS_datasets/singmos/DATA/wav/voicemos2024-track2-sys0007-utt0025.wav,sys0007,voicemos2024-track2-sys0007-utt0025,4.0
/fs/ess/PAS2301/Data/Speech/MOS_datasets/singmos/DATA/wav/voicemos2024-track2-sys0007-utt0026.wav,sys0007,voicemos2024-track2-sys0007-utt0026,4.2
/fs/ess/PAS2301/Data/Speech/MOS_datasets/singmos/DATA/wav/voicemos2024-track2-sys0007-utt0028.wav,sys0007,voicemos2024-track2-sys0007-utt0028,1.6
/fs/ess/PAS2301/Data/Speech/MOS_datasets/singmos/DATA/wav/voicemos2024-track2-sys0007-utt0031.wav,sys0007,voicemos2024-track2-sys0007-utt0031,4.2
/fs/ess/PAS2301/Data/Speech/MOS_datasets/singmos/DATA/wav/voicemos2024-track2-sys0007-utt0037.wav,sys0007,voicemos2024-track2-sys0007-utt0037,4.8
/fs/ess/PAS2301/Data/Speech/MOS_datasets/singmos/DATA/wav/voicemos2024-track2-sys0007-utt0039.wav,sys0007,voicemos2024-track2-sys0007-utt0039,5.0
/fs/ess/PAS2301/Data/Speech/MOS_datasets/singmos/DATA/wav/voicemos2024-track2-sys0007-utt0042.wav,sys0007,voicemos2024-track2-sys0007-utt0042,5.0
/fs/ess/PAS2301/Data/Speech/MOS_datasets/singmos/DATA/wav/voicemos2024-track2-sys0007-utt0043.wav,sys0007,voicemos2024-track2-sys0007-utt0043,4.2
/fs/ess/PAS2301/Data/Speech/MOS_datasets/singmos/DATA/wav/voicemos2024-track2-sys0007-utt0045.wav,sys0007,voicemos2024-track2-sys0007-utt0045,5.0
/fs/ess/PAS2301/Data/Speech/MOS_datasets/singmos/DATA/wav/voicemos2024-track2-sys0007-utt0046.wav,sys0007,voicemos2024-track2-sys0007-utt0046,3.4
/fs/ess/PAS2301/Data/Speech/MOS_datasets/singmos/DATA/wav/voicemos2024-track2-sys0007-utt0049.wav,sys0007,voicemos2024-track2-sys0007-utt0049,4.0
/fs/ess/PAS2301/Data/Speech/MOS_datasets/singmos/DATA/wav/voicemos2024-track2-sys0007-utt0050.wav,sys0007,voicemos2024-track2-sys0007-utt0050,4.8
/fs/ess/PAS2301/Data/Speech/MOS_datasets/singmos/DATA/wav/voicemos2024-track2-sys0007-utt0052.wav,sys0007,voicemos2024-track2-sys0007-utt0052,5.0
/fs/ess/PAS2301/Data/Speech/MOS_datasets/singmos/DATA/wav/voicemos2024-track2-sys0007-utt0053.wav,sys0007,voicemos2024-track2-sys0007-utt0053,4.2
/fs/ess/PAS2301/Data/Speech/MOS_datasets/singmos/DATA/wav/voicemos2024-track2-sys0007-utt0054.wav,sys0007,voicemos2024-track2-sys0007-utt0054,4.2
/fs/ess/PAS2301/Data/Speech/MOS_datasets/singmos/DATA/wav/voicemos2024-track2-sys0007-utt0055.wav,sys0007,voicemos2024-track2-sys0007-utt0055,5.0
/fs/ess/PAS2301/Data/Speech/MOS_datasets/singmos/DATA/wav/voicemos2024-track2-sys0007-utt0056.wav,sys0007,voicemos2024-track2-sys0007-utt0056,3.8
/fs/ess/PAS2301/Data/Speech/MOS_datasets/singmos/DATA/wav/voicemos2024-track2-sys0007-utt0057.wav,sys0007,voicemos2024-track2-sys0007-utt0057,5.0
/fs/ess/PAS2301/Data/Speech/MOS_datasets/singmos/DATA/wav/voicemos2024-track2-sys0007-utt0058.wav,sys0007,voicemos2024-track2-sys0007-utt0058,4.4
/fs/ess/PAS2301/Data/Speech/MOS_datasets/singmos/DATA/wav/voicemos2024-track2-sys0007-utt0059.wav,sys0007,voicemos2024-track2-sys0007-utt0059,5.0
/fs/ess/PAS2301/Data/Speech/MOS_datasets/singmos/DATA/wav/voicemos2024-track2-sys0007-utt0062.wav,sys0007,voicemos2024-track2-sys0007-utt0062,5.0
/fs/ess/PAS2301/Data/Speech/MOS_datasets/singmos/DATA/wav/voicemos2024-track2-sys0007-utt0064.wav,sys0007,voicemos2024-track2-sys0007-utt0064,4.4
/fs/ess/PAS2301/Data/Speech/MOS_datasets/singmos/DATA/wav/voicemos2024-track2-sys0007-utt0065.wav,sys0007,voicemos2024-track2-sys0007-utt0065,4.6
/fs/ess/PAS2301/Data/Speech/MOS_datasets/singmos/DATA/wav/voicemos2024-track2-sys0007-utt0066.wav,sys0007,voicemos2024-track2-sys0007-utt0066,4.0
/fs/ess/PAS2301/Data/Speech/MOS_datasets/singmos/DATA/wav/voicemos2024-track2-sys0007-utt0067.wav,sys0007,voicemos2024-track2-sys0007-utt0067,4.6
/fs/ess/PAS2301/Data/Speech/MOS_datasets/singmos/DATA/wav/voicemos2024-track2-sys0007-utt0070.wav,sys0007,voicemos2024-track2-sys0007-utt0070,4.8
/fs/ess/PAS2301/Data/Speech/MOS_datasets/singmos/DATA/wav/voicemos2024-track2-sys0007-utt0071.wav,sys0007,voicemos2024-track2-sys0007-utt0071,5.0
/fs/ess/PAS2301/Data/Speech/MOS_datasets/singmos/DATA/wav/voicemos2024-track2-sys0007-utt0074.wav,sys0007,voicemos2024-track2-sys0007-utt0074,4.4
/fs/ess/PAS2301/Data/Speech/MOS_datasets/singmos/DATA/wav/voicemos2024-track2-sys0007-utt0075.wav,sys0007,voicemos2024-track2-sys0007-utt0075,4.2
/fs/ess/PAS2301/Data/Speech/MOS_datasets/singmos/DATA/wav/voicemos2024-track2-sys0007-utt0077.wav,sys0007,voicemos2024-track2-sys0007-utt0077,4.4
/fs/ess/PAS2301/Data/Speech/MOS_datasets/singmos/DATA/wav/voicemos2024-track2-sys0007-utt0078.wav,sys0007,voicemos2024-track2-sys0007-utt0078,5.0
/fs/ess/PAS2301/Data/Speech/MOS_datasets/singmos/DATA/wav/voicemos2024-track2-sys0007-utt0079.wav,sys0007,voicemos2024-track2-sys0007-utt0079,5.0
/fs/ess/PAS2301/Data/Speech/MOS_datasets/singmos/DATA/wav/voicemos2024-track2-sys0007-utt0081.wav,sys0007,voicemos2024-track2-sys0007-utt0081,5.0
/fs/ess/PAS2301/Data/Speech/MOS_datasets/singmos/DATA/wav/voicemos2024-track2-sys0007-utt0086.wav,sys0007,voicemos2024-track2-sys0007-utt0086,4.8
/fs/ess/PAS2301/Data/Speech/MOS_datasets/singmos/DATA/wav/voicemos2024-track2-sys0007-utt0087.wav,sys0007,voicemos2024-track2-sys0007-utt0087,5.0
/fs/ess/PAS2301/Data/Speech/MOS_datasets/singmos/DATA/wav/voicemos2024-track2-sys0007-utt0089.wav,sys0007,voicemos2024-track2-sys0007-utt0089,5.0
/fs/ess/PAS2301/Data/Speech/MOS_datasets/singmos/DATA/wav/voicemos2024-track2-sys0007-utt0090.wav,sys0007,voicemos2024-track2-sys0007-utt0090,5.0
/fs/ess/PAS2301/Data/Speech/MOS_datasets/singmos/DATA/wav/voicemos2024-track2-sys0007-utt0091.wav,sys0007,voicemos2024-track2-sys0007-utt0091,4.0
/fs/ess/PAS2301/Data/Speech/MOS_datasets/singmos/DATA/wav/voicemos2024-track2-sys0007-utt0094.wav,sys0007,voicemos2024-track2-sys0007-utt0094,5.0
/fs/ess/PAS2301/Data/Speech/MOS_datasets/singmos/DATA/wav/voicemos2024-track2-sys0007-utt0095.wav,sys0007,voicemos2024-track2-sys0007-utt0095,4.8
/fs/ess/PAS2301/Data/Speech/MOS_datasets/singmos/DATA/wav/voicemos2024-track2-sys0007-utt0096.wav,sys0007,voicemos2024-track2-sys0007-utt0096,4.0
/fs/ess/PAS2301/Data/Speech/MOS_datasets/singmos/DATA/wav/voicemos2024-track2-sys0007-utt0097.wav,sys0007,voicemos2024-track2-sys0007-utt0097,5.0
/fs/ess/PAS2301/Data/Speech/MOS_datasets/singmos/DATA/wav/voicemos2024-track2-sys0007-utt0098.wav,sys0007,voicemos2024-track2-sys0007-utt0098,4.0
/fs/ess/PAS2301/Data/Speech/MOS_datasets/singmos/DATA/wav/voicemos2024-track2-sys0007-utt0099.wav,sys0007,voicemos2024-track2-sys0007-utt0099,5.0
/fs/ess/PAS2301/Data/Speech/MOS_datasets/singmos/DATA/wav/voicemos2024-track2-sys0008-utt0001.wav,sys0008,voicemos2024-track2-sys0008-utt0001,4.2
/fs/ess/PAS2301/Data/Speech/MOS_datasets/singmos/DATA/wav/voicemos2024-track2-sys0008-utt0003.wav,sys0008,voicemos2024-track2-sys0008-utt0003,3.8
/fs/ess/PAS2301/Data/Speech/MOS_datasets/singmos/DATA/wav/voicemos2024-track2-sys0008-utt0005.wav,sys0008,voicemos2024-track2-sys0008-utt0005,4.2
/fs/ess/PAS2301/Data/Speech/MOS_datasets/singmos/DATA/wav/voicemos2024-track2-sys0008-utt0006.wav,sys0008,voicemos2024-track2-sys0008-utt0006,2.6
/fs/ess/PAS2301/Data/Speech/MOS_datasets/singmos/DATA/wav/voicemos2024-track2-sys0008-utt0011.wav,sys0008,voicemos2024-track2-sys0008-utt0011,4.6
/fs/ess/PAS2301/Data/Speech/MOS_datasets/singmos/DATA/wav/voicemos2024-track2-sys0008-utt0013.wav,sys0008,voicemos2024-track2-sys0008-utt0013,4.4
/fs/ess/PAS2301/Data/Speech/MOS_datasets/singmos/DATA/wav/voicemos2024-track2-sys0008-utt0014.wav,sys0008,voicemos2024-track2-sys0008-utt0014,4.2
/fs/ess/PAS2301/Data/Speech/MOS_datasets/singmos/DATA/wav/voicemos2024-track2-sys0008-utt0016.wav,sys0008,voicemos2024-track2-sys0008-utt0016,4.2
/fs/ess/PAS2301/Data/Speech/MOS_datasets/singmos/DATA/wav/voicemos2024-track2-sys0008-utt0018.wav,sys0008,voicemos2024-track2-sys0008-utt0018,3.6
/fs/ess/PAS2301/Data/Speech/MOS_datasets/singmos/DATA/wav/voicemos2024-track2-sys0008-utt0019.wav,sys0008,voicemos2024-track2-sys0008-utt0019,3.0
/fs/ess/PAS2301/Data/Speech/MOS_datasets/singmos/DATA/wav/voicemos2024-track2-sys0008-utt0020.wav,sys0008,voicemos2024-track2-sys0008-utt0020,4.2
/fs/ess/PAS2301/Data/Speech/MOS_datasets/singmos/DATA/wav/voicemos2024-track2-sys0008-utt0021.wav,sys0008,voicemos2024-track2-sys0008-utt0021,3.8
/fs/ess/PAS2301/Data/Speech/MOS_datasets/singmos/DATA/wav/voicemos2024-track2-sys0008-utt0025.wav,sys0008,voicemos2024-track2-sys0008-utt0025,3.0
/fs/ess/PAS2301/Data/Speech/MOS_datasets/singmos/DATA/wav/voicemos2024-track2-sys0008-utt0026.wav,sys0008,voicemos2024-track2-sys0008-utt0026,4.2
/fs/ess/PAS2301/Data/Speech/MOS_datasets/singmos/DATA/wav/voicemos2024-track2-sys0008-utt0027.wav,sys0008,voicemos2024-track2-sys0008-utt0027,4.2
/fs/ess/PAS2301/Data/Speech/MOS_datasets/singmos/DATA/wav/voicemos2024-track2-sys0008-utt0028.wav,sys0008,voicemos2024-track2-sys0008-utt0028,1.8
/fs/ess/PAS2301/Data/Speech/MOS_datasets/singmos/DATA/wav/voicemos2024-track2-sys0008-utt0029.wav,sys0008,voicemos2024-track2-sys0008-utt0029,4.0
/fs/ess/PAS2301/Data/Speech/MOS_datasets/singmos/DATA/wav/voicemos2024-track2-sys0008-utt0030.wav,sys0008,voicemos2024-track2-sys0008-utt0030,4.2
/fs/ess/PAS2301/Data/Speech/MOS_datasets/singmos/DATA/wav/voicemos2024-track2-sys0008-utt0032.wav,sys0008,voicemos2024-track2-sys0008-utt0032,4.4
/fs/ess/PAS2301/Data/Speech/MOS_datasets/singmos/DATA/wav/voicemos2024-track2-sys0008-utt0033.wav,sys0008,voicemos2024-track2-sys0008-utt0033,4.2
/fs/ess/PAS2301/Data/Speech/MOS_datasets/singmos/DATA/wav/voicemos2024-track2-sys0008-utt0035.wav,sys0008,voicemos2024-track2-sys0008-utt0035,5.0
/fs/ess/PAS2301/Data/Speech/MOS_datasets/singmos/DATA/wav/voicemos2024-track2-sys0008-utt0036.wav,sys0008,voicemos2024-track2-sys0008-utt0036,4.0
/fs/ess/PAS2301/Data/Speech/MOS_datasets/singmos/DATA/wav/voicemos2024-track2-sys0008-utt0037.wav,sys0008,voicemos2024-track2-sys0008-utt0037,4.2
/fs/ess/PAS2301/Data/Speech/MOS_datasets/singmos/DATA/wav/voicemos2024-track2-sys0008-utt0040.wav,sys0008,voicemos2024-track2-sys0008-utt0040,4.8
/fs/ess/PAS2301/Data/Speech/MOS_datasets/singmos/DATA/wav/voicemos2024-track2-sys0008-utt0041.wav,sys0008,voicemos2024-track2-sys0008-utt0041,3.6
/fs/ess/PAS2301/Data/Speech/MOS_datasets/singmos/DATA/wav/voicemos2024-track2-sys0008-utt0042.wav,sys0008,voicemos2024-track2-sys0008-utt0042,4.4
/fs/ess/PAS2301/Data/Speech/MOS_datasets/singmos/DATA/wav/voicemos2024-track2-sys0008-utt0043.wav,sys0008,voicemos2024-track2-sys0008-utt0043,4.2
/fs/ess/PAS2301/Data/Speech/MOS_datasets/singmos/DATA/wav/voicemos2024-track2-sys0008-utt0044.wav,sys0008,voicemos2024-track2-sys0008-utt0044,4.2
/fs/ess/PAS2301/Data/Speech/MOS_datasets/singmos/DATA/wav/voicemos2024-track2-sys0008-utt0045.wav,sys0008,voicemos2024-track2-sys0008-utt0045,4.2
/fs/ess/PAS2301/Data/Speech/MOS_datasets/singmos/DATA/wav/voicemos2024-track2-sys0008-utt0047.wav,sys0008,voicemos2024-track2-sys0008-utt0047,4.4
/fs/ess/PAS2301/Data/Speech/MOS_datasets/singmos/DATA/wav/voicemos2024-track2-sys0008-utt0048.wav,sys0008,voicemos2024-track2-sys0008-utt0048,3.4
/fs/ess/PAS2301/Data/Speech/MOS_datasets/singmos/DATA/wav/voicemos2024-track2-sys0008-utt0049.wav,sys0008,voicemos2024-track2-sys0008-utt0049,3.6
/fs/ess/PAS2301/Data/Speech/MOS_datasets/singmos/DATA/wav/voicemos2024-track2-sys0008-utt0050.wav,sys0008,voicemos2024-track2-sys0008-utt0050,5.0
/fs/ess/PAS2301/Data/Speech/MOS_datasets/singmos/DATA/wav/voicemos2024-track2-sys0008-utt0053.wav,sys0008,voicemos2024-track2-sys0008-utt0053,3.4
/fs/ess/PAS2301/Data/Speech/MOS_datasets/singmos/DATA/wav/voicemos2024-track2-sys0008-utt0054.wav,sys0008,voicemos2024-track2-sys0008-utt0054,4.6
/fs/ess/PAS2301/Data/Speech/MOS_datasets/singmos/DATA/wav/voicemos2024-track2-sys0008-utt0056.wav,sys0008,voicemos2024-track2-sys0008-utt0056,4.2
/fs/ess/PAS2301/Data/Speech/MOS_datasets/singmos/DATA/wav/voicemos2024-track2-sys0008-utt0057.wav,sys0008,voicemos2024-track2-sys0008-utt0057,4.2
/fs/ess/PAS2301/Data/Speech/MOS_datasets/singmos/DATA/wav/voicemos2024-track2-sys0008-utt0058.wav,sys0008,voicemos2024-track2-sys0008-utt0058,3.0
/fs/ess/PAS2301/Data/Speech/MOS_datasets/singmos/DATA/wav/voicemos2024-track2-sys0008-utt0061.wav,sys0008,voicemos2024-track2-sys0008-utt0061,2.0
/fs/ess/PAS2301/Data/Speech/MOS_datasets/singmos/DATA/wav/voicemos2024-track2-sys0008-utt0062.wav,sys0008,voicemos2024-track2-sys0008-utt0062,3.0
/fs/ess/PAS2301/Data/Speech/MOS_datasets/singmos/DATA/wav/voicemos2024-track2-sys0008-utt0064.wav,sys0008,voicemos2024-track2-sys0008-utt0064,4.4
/fs/ess/PAS2301/Data/Speech/MOS_datasets/singmos/DATA/wav/voicemos2024-track2-sys0008-utt0065.wav,sys0008,voicemos2024-track2-sys0008-utt0065,3.0
/fs/ess/PAS2301/Data/Speech/MOS_datasets/singmos/DATA/wav/voicemos2024-track2-sys0008-utt0066.wav,sys0008,voicemos2024-track2-sys0008-utt0066,3.0
/fs/ess/PAS2301/Data/Speech/MOS_datasets/singmos/DATA/wav/voicemos2024-track2-sys0008-utt0067.wav,sys0008,voicemos2024-track2-sys0008-utt0067,4.4
/fs/ess/PAS2301/Data/Speech/MOS_datasets/singmos/DATA/wav/voicemos2024-track2-sys0008-utt0069.wav,sys0008,voicemos2024-track2-sys0008-utt0069,5.0
/fs/ess/PAS2301/Data/Speech/MOS_datasets/singmos/DATA/wav/voicemos2024-track2-sys0008-utt0071.wav,sys0008,voicemos2024-track2-sys0008-utt0071,3.0
/fs/ess/PAS2301/Data/Speech/MOS_datasets/singmos/DATA/wav/voicemos2024-track2-sys0008-utt0075.wav,sys0008,voicemos2024-track2-sys0008-utt0075,4.0
/fs/ess/PAS2301/Data/Speech/MOS_datasets/singmos/DATA/wav/voicemos2024-track2-sys0008-utt0077.wav,sys0008,voicemos2024-track2-sys0008-utt0077,5.0
/fs/ess/PAS2301/Data/Speech/MOS_datasets/singmos/DATA/wav/voicemos2024-track2-sys0008-utt0078.wav,sys0008,voicemos2024-track2-sys0008-utt0078,4.0
/fs/ess/PAS2301/Data/Speech/MOS_datasets/singmos/DATA/wav/voicemos2024-track2-sys0008-utt0079.wav,sys0008,voicemos2024-track2-sys0008-utt0079,5.0
/fs/ess/PAS2301/Data/Speech/MOS_datasets/singmos/DATA/wav/voicemos2024-track2-sys0008-utt0081.wav,sys0008,voicemos2024-track2-sys0008-utt0081,5.0
/fs/ess/PAS2301/Data/Speech/MOS_datasets/singmos/DATA/wav/voicemos2024-track2-sys0008-utt0083.wav,sys0008,voicemos2024-track2-sys0008-utt0083,4.4
/fs/ess/PAS2301/Data/Speech/MOS_datasets/singmos/DATA/wav/voicemos2024-track2-sys0008-utt0084.wav,sys0008,voicemos2024-track2-sys0008-utt0084,5.0
/fs/ess/PAS2301/Data/Speech/MOS_datasets/singmos/DATA/wav/voicemos2024-track2-sys0008-utt0085.wav,sys0008,voicemos2024-track2-sys0008-utt0085,4.0
/fs/ess/PAS2301/Data/Speech/MOS_datasets/singmos/DATA/wav/voicemos2024-track2-sys0008-utt0086.wav,sys0008,voicemos2024-track2-sys0008-utt0086,3.8
/fs/ess/PAS2301/Data/Speech/MOS_datasets/singmos/DATA/wav/voicemos2024-track2-sys0008-utt0087.wav,sys0008,voicemos2024-track2-sys0008-utt0087,3.8
/fs/ess/PAS2301/Data/Speech/MOS_datasets/singmos/DATA/wav/voicemos2024-track2-sys0008-utt0088.wav,sys0008,voicemos2024-track2-sys0008-utt0088,4.0
/fs/ess/PAS2301/Data/Speech/MOS_datasets/singmos/DATA/wav/voicemos2024-track2-sys0008-utt0089.wav,sys0008,voicemos2024-track2-sys0008-utt0089,3.0
/fs/ess/PAS2301/Data/Speech/MOS_datasets/singmos/DATA/wav/voicemos2024-track2-sys0008-utt0090.wav,sys0008,voicemos2024-track2-sys0008-utt0090,4.0
/fs/ess/PAS2301/Data/Speech/MOS_datasets/singmos/DATA/wav/voicemos2024-track2-sys0008-utt0091.wav,sys0008,voicemos2024-track2-sys0008-utt0091,4.0
/fs/ess/PAS2301/Data/Speech/MOS_datasets/singmos/DATA/wav/voicemos2024-track2-sys0008-utt0092.wav,sys0008,voicemos2024-track2-sys0008-utt0092,3.0
/fs/ess/PAS2301/Data/Speech/MOS_datasets/singmos/DATA/wav/voicemos2024-track2-sys0008-utt0094.wav,sys0008,voicemos2024-track2-sys0008-utt0094,4.0
/fs/ess/PAS2301/Data/Speech/MOS_datasets/singmos/DATA/wav/voicemos2024-track2-sys0008-utt0095.wav,sys0008,voicemos2024-track2-sys0008-utt0095,3.8
/fs/ess/PAS2301/Data/Speech/MOS_datasets/singmos/DATA/wav/voicemos2024-track2-sys0008-utt0096.wav,sys0008,voicemos2024-track2-sys0008-utt0096,3.8
/fs/ess/PAS2301/Data/Speech/MOS_datasets/singmos/DATA/wav/voicemos2024-track2-sys0008-utt0099.wav,sys0008,voicemos2024-track2-sys0008-utt0099,3.2
/fs/ess/PAS2301/Data/Speech/MOS_datasets/singmos/DATA/wav/voicemos2024-track2-sys0009-utt0001.wav,sys0009,voicemos2024-track2-sys0009-utt0001,4.8
/fs/ess/PAS2301/Data/Speech/MOS_datasets/singmos/DATA/wav/voicemos2024-track2-sys0009-utt0002.wav,sys0009,voicemos2024-track2-sys0009-utt0002,4.0
/fs/ess/PAS2301/Data/Speech/MOS_datasets/singmos/DATA/wav/voicemos2024-track2-sys0009-utt0003.wav,sys0009,voicemos2024-track2-sys0009-utt0003,4.2
/fs/ess/PAS2301/Data/Speech/MOS_datasets/singmos/DATA/wav/voicemos2024-track2-sys0009-utt0004.wav,sys0009,voicemos2024-track2-sys0009-utt0004,4.2
/fs/ess/PAS2301/Data/Speech/MOS_datasets/singmos/DATA/wav/voicemos2024-track2-sys0009-utt0005.wav,sys0009,voicemos2024-track2-sys0009-utt0005,4.0
/fs/ess/PAS2301/Data/Speech/MOS_datasets/singmos/DATA/wav/voicemos2024-track2-sys0009-utt0006.wav,sys0009,voicemos2024-track2-sys0009-utt0006,4.0
/fs/ess/PAS2301/Data/Speech/MOS_datasets/singmos/DATA/wav/voicemos2024-track2-sys0009-utt0007.wav,sys0009,voicemos2024-track2-sys0009-utt0007,4.2
/fs/ess/PAS2301/Data/Speech/MOS_datasets/singmos/DATA/wav/voicemos2024-track2-sys0009-utt0008.wav,sys0009,voicemos2024-track2-sys0009-utt0008,4.4
/fs/ess/PAS2301/Data/Speech/MOS_datasets/singmos/DATA/wav/voicemos2024-track2-sys0009-utt0009.wav,sys0009,voicemos2024-track2-sys0009-utt0009,4.2
/fs/ess/PAS2301/Data/Speech/MOS_datasets/singmos/DATA/wav/voicemos2024-track2-sys0009-utt0010.wav,sys0009,voicemos2024-track2-sys0009-utt0010,3.0
/fs/ess/PAS2301/Data/Speech/MOS_datasets/singmos/DATA/wav/voicemos2024-track2-sys0009-utt0011.wav,sys0009,voicemos2024-track2-sys0009-utt0011,4.0
/fs/ess/PAS2301/Data/Speech/MOS_datasets/singmos/DATA/wav/voicemos2024-track2-sys0009-utt0014.wav,sys0009,voicemos2024-track2-sys0009-utt0014,3.8
/fs/ess/PAS2301/Data/Speech/MOS_datasets/singmos/DATA/wav/voicemos2024-track2-sys0009-utt0015.wav,sys0009,voicemos2024-track2-sys0009-utt0015,3.8
/fs/ess/PAS2301/Data/Speech/MOS_datasets/singmos/DATA/wav/voicemos2024-track2-sys0009-utt0017.wav,sys0009,voicemos2024-track2-sys0009-utt0017,3.4
/fs/ess/PAS2301/Data/Speech/MOS_datasets/singmos/DATA/wav/voicemos2024-track2-sys0009-utt0018.wav,sys0009,voicemos2024-track2-sys0009-utt0018,4.2
/fs/ess/PAS2301/Data/Speech/MOS_datasets/singmos/DATA/wav/voicemos2024-track2-sys0009-utt0019.wav,sys0009,voicemos2024-track2-sys0009-utt0019,4.2
/fs/ess/PAS2301/Data/Speech/MOS_datasets/singmos/DATA/wav/voicemos2024-track2-sys0009-utt0021.wav,sys0009,voicemos2024-track2-sys0009-utt0021,3.8
/fs/ess/PAS2301/Data/Speech/MOS_datasets/singmos/DATA/wav/voicemos2024-track2-sys0009-utt0022.wav,sys0009,voicemos2024-track2-sys0009-utt0022,5.0
/fs/ess/PAS2301/Data/Speech/MOS_datasets/singmos/DATA/wav/voicemos2024-track2-sys0009-utt0025.wav,sys0009,voicemos2024-track2-sys0009-utt0025,4.2
/fs/ess/PAS2301/Data/Speech/MOS_datasets/singmos/DATA/wav/voicemos2024-track2-sys0009-utt0027.wav,sys0009,voicemos2024-track2-sys0009-utt0027,2.6
/fs/ess/PAS2301/Data/Speech/MOS_datasets/singmos/DATA/wav/voicemos2024-track2-sys0009-utt0028.wav,sys0009,voicemos2024-track2-sys0009-utt0028,3.8
/fs/ess/PAS2301/Data/Speech/MOS_datasets/singmos/DATA/wav/voicemos2024-track2-sys0009-utt0029.wav,sys0009,voicemos2024-track2-sys0009-utt0029,4.2
/fs/ess/PAS2301/Data/Speech/MOS_datasets/singmos/DATA/wav/voicemos2024-track2-sys0009-utt0030.wav,sys0009,voicemos2024-track2-sys0009-utt0030,4.2
/fs/ess/PAS2301/Data/Speech/MOS_datasets/singmos/DATA/wav/voicemos2024-track2-sys0009-utt0031.wav,sys0009,voicemos2024-track2-sys0009-utt0031,4.2
/fs/ess/PAS2301/Data/Speech/MOS_datasets/singmos/DATA/wav/voicemos2024-track2-sys0009-utt0032.wav,sys0009,voicemos2024-track2-sys0009-utt0032,3.8
/fs/ess/PAS2301/Data/Speech/MOS_datasets/singmos/DATA/wav/voicemos2024-track2-sys0009-utt0035.wav,sys0009,voicemos2024-track2-sys0009-utt0035,4.8
/fs/ess/PAS2301/Data/Speech/MOS_datasets/singmos/DATA/wav/voicemos2024-track2-sys0009-utt0036.wav,sys0009,voicemos2024-track2-sys0009-utt0036,3.8
/fs/ess/PAS2301/Data/Speech/MOS_datasets/singmos/DATA/wav/voicemos2024-track2-sys0009-utt0037.wav,sys0009,voicemos2024-track2-sys0009-utt0037,4.8
/fs/ess/PAS2301/Data/Speech/MOS_datasets/singmos/DATA/wav/voicemos2024-track2-sys0009-utt0038.wav,sys0009,voicemos2024-track2-sys0009-utt0038,4.2
/fs/ess/PAS2301/Data/Speech/MOS_datasets/singmos/DATA/wav/voicemos2024-track2-sys0009-utt0040.wav,sys0009,voicemos2024-track2-sys0009-utt0040,3.8
/fs/ess/PAS2301/Data/Speech/MOS_datasets/singmos/DATA/wav/voicemos2024-track2-sys0009-utt0042.wav,sys0009,voicemos2024-track2-sys0009-utt0042,4.2
/fs/ess/PAS2301/Data/Speech/MOS_datasets/singmos/DATA/wav/voicemos2024-track2-sys0009-utt0044.wav,sys0009,voicemos2024-track2-sys0009-utt0044,4.2
/fs/ess/PAS2301/Data/Speech/MOS_datasets/singmos/DATA/wav/voicemos2024-track2-sys0009-utt0045.wav,sys0009,voicemos2024-track2-sys0009-utt0045,4.2
/fs/ess/PAS2301/Data/Speech/MOS_datasets/singmos/DATA/wav/voicemos2024-track2-sys0009-utt0047.wav,sys0009,voicemos2024-track2-sys0009-utt0047,2.0
/fs/ess/PAS2301/Data/Speech/MOS_datasets/singmos/DATA/wav/voicemos2024-track2-sys0009-utt0049.wav,sys0009,voicemos2024-track2-sys0009-utt0049,3.0
/fs/ess/PAS2301/Data/Speech/MOS_datasets/singmos/DATA/wav/voicemos2024-track2-sys0009-utt0051.wav,sys0009,voicemos2024-track2-sys0009-utt0051,3.2
/fs/ess/PAS2301/Data/Speech/MOS_datasets/singmos/DATA/wav/voicemos2024-track2-sys0009-utt0052.wav,sys0009,voicemos2024-track2-sys0009-utt0052,4.6
/fs/ess/PAS2301/Data/Speech/MOS_datasets/singmos/DATA/wav/voicemos2024-track2-sys0009-utt0053.wav,sys0009,voicemos2024-track2-sys0009-utt0053,4.8
/fs/ess/PAS2301/Data/Speech/MOS_datasets/singmos/DATA/wav/voicemos2024-track2-sys0009-utt0055.wav,sys0009,voicemos2024-track2-sys0009-utt0055,3.2
/fs/ess/PAS2301/Data/Speech/MOS_datasets/singmos/DATA/wav/voicemos2024-track2-sys0009-utt0056.wav,sys0009,voicemos2024-track2-sys0009-utt0056,4.6
/fs/ess/PAS2301/Data/Speech/MOS_datasets/singmos/DATA/wav/voicemos2024-track2-sys0009-utt0057.wav,sys0009,voicemos2024-track2-sys0009-utt0057,4.8
/fs/ess/PAS2301/Data/Speech/MOS_datasets/singmos/DATA/wav/voicemos2024-track2-sys0009-utt0058.wav,sys0009,voicemos2024-track2-sys0009-utt0058,4.6
/fs/ess/PAS2301/Data/Speech/MOS_datasets/singmos/DATA/wav/voicemos2024-track2-sys0009-utt0059.wav,sys0009,voicemos2024-track2-sys0009-utt0059,5.0
/fs/ess/PAS2301/Data/Speech/MOS_datasets/singmos/DATA/wav/voicemos2024-track2-sys0009-utt0061.wav,sys0009,voicemos2024-track2-sys0009-utt0061,4.8
/fs/ess/PAS2301/Data/Speech/MOS_datasets/singmos/DATA/wav/voicemos2024-track2-sys0009-utt0062.wav,sys0009,voicemos2024-track2-sys0009-utt0062,4.4
/fs/ess/PAS2301/Data/Speech/MOS_datasets/singmos/DATA/wav/voicemos2024-track2-sys0009-utt0063.wav,sys0009,voicemos2024-track2-sys0009-utt0063,4.6
/fs/ess/PAS2301/Data/Speech/MOS_datasets/singmos/DATA/wav/voicemos2024-track2-sys0009-utt0064.wav,sys0009,voicemos2024-track2-sys0009-utt0064,4.4
/fs/ess/PAS2301/Data/Speech/MOS_datasets/singmos/DATA/wav/voicemos2024-track2-sys0009-utt0065.wav,sys0009,voicemos2024-track2-sys0009-utt0065,3.2
/fs/ess/PAS2301/Data/Speech/MOS_datasets/singmos/DATA/wav/voicemos2024-track2-sys0009-utt0066.wav,sys0009,voicemos2024-track2-sys0009-utt0066,2.2
/fs/ess/PAS2301/Data/Speech/MOS_datasets/singmos/DATA/wav/voicemos2024-track2-sys0009-utt0068.wav,sys0009,voicemos2024-track2-sys0009-utt0068,3.8
/fs/ess/PAS2301/Data/Speech/MOS_datasets/singmos/DATA/wav/voicemos2024-track2-sys0009-utt0069.wav,sys0009,voicemos2024-track2-sys0009-utt0069,3.8
/fs/ess/PAS2301/Data/Speech/MOS_datasets/singmos/DATA/wav/voicemos2024-track2-sys0009-utt0070.wav,sys0009,voicemos2024-track2-sys0009-utt0070,3.4
/fs/ess/PAS2301/Data/Speech/MOS_datasets/singmos/DATA/wav/voicemos2024-track2-sys0009-utt0074.wav,sys0009,voicemos2024-track2-sys0009-utt0074,4.0
/fs/ess/PAS2301/Data/Speech/MOS_datasets/singmos/DATA/wav/voicemos2024-track2-sys0009-utt0076.wav,sys0009,voicemos2024-track2-sys0009-utt0076,4.0
/fs/ess/PAS2301/Data/Speech/MOS_datasets/singmos/DATA/wav/voicemos2024-track2-sys0009-utt0078.wav,sys0009,voicemos2024-track2-sys0009-utt0078,4.0
/fs/ess/PAS2301/Data/Speech/MOS_datasets/singmos/DATA/wav/voicemos2024-track2-sys0009-utt0079.wav,sys0009,voicemos2024-track2-sys0009-utt0079,5.0
/fs/ess/PAS2301/Data/Speech/MOS_datasets/singmos/DATA/wav/voicemos2024-track2-sys0009-utt0081.wav,sys0009,voicemos2024-track2-sys0009-utt0081,3.4
/fs/ess/PAS2301/Data/Speech/MOS_datasets/singmos/DATA/wav/voicemos2024-track2-sys0009-utt0082.wav,sys0009,voicemos2024-track2-sys0009-utt0082,5.0
/fs/ess/PAS2301/Data/Speech/MOS_datasets/singmos/DATA/wav/voicemos2024-track2-sys0009-utt0084.wav,sys0009,voicemos2024-track2-sys0009-utt0084,3.4
/fs/ess/PAS2301/Data/Speech/MOS_datasets/singmos/DATA/wav/voicemos2024-track2-sys0009-utt0088.wav,sys0009,voicemos2024-track2-sys0009-utt0088,3.4
/fs/ess/PAS2301/Data/Speech/MOS_datasets/singmos/DATA/wav/voicemos2024-track2-sys0009-utt0090.wav,sys0009,voicemos2024-track2-sys0009-utt0090,3.0
/fs/ess/PAS2301/Data/Speech/MOS_datasets/singmos/DATA/wav/voicemos2024-track2-sys0009-utt0091.wav,sys0009,voicemos2024-track2-sys0009-utt0091,4.0
/fs/ess/PAS2301/Data/Speech/MOS_datasets/singmos/DATA/wav/voicemos2024-track2-sys0009-utt0092.wav,sys0009,voicemos2024-track2-sys0009-utt0092,5.0
/fs/ess/PAS2301/Data/Speech/MOS_datasets/singmos/DATA/wav/voicemos2024-track2-sys0009-utt0093.wav,sys0009,voicemos2024-track2-sys0009-utt0093,4.0
/fs/ess/PAS2301/Data/Speech/MOS_datasets/singmos/DATA/wav/voicemos2024-track2-sys0009-utt0094.wav,sys0009,voicemos2024-track2-sys0009-utt0094,4.0
/fs/ess/PAS2301/Data/Speech/MOS_datasets/singmos/DATA/wav/voicemos2024-track2-sys0009-utt0096.wav,sys0009,voicemos2024-track2-sys0009-utt0096,4.0
/fs/ess/PAS2301/Data/Speech/MOS_datasets/singmos/DATA/wav/voicemos2024-track2-sys0009-utt0097.wav,sys0009,voicemos2024-track2-sys0009-utt0097,4.0
/fs/ess/PAS2301/Data/Speech/MOS_datasets/singmos/DATA/wav/voicemos2024-track2-sys0010-utt0001.wav,sys0010,voicemos2024-track2-sys0010-utt0001,3.4
/fs/ess/PAS2301/Data/Speech/MOS_datasets/singmos/DATA/wav/voicemos2024-track2-sys0010-utt0002.wav,sys0010,voicemos2024-track2-sys0010-utt0002,4.8
/fs/ess/PAS2301/Data/Speech/MOS_datasets/singmos/DATA/wav/voicemos2024-track2-sys0010-utt0003.wav,sys0010,voicemos2024-track2-sys0010-utt0003,4.2
/fs/ess/PAS2301/Data/Speech/MOS_datasets/singmos/DATA/wav/voicemos2024-track2-sys0010-utt0004.wav,sys0010,voicemos2024-track2-sys0010-utt0004,3.0
/fs/ess/PAS2301/Data/Speech/MOS_datasets/singmos/DATA/wav/voicemos2024-track2-sys0010-utt0005.wav,sys0010,voicemos2024-track2-sys0010-utt0005,5.0
/fs/ess/PAS2301/Data/Speech/MOS_datasets/singmos/DATA/wav/voicemos2024-track2-sys0010-utt0006.wav,sys0010,voicemos2024-track2-sys0010-utt0006,4.6
/fs/ess/PAS2301/Data/Speech/MOS_datasets/singmos/DATA/wav/voicemos2024-track2-sys0010-utt0007.wav,sys0010,voicemos2024-track2-sys0010-utt0007,4.0
/fs/ess/PAS2301/Data/Speech/MOS_datasets/singmos/DATA/wav/voicemos2024-track2-sys0010-utt0009.wav,sys0010,voicemos2024-track2-sys0010-utt0009,4.2
/fs/ess/PAS2301/Data/Speech/MOS_datasets/singmos/DATA/wav/voicemos2024-track2-sys0010-utt0010.wav,sys0010,voicemos2024-track2-sys0010-utt0010,5.0
/fs/ess/PAS2301/Data/Speech/MOS_datasets/singmos/DATA/wav/voicemos2024-track2-sys0010-utt0011.wav,sys0010,voicemos2024-track2-sys0010-utt0011,3.0
/fs/ess/PAS2301/Data/Speech/MOS_datasets/singmos/DATA/wav/voicemos2024-track2-sys0010-utt0012.wav,sys0010,voicemos2024-track2-sys0010-utt0012,3.4
/fs/ess/PAS2301/Data/Speech/MOS_datasets/singmos/DATA/wav/voicemos2024-track2-sys0010-utt0013.wav,sys0010,voicemos2024-track2-sys0010-utt0013,3.4
/fs/ess/PAS2301/Data/Speech/MOS_datasets/singmos/DATA/wav/voicemos2024-track2-sys0010-utt0014.wav,sys0010,voicemos2024-track2-sys0010-utt0014,3.2
/fs/ess/PAS2301/Data/Speech/MOS_datasets/singmos/DATA/wav/voicemos2024-track2-sys0010-utt0015.wav,sys0010,voicemos2024-track2-sys0010-utt0015,3.8
/fs/ess/PAS2301/Data/Speech/MOS_datasets/singmos/DATA/wav/voicemos2024-track2-sys0010-utt0019.wav,sys0010,voicemos2024-track2-sys0010-utt0019,4.2
/fs/ess/PAS2301/Data/Speech/MOS_datasets/singmos/DATA/wav/voicemos2024-track2-sys0010-utt0021.wav,sys0010,voicemos2024-track2-sys0010-utt0021,2.4
/fs/ess/PAS2301/Data/Speech/MOS_datasets/singmos/DATA/wav/voicemos2024-track2-sys0010-utt0022.wav,sys0010,voicemos2024-track2-sys0010-utt0022,3.0
/fs/ess/PAS2301/Data/Speech/MOS_datasets/singmos/DATA/wav/voicemos2024-track2-sys0010-utt0024.wav,sys0010,voicemos2024-track2-sys0010-utt0024,4.2
/fs/ess/PAS2301/Data/Speech/MOS_datasets/singmos/DATA/wav/voicemos2024-track2-sys0010-utt0026.wav,sys0010,voicemos2024-track2-sys0010-utt0026,4.2
/fs/ess/PAS2301/Data/Speech/MOS_datasets/singmos/DATA/wav/voicemos2024-track2-sys0010-utt0028.wav,sys0010,voicemos2024-track2-sys0010-utt0028,2.8
/fs/ess/PAS2301/Data/Speech/MOS_datasets/singmos/DATA/wav/voicemos2024-track2-sys0010-utt0029.wav,sys0010,voicemos2024-track2-sys0010-utt0029,3.4
/fs/ess/PAS2301/Data/Speech/MOS_datasets/singmos/DATA/wav/voicemos2024-track2-sys0010-utt0031.wav,sys0010,voicemos2024-track2-sys0010-utt0031,4.0
/fs/ess/PAS2301/Data/Speech/MOS_datasets/singmos/DATA/wav/voicemos2024-track2-sys0010-utt0033.wav,sys0010,voicemos2024-track2-sys0010-utt0033,2.4
/fs/ess/PAS2301/Data/Speech/MOS_datasets/singmos/DATA/wav/voicemos2024-track2-sys0010-utt0035.wav,sys0010,voicemos2024-track2-sys0010-utt0035,4.2
/fs/ess/PAS2301/Data/Speech/MOS_datasets/singmos/DATA/wav/voicemos2024-track2-sys0010-utt0037.wav,sys0010,voicemos2024-track2-sys0010-utt0037,4.2
/fs/ess/PAS2301/Data/Speech/MOS_datasets/singmos/DATA/wav/voicemos2024-track2-sys0010-utt0038.wav,sys0010,voicemos2024-track2-sys0010-utt0038,3.4
/fs/ess/PAS2301/Data/Speech/MOS_datasets/singmos/DATA/wav/voicemos2024-track2-sys0010-utt0040.wav,sys0010,voicemos2024-track2-sys0010-utt0040,4.2
/fs/ess/PAS2301/Data/Speech/MOS_datasets/singmos/DATA/wav/voicemos2024-track2-sys0010-utt0041.wav,sys0010,voicemos2024-track2-sys0010-utt0041,3.0
/fs/ess/PAS2301/Data/Speech/MOS_datasets/singmos/DATA/wav/voicemos2024-track2-sys0010-utt0046.wav,sys0010,voicemos2024-track2-sys0010-utt0046,4.0
/fs/ess/PAS2301/Data/Speech/MOS_datasets/singmos/DATA/wav/voicemos2024-track2-sys0010-utt0047.wav,sys0010,voicemos2024-track2-sys0010-utt0047,4.0
/fs/ess/PAS2301/Data/Speech/MOS_datasets/singmos/DATA/wav/voicemos2024-track2-sys0010-utt0050.wav,sys0010,voicemos2024-track2-sys0010-utt0050,3.0
/fs/ess/PAS2301/Data/Speech/MOS_datasets/singmos/DATA/wav/voicemos2024-track2-sys0010-utt0051.wav,sys0010,voicemos2024-track2-sys0010-utt0051,4.6
/fs/ess/PAS2301/Data/Speech/MOS_datasets/singmos/DATA/wav/voicemos2024-track2-sys0010-utt0052.wav,sys0010,voicemos2024-track2-sys0010-utt0052,4.6
/fs/ess/PAS2301/Data/Speech/MOS_datasets/singmos/DATA/wav/voicemos2024-track2-sys0010-utt0053.wav,sys0010,voicemos2024-track2-sys0010-utt0053,4.0
/fs/ess/PAS2301/Data/Speech/MOS_datasets/singmos/DATA/wav/voicemos2024-track2-sys0010-utt0054.wav,sys0010,voicemos2024-track2-sys0010-utt0054,4.8
/fs/ess/PAS2301/Data/Speech/MOS_datasets/singmos/DATA/wav/voicemos2024-track2-sys0010-utt0055.wav,sys0010,voicemos2024-track2-sys0010-utt0055,4.2
/fs/ess/PAS2301/Data/Speech/MOS_datasets/singmos/DATA/wav/voicemos2024-track2-sys0010-utt0056.wav,sys0010,voicemos2024-track2-sys0010-utt0056,4.2
/fs/ess/PAS2301/Data/Speech/MOS_datasets/singmos/DATA/wav/voicemos2024-track2-sys0010-utt0057.wav,sys0010,voicemos2024-track2-sys0010-utt0057,4.2
/fs/ess/PAS2301/Data/Speech/MOS_datasets/singmos/DATA/wav/voicemos2024-track2-sys0010-utt0058.wav,sys0010,voicemos2024-track2-sys0010-utt0058,5.0
/fs/ess/PAS2301/Data/Speech/MOS_datasets/singmos/DATA/wav/voicemos2024-track2-sys0010-utt0061.wav,sys0010,voicemos2024-track2-sys0010-utt0061,3.0
/fs/ess/PAS2301/Data/Speech/MOS_datasets/singmos/DATA/wav/voicemos2024-track2-sys0010-utt0064.wav,sys0010,voicemos2024-track2-sys0010-utt0064,3.0
/fs/ess/PAS2301/Data/Speech/MOS_datasets/singmos/DATA/wav/voicemos2024-track2-sys0010-utt0065.wav,sys0010,voicemos2024-track2-sys0010-utt0065,3.0
/fs/ess/PAS2301/Data/Speech/MOS_datasets/singmos/DATA/wav/voicemos2024-track2-sys0010-utt0066.wav,sys0010,voicemos2024-track2-sys0010-utt0066,3.0
/fs/ess/PAS2301/Data/Speech/MOS_datasets/singmos/DATA/wav/voicemos2024-track2-sys0010-utt0067.wav,sys0010,voicemos2024-track2-sys0010-utt0067,3.0
/fs/ess/PAS2301/Data/Speech/MOS_datasets/singmos/DATA/wav/voicemos2024-track2-sys0010-utt0069.wav,sys0010,voicemos2024-track2-sys0010-utt0069,4.6
/fs/ess/PAS2301/Data/Speech/MOS_datasets/singmos/DATA/wav/voicemos2024-track2-sys0010-utt0072.wav,sys0010,voicemos2024-track2-sys0010-utt0072,4.0
/fs/ess/PAS2301/Data/Speech/MOS_datasets/singmos/DATA/wav/voicemos2024-track2-sys0010-utt0073.wav,sys0010,voicemos2024-track2-sys0010-utt0073,4.6
/fs/ess/PAS2301/Data/Speech/MOS_datasets/singmos/DATA/wav/voicemos2024-track2-sys0010-utt0074.wav,sys0010,voicemos2024-track2-sys0010-utt0074,4.0
/fs/ess/PAS2301/Data/Speech/MOS_datasets/singmos/DATA/wav/voicemos2024-track2-sys0010-utt0075.wav,sys0010,voicemos2024-track2-sys0010-utt0075,5.0
/fs/ess/PAS2301/Data/Speech/MOS_datasets/singmos/DATA/wav/voicemos2024-track2-sys0010-utt0076.wav,sys0010,voicemos2024-track2-sys0010-utt0076,4.6
/fs/ess/PAS2301/Data/Speech/MOS_datasets/singmos/DATA/wav/voicemos2024-track2-sys0010-utt0077.wav,sys0010,voicemos2024-track2-sys0010-utt0077,3.4
/fs/ess/PAS2301/Data/Speech/MOS_datasets/singmos/DATA/wav/voicemos2024-track2-sys0010-utt0079.wav,sys0010,voicemos2024-track2-sys0010-utt0079,5.0
/fs/ess/PAS2301/Data/Speech/MOS_datasets/singmos/DATA/wav/voicemos2024-track2-sys0010-utt0080.wav,sys0010,voicemos2024-track2-sys0010-utt0080,4.0
/fs/ess/PAS2301/Data/Speech/MOS_datasets/singmos/DATA/wav/voicemos2024-track2-sys0010-utt0081.wav,sys0010,voicemos2024-track2-sys0010-utt0081,4.0
/fs/ess/PAS2301/Data/Speech/MOS_datasets/singmos/DATA/wav/voicemos2024-track2-sys0010-utt0082.wav,sys0010,voicemos2024-track2-sys0010-utt0082,4.0
/fs/ess/PAS2301/Data/Speech/MOS_datasets/singmos/DATA/wav/voicemos2024-track2-sys0010-utt0084.wav,sys0010,voicemos2024-track2-sys0010-utt0084,3.0
/fs/ess/PAS2301/Data/Speech/MOS_datasets/singmos/DATA/wav/voicemos2024-track2-sys0010-utt0086.wav,sys0010,voicemos2024-track2-sys0010-utt0086,3.0
/fs/ess/PAS2301/Data/Speech/MOS_datasets/singmos/DATA/wav/voicemos2024-track2-sys0010-utt0087.wav,sys0010,voicemos2024-track2-sys0010-utt0087,3.2
/fs/ess/PAS2301/Data/Speech/MOS_datasets/singmos/DATA/wav/voicemos2024-track2-sys0010-utt0089.wav,sys0010,voicemos2024-track2-sys0010-utt0089,3.0
/fs/ess/PAS2301/Data/Speech/MOS_datasets/singmos/DATA/wav/voicemos2024-track2-sys0010-utt0090.wav,sys0010,voicemos2024-track2-sys0010-utt0090,3.8
/fs/ess/PAS2301/Data/Speech/MOS_datasets/singmos/DATA/wav/voicemos2024-track2-sys0010-utt0092.wav,sys0010,voicemos2024-track2-sys0010-utt0092,3.8
/fs/ess/PAS2301/Data/Speech/MOS_datasets/singmos/DATA/wav/voicemos2024-track2-sys0010-utt0093.wav,sys0010,voicemos2024-track2-sys0010-utt0093,4.0
/fs/ess/PAS2301/Data/Speech/MOS_datasets/singmos/DATA/wav/voicemos2024-track2-sys0010-utt0094.wav,sys0010,voicemos2024-track2-sys0010-utt0094,5.0
/fs/ess/PAS2301/Data/Speech/MOS_datasets/singmos/DATA/wav/voicemos2024-track2-sys0010-utt0095.wav,sys0010,voicemos2024-track2-sys0010-utt0095,4.0
/fs/ess/PAS2301/Data/Speech/MOS_datasets/singmos/DATA/wav/voicemos2024-track2-sys0012-utt0001.wav,sys0012,voicemos2024-track2-sys0012-utt0001,3.4
/fs/ess/PAS2301/Data/Speech/MOS_datasets/singmos/DATA/wav/voicemos2024-track2-sys0012-utt0006.wav,sys0012,voicemos2024-track2-sys0012-utt0006,2.6
/fs/ess/PAS2301/Data/Speech/MOS_datasets/singmos/DATA/wav/voicemos2024-track2-sys0012-utt0007.wav,sys0012,voicemos2024-track2-sys0012-utt0007,3.4
/fs/ess/PAS2301/Data/Speech/MOS_datasets/singmos/DATA/wav/voicemos2024-track2-sys0012-utt0008.wav,sys0012,voicemos2024-track2-sys0012-utt0008,4.2
/fs/ess/PAS2301/Data/Speech/MOS_datasets/singmos/DATA/wav/voicemos2024-track2-sys0012-utt0010.wav,sys0012,voicemos2024-track2-sys0012-utt0010,3.8
/fs/ess/PAS2301/Data/Speech/MOS_datasets/singmos/DATA/wav/voicemos2024-track2-sys0012-utt0012.wav,sys0012,voicemos2024-track2-sys0012-utt0012,3.4
/fs/ess/PAS2301/Data/Speech/MOS_datasets/singmos/DATA/wav/voicemos2024-track2-sys0012-utt0015.wav,sys0012,voicemos2024-track2-sys0012-utt0015,3.4
/fs/ess/PAS2301/Data/Speech/MOS_datasets/singmos/DATA/wav/voicemos2024-track2-sys0012-utt0016.wav,sys0012,voicemos2024-track2-sys0012-utt0016,3.6
/fs/ess/PAS2301/Data/Speech/MOS_datasets/singmos/DATA/wav/voicemos2024-track2-sys0012-utt0018.wav,sys0012,voicemos2024-track2-sys0012-utt0018,4.6
/fs/ess/PAS2301/Data/Speech/MOS_datasets/singmos/DATA/wav/voicemos2024-track2-sys0012-utt0019.wav,sys0012,voicemos2024-track2-sys0012-utt0019,2.8
/fs/ess/PAS2301/Data/Speech/MOS_datasets/singmos/DATA/wav/voicemos2024-track2-sys0012-utt0020.wav,sys0012,voicemos2024-track2-sys0012-utt0020,3.4
/fs/ess/PAS2301/Data/Speech/MOS_datasets/singmos/DATA/wav/voicemos2024-track2-sys0012-utt0021.wav,sys0012,voicemos2024-track2-sys0012-utt0021,4.0
/fs/ess/PAS2301/Data/Speech/MOS_datasets/singmos/DATA/wav/voicemos2024-track2-sys0012-utt0022.wav,sys0012,voicemos2024-track2-sys0012-utt0022,4.2
/fs/ess/PAS2301/Data/Speech/MOS_datasets/singmos/DATA/wav/voicemos2024-track2-sys0012-utt0023.wav,sys0012,voicemos2024-track2-sys0012-utt0023,3.0
/fs/ess/PAS2301/Data/Speech/MOS_datasets/singmos/DATA/wav/voicemos2024-track2-sys0012-utt0026.wav,sys0012,voicemos2024-track2-sys0012-utt0026,2.4
/fs/ess/PAS2301/Data/Speech/MOS_datasets/singmos/DATA/wav/voicemos2024-track2-sys0012-utt0028.wav,sys0012,voicemos2024-track2-sys0012-utt0028,1.6
/fs/ess/PAS2301/Data/Speech/MOS_datasets/singmos/DATA/wav/voicemos2024-track2-sys0012-utt0029.wav,sys0012,voicemos2024-track2-sys0012-utt0029,2.0
/fs/ess/PAS2301/Data/Speech/MOS_datasets/singmos/DATA/wav/voicemos2024-track2-sys0012-utt0030.wav,sys0012,voicemos2024-track2-sys0012-utt0030,4.0
/fs/ess/PAS2301/Data/Speech/MOS_datasets/singmos/DATA/wav/voicemos2024-track2-sys0012-utt0031.wav,sys0012,voicemos2024-track2-sys0012-utt0031,4.8
/fs/ess/PAS2301/Data/Speech/MOS_datasets/singmos/DATA/wav/voicemos2024-track2-sys0012-utt0032.wav,sys0012,voicemos2024-track2-sys0012-utt0032,1.6
/fs/ess/PAS2301/Data/Speech/MOS_datasets/singmos/DATA/wav/voicemos2024-track2-sys0012-utt0033.wav,sys0012,voicemos2024-track2-sys0012-utt0033,3.0
/fs/ess/PAS2301/Data/Speech/MOS_datasets/singmos/DATA/wav/voicemos2024-track2-sys0012-utt0034.wav,sys0012,voicemos2024-track2-sys0012-utt0034,4.2
/fs/ess/PAS2301/Data/Speech/MOS_datasets/singmos/DATA/wav/voicemos2024-track2-sys0012-utt0035.wav,sys0012,voicemos2024-track2-sys0012-utt0035,3.2
/fs/ess/PAS2301/Data/Speech/MOS_datasets/singmos/DATA/wav/voicemos2024-track2-sys0012-utt0036.wav,sys0012,voicemos2024-track2-sys0012-utt0036,4.0
/fs/ess/PAS2301/Data/Speech/MOS_datasets/singmos/DATA/wav/voicemos2024-track2-sys0012-utt0037.wav,sys0012,voicemos2024-track2-sys0012-utt0037,4.0
/fs/ess/PAS2301/Data/Speech/MOS_datasets/singmos/DATA/wav/voicemos2024-track2-sys0012-utt0038.wav,sys0012,voicemos2024-track2-sys0012-utt0038,4.2
/fs/ess/PAS2301/Data/Speech/MOS_datasets/singmos/DATA/wav/voicemos2024-track2-sys0012-utt0039.wav,sys0012,voicemos2024-track2-sys0012-utt0039,3.2
/fs/ess/PAS2301/Data/Speech/MOS_datasets/singmos/DATA/wav/voicemos2024-track2-sys0012-utt0040.wav,sys0012,voicemos2024-track2-sys0012-utt0040,4.2
/fs/ess/PAS2301/Data/Speech/MOS_datasets/singmos/DATA/wav/voicemos2024-track2-sys0012-utt0041.wav,sys0012,voicemos2024-track2-sys0012-utt0041,3.6
/fs/ess/PAS2301/Data/Speech/MOS_datasets/singmos/DATA/wav/voicemos2024-track2-sys0012-utt0042.wav,sys0012,voicemos2024-track2-sys0012-utt0042,4.2
/fs/ess/PAS2301/Data/Speech/MOS_datasets/singmos/DATA/wav/voicemos2024-track2-sys0012-utt0043.wav,sys0012,voicemos2024-track2-sys0012-utt0043,4.0
/fs/ess/PAS2301/Data/Speech/MOS_datasets/singmos/DATA/wav/voicemos2024-track2-sys0012-utt0044.wav,sys0012,voicemos2024-track2-sys0012-utt0044,4.0
/fs/ess/PAS2301/Data/Speech/MOS_datasets/singmos/DATA/wav/voicemos2024-track2-sys0012-utt0045.wav,sys0012,voicemos2024-track2-sys0012-utt0045,4.0
/fs/ess/PAS2301/Data/Speech/MOS_datasets/singmos/DATA/wav/voicemos2024-track2-sys0012-utt0046.wav,sys0012,voicemos2024-track2-sys0012-utt0046,4.4
/fs/ess/PAS2301/Data/Speech/MOS_datasets/singmos/DATA/wav/voicemos2024-track2-sys0012-utt0048.wav,sys0012,voicemos2024-track2-sys0012-utt0048,4.2
/fs/ess/PAS2301/Data/Speech/MOS_datasets/singmos/DATA/wav/voicemos2024-track2-sys0012-utt0049.wav,sys0012,voicemos2024-track2-sys0012-utt0049,3.6
/fs/ess/PAS2301/Data/Speech/MOS_datasets/singmos/DATA/wav/voicemos2024-track2-sys0012-utt0050.wav,sys0012,voicemos2024-track2-sys0012-utt0050,2.8
/fs/ess/PAS2301/Data/Speech/MOS_datasets/singmos/DATA/wav/voicemos2024-track2-sys0012-utt0051.wav,sys0012,voicemos2024-track2-sys0012-utt0051,3.2
/fs/ess/PAS2301/Data/Speech/MOS_datasets/singmos/DATA/wav/voicemos2024-track2-sys0012-utt0053.wav,sys0012,voicemos2024-track2-sys0012-utt0053,3.0
/fs/ess/PAS2301/Data/Speech/MOS_datasets/singmos/DATA/wav/voicemos2024-track2-sys0012-utt0054.wav,sys0012,voicemos2024-track2-sys0012-utt0054,4.0
/fs/ess/PAS2301/Data/Speech/MOS_datasets/singmos/DATA/wav/voicemos2024-track2-sys0012-utt0057.wav,sys0012,voicemos2024-track2-sys0012-utt0057,4.0
/fs/ess/PAS2301/Data/Speech/MOS_datasets/singmos/DATA/wav/voicemos2024-track2-sys0012-utt0058.wav,sys0012,voicemos2024-track2-sys0012-utt0058,3.2
/fs/ess/PAS2301/Data/Speech/MOS_datasets/singmos/DATA/wav/voicemos2024-track2-sys0012-utt0059.wav,sys0012,voicemos2024-track2-sys0012-utt0059,2.0
/fs/ess/PAS2301/Data/Speech/MOS_datasets/singmos/DATA/wav/voicemos2024-track2-sys0012-utt0060.wav,sys0012,voicemos2024-track2-sys0012-utt0060,5.0
/fs/ess/PAS2301/Data/Speech/MOS_datasets/singmos/DATA/wav/voicemos2024-track2-sys0012-utt0061.wav,sys0012,voicemos2024-track2-sys0012-utt0061,3.2
/fs/ess/PAS2301/Data/Speech/MOS_datasets/singmos/DATA/wav/voicemos2024-track2-sys0012-utt0062.wav,sys0012,voicemos2024-track2-sys0012-utt0062,4.4
/fs/ess/PAS2301/Data/Speech/MOS_datasets/singmos/DATA/wav/voicemos2024-track2-sys0012-utt0063.wav,sys0012,voicemos2024-track2-sys0012-utt0063,4.0
/fs/ess/PAS2301/Data/Speech/MOS_datasets/singmos/DATA/wav/voicemos2024-track2-sys0012-utt0066.wav,sys0012,voicemos2024-track2-sys0012-utt0066,3.0
/fs/ess/PAS2301/Data/Speech/MOS_datasets/singmos/DATA/wav/voicemos2024-track2-sys0012-utt0068.wav,sys0012,voicemos2024-track2-sys0012-utt0068,4.0
/fs/ess/PAS2301/Data/Speech/MOS_datasets/singmos/DATA/wav/voicemos2024-track2-sys0012-utt0069.wav,sys0012,voicemos2024-track2-sys0012-utt0069,4.0
/fs/ess/PAS2301/Data/Speech/MOS_datasets/singmos/DATA/wav/voicemos2024-track2-sys0012-utt0070.wav,sys0012,voicemos2024-track2-sys0012-utt0070,2.8
/fs/ess/PAS2301/Data/Speech/MOS_datasets/singmos/DATA/wav/voicemos2024-track2-sys0012-utt0071.wav,sys0012,voicemos2024-track2-sys0012-utt0071,4.4
/fs/ess/PAS2301/Data/Speech/MOS_datasets/singmos/DATA/wav/voicemos2024-track2-sys0012-utt0075.wav,sys0012,voicemos2024-track2-sys0012-utt0075,4.0
/fs/ess/PAS2301/Data/Speech/MOS_datasets/singmos/DATA/wav/voicemos2024-track2-sys0012-utt0079.wav,sys0012,voicemos2024-track2-sys0012-utt0079,4.0
/fs/ess/PAS2301/Data/Speech/MOS_datasets/singmos/DATA/wav/voicemos2024-track2-sys0012-utt0080.wav,sys0012,voicemos2024-track2-sys0012-utt0080,4.0
/fs/ess/PAS2301/Data/Speech/MOS_datasets/singmos/DATA/wav/voicemos2024-track2-sys0012-utt0082.wav,sys0012,voicemos2024-track2-sys0012-utt0082,4.0
/fs/ess/PAS2301/Data/Speech/MOS_datasets/singmos/DATA/wav/voicemos2024-track2-sys0012-utt0083.wav,sys0012,voicemos2024-track2-sys0012-utt0083,3.0
/fs/ess/PAS2301/Data/Speech/MOS_datasets/singmos/DATA/wav/voicemos2024-track2-sys0012-utt0084.wav,sys0012,voicemos2024-track2-sys0012-utt0084,3.2
/fs/ess/PAS2301/Data/Speech/MOS_datasets/singmos/DATA/wav/voicemos2024-track2-sys0012-utt0085.wav,sys0012,voicemos2024-track2-sys0012-utt0085,4.0
/fs/ess/PAS2301/Data/Speech/MOS_datasets/singmos/DATA/wav/voicemos2024-track2-sys0012-utt0088.wav,sys0012,voicemos2024-track2-sys0012-utt0088,4.0
/fs/ess/PAS2301/Data/Speech/MOS_datasets/singmos/DATA/wav/voicemos2024-track2-sys0012-utt0089.wav,sys0012,voicemos2024-track2-sys0012-utt0089,3.0
/fs/ess/PAS2301/Data/Speech/MOS_datasets/singmos/DATA/wav/voicemos2024-track2-sys0012-utt0090.wav,sys0012,voicemos2024-track2-sys0012-utt0090,4.0
/fs/ess/PAS2301/Data/Speech/MOS_datasets/singmos/DATA/wav/voicemos2024-track2-sys0012-utt0095.wav,sys0012,voicemos2024-track2-sys0012-utt0095,3.0
/fs/ess/PAS2301/Data/Speech/MOS_datasets/singmos/DATA/wav/voicemos2024-track2-sys0012-utt0096.wav,sys0012,voicemos2024-track2-sys0012-utt0096,3.0
/fs/ess/PAS2301/Data/Speech/MOS_datasets/singmos/DATA/wav/voicemos2024-track2-sys0013-utt0003.wav,sys0013,voicemos2024-track2-sys0013-utt0003,4.2
/fs/ess/PAS2301/Data/Speech/MOS_datasets/singmos/DATA/wav/voicemos2024-track2-sys0013-utt0004.wav,sys0013,voicemos2024-track2-sys0013-utt0004,3.0
/fs/ess/PAS2301/Data/Speech/MOS_datasets/singmos/DATA/wav/voicemos2024-track2-sys0013-utt0008.wav,sys0013,voicemos2024-track2-sys0013-utt0008,4.2
/fs/ess/PAS2301/Data/Speech/MOS_datasets/singmos/DATA/wav/voicemos2024-track2-sys0013-utt0009.wav,sys0013,voicemos2024-track2-sys0013-utt0009,3.8
/fs/ess/PAS2301/Data/Speech/MOS_datasets/singmos/DATA/wav/voicemos2024-track2-sys0013-utt0011.wav,sys0013,voicemos2024-track2-sys0013-utt0011,5.0
/fs/ess/PAS2301/Data/Speech/MOS_datasets/singmos/DATA/wav/voicemos2024-track2-sys0013-utt0012.wav,sys0013,voicemos2024-track2-sys0013-utt0012,3.8
/fs/ess/PAS2301/Data/Speech/MOS_datasets/singmos/DATA/wav/voicemos2024-track2-sys0013-utt0014.wav,sys0013,voicemos2024-track2-sys0013-utt0014,3.8
/fs/ess/PAS2301/Data/Speech/MOS_datasets/singmos/DATA/wav/voicemos2024-track2-sys0013-utt0015.wav,sys0013,voicemos2024-track2-sys0013-utt0015,4.0
/fs/ess/PAS2301/Data/Speech/MOS_datasets/singmos/DATA/wav/voicemos2024-track2-sys0013-utt0016.wav,sys0013,voicemos2024-track2-sys0013-utt0016,4.0
/fs/ess/PAS2301/Data/Speech/MOS_datasets/singmos/DATA/wav/voicemos2024-track2-sys0013-utt0019.wav,sys0013,voicemos2024-track2-sys0013-utt0019,4.8
/fs/ess/PAS2301/Data/Speech/MOS_datasets/singmos/DATA/wav/voicemos2024-track2-sys0013-utt0020.wav,sys0013,voicemos2024-track2-sys0013-utt0020,4.6
/fs/ess/PAS2301/Data/Speech/MOS_datasets/singmos/DATA/wav/voicemos2024-track2-sys0013-utt0022.wav,sys0013,voicemos2024-track2-sys0013-utt0022,5.0
/fs/ess/PAS2301/Data/Speech/MOS_datasets/singmos/DATA/wav/voicemos2024-track2-sys0013-utt0023.wav,sys0013,voicemos2024-track2-sys0013-utt0023,4.0
/fs/ess/PAS2301/Data/Speech/MOS_datasets/singmos/DATA/wav/voicemos2024-track2-sys0013-utt0024.wav,sys0013,voicemos2024-track2-sys0013-utt0024,4.0
/fs/ess/PAS2301/Data/Speech/MOS_datasets/singmos/DATA/wav/voicemos2024-track2-sys0013-utt0025.wav,sys0013,voicemos2024-track2-sys0013-utt0025,4.2
/fs/ess/PAS2301/Data/Speech/MOS_datasets/singmos/DATA/wav/voicemos2024-track2-sys0013-utt0027.wav,sys0013,voicemos2024-track2-sys0013-utt0027,4.2
/fs/ess/PAS2301/Data/Speech/MOS_datasets/singmos/DATA/wav/voicemos2024-track2-sys0013-utt0028.wav,sys0013,voicemos2024-track2-sys0013-utt0028,3.0
/fs/ess/PAS2301/Data/Speech/MOS_datasets/singmos/DATA/wav/voicemos2024-track2-sys0013-utt0029.wav,sys0013,voicemos2024-track2-sys0013-utt0029,4.8
/fs/ess/PAS2301/Data/Speech/MOS_datasets/singmos/DATA/wav/voicemos2024-track2-sys0013-utt0030.wav,sys0013,voicemos2024-track2-sys0013-utt0030,3.2
/fs/ess/PAS2301/Data/Speech/MOS_datasets/singmos/DATA/wav/voicemos2024-track2-sys0013-utt0031.wav,sys0013,voicemos2024-track2-sys0013-utt0031,4.8
/fs/ess/PAS2301/Data/Speech/MOS_datasets/singmos/DATA/wav/voicemos2024-track2-sys0013-utt0034.wav,sys0013,voicemos2024-track2-sys0013-utt0034,4.0
/fs/ess/PAS2301/Data/Speech/MOS_datasets/singmos/DATA/wav/voicemos2024-track2-sys0013-utt0035.wav,sys0013,voicemos2024-track2-sys0013-utt0035,4.2
/fs/ess/PAS2301/Data/Speech/MOS_datasets/singmos/DATA/wav/voicemos2024-track2-sys0013-utt0038.wav,sys0013,voicemos2024-track2-sys0013-utt0038,3.8
/fs/ess/PAS2301/Data/Speech/MOS_datasets/singmos/DATA/wav/voicemos2024-track2-sys0013-utt0039.wav,sys0013,voicemos2024-track2-sys0013-utt0039,4.2
/fs/ess/PAS2301/Data/Speech/MOS_datasets/singmos/DATA/wav/voicemos2024-track2-sys0013-utt0040.wav,sys0013,voicemos2024-track2-sys0013-utt0040,5.0
/fs/ess/PAS2301/Data/Speech/MOS_datasets/singmos/DATA/wav/voicemos2024-track2-sys0013-utt0041.wav,sys0013,voicemos2024-track2-sys0013-utt0041,3.4
/fs/ess/PAS2301/Data/Speech/MOS_datasets/singmos/DATA/wav/voicemos2024-track2-sys0013-utt0042.wav,sys0013,voicemos2024-track2-sys0013-utt0042,4.0
/fs/ess/PAS2301/Data/Speech/MOS_datasets/singmos/DATA/wav/voicemos2024-track2-sys0013-utt0043.wav,sys0013,voicemos2024-track2-sys0013-utt0043,4.8
/fs/ess/PAS2301/Data/Speech/MOS_datasets/singmos/DATA/wav/voicemos2024-track2-sys0013-utt0044.wav,sys0013,voicemos2024-track2-sys0013-utt0044,5.0
/fs/ess/PAS2301/Data/Speech/MOS_datasets/singmos/DATA/wav/voicemos2024-track2-sys0013-utt0046.wav,sys0013,voicemos2024-track2-sys0013-utt0046,4.0
/fs/ess/PAS2301/Data/Speech/MOS_datasets/singmos/DATA/wav/voicemos2024-track2-sys0013-utt0047.wav,sys0013,voicemos2024-track2-sys0013-utt0047,4.8
/fs/ess/PAS2301/Data/Speech/MOS_datasets/singmos/DATA/wav/voicemos2024-track2-sys0013-utt0048.wav,sys0013,voicemos2024-track2-sys0013-utt0048,4.2
/fs/ess/PAS2301/Data/Speech/MOS_datasets/singmos/DATA/wav/voicemos2024-track2-sys0013-utt0049.wav,sys0013,voicemos2024-track2-sys0013-utt0049,5.0
/fs/ess/PAS2301/Data/Speech/MOS_datasets/singmos/DATA/wav/voicemos2024-track2-sys0013-utt0050.wav,sys0013,voicemos2024-track2-sys0013-utt0050,5.0
/fs/ess/PAS2301/Data/Speech/MOS_datasets/singmos/DATA/wav/voicemos2024-track2-sys0013-utt0052.wav,sys0013,voicemos2024-track2-sys0013-utt0052,4.4
/fs/ess/PAS2301/Data/Speech/MOS_datasets/singmos/DATA/wav/voicemos2024-track2-sys0013-utt0053.wav,sys0013,voicemos2024-track2-sys0013-utt0053,4.8
/fs/ess/PAS2301/Data/Speech/MOS_datasets/singmos/DATA/wav/voicemos2024-track2-sys0013-utt0055.wav,sys0013,voicemos2024-track2-sys0013-utt0055,5.0
/fs/ess/PAS2301/Data/Speech/MOS_datasets/singmos/DATA/wav/voicemos2024-track2-sys0013-utt0056.wav,sys0013,voicemos2024-track2-sys0013-utt0056,5.0
/fs/ess/PAS2301/Data/Speech/MOS_datasets/singmos/DATA/wav/voicemos2024-track2-sys0013-utt0057.wav,sys0013,voicemos2024-track2-sys0013-utt0057,5.0
/fs/ess/PAS2301/Data/Speech/MOS_datasets/singmos/DATA/wav/voicemos2024-track2-sys0013-utt0059.wav,sys0013,voicemos2024-track2-sys0013-utt0059,5.0
/fs/ess/PAS2301/Data/Speech/MOS_datasets/singmos/DATA/wav/voicemos2024-track2-sys0013-utt0061.wav,sys0013,voicemos2024-track2-sys0013-utt0061,5.0
/fs/ess/PAS2301/Data/Speech/MOS_datasets/singmos/DATA/wav/voicemos2024-track2-sys0013-utt0063.wav,sys0013,voicemos2024-track2-sys0013-utt0063,5.0
/fs/ess/PAS2301/Data/Speech/MOS_datasets/singmos/DATA/wav/voicemos2024-track2-sys0013-utt0064.wav,sys0013,voicemos2024-track2-sys0013-utt0064,4.6
/fs/ess/PAS2301/Data/Speech/MOS_datasets/singmos/DATA/wav/voicemos2024-track2-sys0013-utt0065.wav,sys0013,voicemos2024-track2-sys0013-utt0065,5.0
/fs/ess/PAS2301/Data/Speech/MOS_datasets/singmos/DATA/wav/voicemos2024-track2-sys0013-utt0066.wav,sys0013,voicemos2024-track2-sys0013-utt0066,4.4
/fs/ess/PAS2301/Data/Speech/MOS_datasets/singmos/DATA/wav/voicemos2024-track2-sys0013-utt0068.wav,sys0013,voicemos2024-track2-sys0013-utt0068,4.4
/fs/ess/PAS2301/Data/Speech/MOS_datasets/singmos/DATA/wav/voicemos2024-track2-sys0013-utt0070.wav,sys0013,voicemos2024-track2-sys0013-utt0070,5.0
/fs/ess/PAS2301/Data/Speech/MOS_datasets/singmos/DATA/wav/voicemos2024-track2-sys0013-utt0072.wav,sys0013,voicemos2024-track2-sys0013-utt0072,5.0
/fs/ess/PAS2301/Data/Speech/MOS_datasets/singmos/DATA/wav/voicemos2024-track2-sys0013-utt0073.wav,sys0013,voicemos2024-track2-sys0013-utt0073,5.0
/fs/ess/PAS2301/Data/Speech/MOS_datasets/singmos/DATA/wav/voicemos2024-track2-sys0013-utt0074.wav,sys0013,voicemos2024-track2-sys0013-utt0074,4.6
/fs/ess/PAS2301/Data/Speech/MOS_datasets/singmos/DATA/wav/voicemos2024-track2-sys0013-utt0075.wav,sys0013,voicemos2024-track2-sys0013-utt0075,5.0
/fs/ess/PAS2301/Data/Speech/MOS_datasets/singmos/DATA/wav/voicemos2024-track2-sys0013-utt0077.wav,sys0013,voicemos2024-track2-sys0013-utt0077,5.0
/fs/ess/PAS2301/Data/Speech/MOS_datasets/singmos/DATA/wav/voicemos2024-track2-sys0013-utt0079.wav,sys0013,voicemos2024-track2-sys0013-utt0079,5.0
/fs/ess/PAS2301/Data/Speech/MOS_datasets/singmos/DATA/wav/voicemos2024-track2-sys0013-utt0082.wav,sys0013,voicemos2024-track2-sys0013-utt0082,4.0
/fs/ess/PAS2301/Data/Speech/MOS_datasets/singmos/DATA/wav/voicemos2024-track2-sys0013-utt0084.wav,sys0013,voicemos2024-track2-sys0013-utt0084,5.0
/fs/ess/PAS2301/Data/Speech/MOS_datasets/singmos/DATA/wav/voicemos2024-track2-sys0013-utt0088.wav,sys0013,voicemos2024-track2-sys0013-utt0088,5.0
/fs/ess/PAS2301/Data/Speech/MOS_datasets/singmos/DATA/wav/voicemos2024-track2-sys0013-utt0089.wav,sys0013,voicemos2024-track2-sys0013-utt0089,5.0
/fs/ess/PAS2301/Data/Speech/MOS_datasets/singmos/DATA/wav/voicemos2024-track2-sys0013-utt0091.wav,sys0013,voicemos2024-track2-sys0013-utt0091,5.0
/fs/ess/PAS2301/Data/Speech/MOS_datasets/singmos/DATA/wav/voicemos2024-track2-sys0013-utt0092.wav,sys0013,voicemos2024-track2-sys0013-utt0092,3.0
/fs/ess/PAS2301/Data/Speech/MOS_datasets/singmos/DATA/wav/voicemos2024-track2-sys0013-utt0093.wav,sys0013,voicemos2024-track2-sys0013-utt0093,5.0
/fs/ess/PAS2301/Data/Speech/MOS_datasets/singmos/DATA/wav/voicemos2024-track2-sys0013-utt0095.wav,sys0013,voicemos2024-track2-sys0013-utt0095,4.0
/fs/ess/PAS2301/Data/Speech/MOS_datasets/singmos/DATA/wav/voicemos2024-track2-sys0013-utt0096.wav,sys0013,voicemos2024-track2-sys0013-utt0096,4.0
/fs/ess/PAS2301/Data/Speech/MOS_datasets/singmos/DATA/wav/voicemos2024-track2-sys0014-utt0001.wav,sys0014,voicemos2024-track2-sys0014-utt0001,2.4
/fs/ess/PAS2301/Data/Speech/MOS_datasets/singmos/DATA/wav/voicemos2024-track2-sys0014-utt0002.wav,sys0014,voicemos2024-track2-sys0014-utt0002,2.8
/fs/ess/PAS2301/Data/Speech/MOS_datasets/singmos/DATA/wav/voicemos2024-track2-sys0014-utt0003.wav,sys0014,voicemos2024-track2-sys0014-utt0003,1.8
/fs/ess/PAS2301/Data/Speech/MOS_datasets/singmos/DATA/wav/voicemos2024-track2-sys0014-utt0005.wav,sys0014,voicemos2024-track2-sys0014-utt0005,3.0
/fs/ess/PAS2301/Data/Speech/MOS_datasets/singmos/DATA/wav/voicemos2024-track2-sys0014-utt0006.wav,sys0014,voicemos2024-track2-sys0014-utt0006,1.2
/fs/ess/PAS2301/Data/Speech/MOS_datasets/singmos/DATA/wav/voicemos2024-track2-sys0014-utt0007.wav,sys0014,voicemos2024-track2-sys0014-utt0007,2.6
/fs/ess/PAS2301/Data/Speech/MOS_datasets/singmos/DATA/wav/voicemos2024-track2-sys0014-utt0008.wav,sys0014,voicemos2024-track2-sys0014-utt0008,2.4
/fs/ess/PAS2301/Data/Speech/MOS_datasets/singmos/DATA/wav/voicemos2024-track2-sys0014-utt0009.wav,sys0014,voicemos2024-track2-sys0014-utt0009,2.6
/fs/ess/PAS2301/Data/Speech/MOS_datasets/singmos/DATA/wav/voicemos2024-track2-sys0014-utt0010.wav,sys0014,voicemos2024-track2-sys0014-utt0010,2.8
/fs/ess/PAS2301/Data/Speech/MOS_datasets/singmos/DATA/wav/voicemos2024-track2-sys0014-utt0011.wav,sys0014,voicemos2024-track2-sys0014-utt0011,3.0
/fs/ess/PAS2301/Data/Speech/MOS_datasets/singmos/DATA/wav/voicemos2024-track2-sys0014-utt0012.wav,sys0014,voicemos2024-track2-sys0014-utt0012,2.6
/fs/ess/PAS2301/Data/Speech/MOS_datasets/singmos/DATA/wav/voicemos2024-track2-sys0014-utt0013.wav,sys0014,voicemos2024-track2-sys0014-utt0013,1.4
/fs/ess/PAS2301/Data/Speech/MOS_datasets/singmos/DATA/wav/voicemos2024-track2-sys0014-utt0015.wav,sys0014,voicemos2024-track2-sys0014-utt0015,3.0
/fs/ess/PAS2301/Data/Speech/MOS_datasets/singmos/DATA/wav/voicemos2024-track2-sys0014-utt0019.wav,sys0014,voicemos2024-track2-sys0014-utt0019,3.6
/fs/ess/PAS2301/Data/Speech/MOS_datasets/singmos/DATA/wav/voicemos2024-track2-sys0014-utt0020.wav,sys0014,voicemos2024-track2-sys0014-utt0020,2.8
/fs/ess/PAS2301/Data/Speech/MOS_datasets/singmos/DATA/wav/voicemos2024-track2-sys0014-utt0021.wav,sys0014,voicemos2024-track2-sys0014-utt0021,3.0
/fs/ess/PAS2301/Data/Speech/MOS_datasets/singmos/DATA/wav/voicemos2024-track2-sys0014-utt0022.wav,sys0014,voicemos2024-track2-sys0014-utt0022,2.8
/fs/ess/PAS2301/Data/Speech/MOS_datasets/singmos/DATA/wav/voicemos2024-track2-sys0014-utt0023.wav,sys0014,voicemos2024-track2-sys0014-utt0023,2.6
/fs/ess/PAS2301/Data/Speech/MOS_datasets/singmos/DATA/wav/voicemos2024-track2-sys0014-utt0024.wav,sys0014,voicemos2024-track2-sys0014-utt0024,3.0
/fs/ess/PAS2301/Data/Speech/MOS_datasets/singmos/DATA/wav/voicemos2024-track2-sys0014-utt0025.wav,sys0014,voicemos2024-track2-sys0014-utt0025,4.2
/fs/ess/PAS2301/Data/Speech/MOS_datasets/singmos/DATA/wav/voicemos2024-track2-sys0014-utt0027.wav,sys0014,voicemos2024-track2-sys0014-utt0027,2.4
/fs/ess/PAS2301/Data/Speech/MOS_datasets/singmos/DATA/wav/voicemos2024-track2-sys0014-utt0028.wav,sys0014,voicemos2024-track2-sys0014-utt0028,3.4
/fs/ess/PAS2301/Data/Speech/MOS_datasets/singmos/DATA/wav/voicemos2024-track2-sys0014-utt0030.wav,sys0014,voicemos2024-track2-sys0014-utt0030,4.0
/fs/ess/PAS2301/Data/Speech/MOS_datasets/singmos/DATA/wav/voicemos2024-track2-sys0014-utt0034.wav,sys0014,voicemos2024-track2-sys0014-utt0034,1.4
/fs/ess/PAS2301/Data/Speech/MOS_datasets/singmos/DATA/wav/voicemos2024-track2-sys0014-utt0036.wav,sys0014,voicemos2024-track2-sys0014-utt0036,4.2
/fs/ess/PAS2301/Data/Speech/MOS_datasets/singmos/DATA/wav/voicemos2024-track2-sys0014-utt0039.wav,sys0014,voicemos2024-track2-sys0014-utt0039,3.0
/fs/ess/PAS2301/Data/Speech/MOS_datasets/singmos/DATA/wav/voicemos2024-track2-sys0014-utt0040.wav,sys0014,voicemos2024-track2-sys0014-utt0040,2.4
/fs/ess/PAS2301/Data/Speech/MOS_datasets/singmos/DATA/wav/voicemos2024-track2-sys0014-utt0042.wav,sys0014,voicemos2024-track2-sys0014-utt0042,5.0
/fs/ess/PAS2301/Data/Speech/MOS_datasets/singmos/DATA/wav/voicemos2024-track2-sys0014-utt0044.wav,sys0014,voicemos2024-track2-sys0014-utt0044,3.2
/fs/ess/PAS2301/Data/Speech/MOS_datasets/singmos/DATA/wav/voicemos2024-track2-sys0014-utt0045.wav,sys0014,voicemos2024-track2-sys0014-utt0045,4.2
/fs/ess/PAS2301/Data/Speech/MOS_datasets/singmos/DATA/wav/voicemos2024-track2-sys0014-utt0046.wav,sys0014,voicemos2024-track2-sys0014-utt0046,3.0
/fs/ess/PAS2301/Data/Speech/MOS_datasets/singmos/DATA/wav/voicemos2024-track2-sys0014-utt0052.wav,sys0014,voicemos2024-track2-sys0014-utt0052,3.2
/fs/ess/PAS2301/Data/Speech/MOS_datasets/singmos/DATA/wav/voicemos2024-track2-sys0014-utt0053.wav,sys0014,voicemos2024-track2-sys0014-utt0053,3.0
/fs/ess/PAS2301/Data/Speech/MOS_datasets/singmos/DATA/wav/voicemos2024-track2-sys0014-utt0055.wav,sys0014,voicemos2024-track2-sys0014-utt0055,4.0
/fs/ess/PAS2301/Data/Speech/MOS_datasets/singmos/DATA/wav/voicemos2024-track2-sys0014-utt0056.wav,sys0014,voicemos2024-track2-sys0014-utt0056,3.0
/fs/ess/PAS2301/Data/Speech/MOS_datasets/singmos/DATA/wav/voicemos2024-track2-sys0014-utt0057.wav,sys0014,voicemos2024-track2-sys0014-utt0057,4.2
/fs/ess/PAS2301/Data/Speech/MOS_datasets/singmos/DATA/wav/voicemos2024-track2-sys0014-utt0058.wav,sys0014,voicemos2024-track2-sys0014-utt0058,3.4
/fs/ess/PAS2301/Data/Speech/MOS_datasets/singmos/DATA/wav/voicemos2024-track2-sys0014-utt0059.wav,sys0014,voicemos2024-track2-sys0014-utt0059,3.0
/fs/ess/PAS2301/Data/Speech/MOS_datasets/singmos/DATA/wav/voicemos2024-track2-sys0014-utt0060.wav,sys0014,voicemos2024-track2-sys0014-utt0060,3.0
/fs/ess/PAS2301/Data/Speech/MOS_datasets/singmos/DATA/wav/voicemos2024-track2-sys0014-utt0062.wav,sys0014,voicemos2024-track2-sys0014-utt0062,3.0
/fs/ess/PAS2301/Data/Speech/MOS_datasets/singmos/DATA/wav/voicemos2024-track2-sys0014-utt0063.wav,sys0014,voicemos2024-track2-sys0014-utt0063,3.6
/fs/ess/PAS2301/Data/Speech/MOS_datasets/singmos/DATA/wav/voicemos2024-track2-sys0014-utt0065.wav,sys0014,voicemos2024-track2-sys0014-utt0065,4.2
/fs/ess/PAS2301/Data/Speech/MOS_datasets/singmos/DATA/wav/voicemos2024-track2-sys0014-utt0069.wav,sys0014,voicemos2024-track2-sys0014-utt0069,3.2
/fs/ess/PAS2301/Data/Speech/MOS_datasets/singmos/DATA/wav/voicemos2024-track2-sys0014-utt0070.wav,sys0014,voicemos2024-track2-sys0014-utt0070,4.0
/fs/ess/PAS2301/Data/Speech/MOS_datasets/singmos/DATA/wav/voicemos2024-track2-sys0014-utt0074.wav,sys0014,voicemos2024-track2-sys0014-utt0074,3.2
/fs/ess/PAS2301/Data/Speech/MOS_datasets/singmos/DATA/wav/voicemos2024-track2-sys0014-utt0075.wav,sys0014,voicemos2024-track2-sys0014-utt0075,3.0
/fs/ess/PAS2301/Data/Speech/MOS_datasets/singmos/DATA/wav/voicemos2024-track2-sys0014-utt0076.wav,sys0014,voicemos2024-track2-sys0014-utt0076,3.6
/fs/ess/PAS2301/Data/Speech/MOS_datasets/singmos/DATA/wav/voicemos2024-track2-sys0014-utt0077.wav,sys0014,voicemos2024-track2-sys0014-utt0077,3.6
/fs/ess/PAS2301/Data/Speech/MOS_datasets/singmos/DATA/wav/voicemos2024-track2-sys0014-utt0078.wav,sys0014,voicemos2024-track2-sys0014-utt0078,3.8
/fs/ess/PAS2301/Data/Speech/MOS_datasets/singmos/DATA/wav/voicemos2024-track2-sys0014-utt0079.wav,sys0014,voicemos2024-track2-sys0014-utt0079,3.2
/fs/ess/PAS2301/Data/Speech/MOS_datasets/singmos/DATA/wav/voicemos2024-track2-sys0014-utt0080.wav,sys0014,voicemos2024-track2-sys0014-utt0080,3.0
/fs/ess/PAS2301/Data/Speech/MOS_datasets/singmos/DATA/wav/voicemos2024-track2-sys0014-utt0082.wav,sys0014,voicemos2024-track2-sys0014-utt0082,4.4
/fs/ess/PAS2301/Data/Speech/MOS_datasets/singmos/DATA/wav/voicemos2024-track2-sys0014-utt0084.wav,sys0014,voicemos2024-track2-sys0014-utt0084,3.4
/fs/ess/PAS2301/Data/Speech/MOS_datasets/singmos/DATA/wav/voicemos2024-track2-sys0014-utt0085.wav,sys0014,voicemos2024-track2-sys0014-utt0085,3.4
/fs/ess/PAS2301/Data/Speech/MOS_datasets/singmos/DATA/wav/voicemos2024-track2-sys0014-utt0086.wav,sys0014,voicemos2024-track2-sys0014-utt0086,4.0
/fs/ess/PAS2301/Data/Speech/MOS_datasets/singmos/DATA/wav/voicemos2024-track2-sys0014-utt0087.wav,sys0014,voicemos2024-track2-sys0014-utt0087,3.4
/fs/ess/PAS2301/Data/Speech/MOS_datasets/singmos/DATA/wav/voicemos2024-track2-sys0014-utt0090.wav,sys0014,voicemos2024-track2-sys0014-utt0090,3.4
/fs/ess/PAS2301/Data/Speech/MOS_datasets/singmos/DATA/wav/voicemos2024-track2-sys0014-utt0098.wav,sys0014,voicemos2024-track2-sys0014-utt0098,3.4
/fs/ess/PAS2301/Data/Speech/MOS_datasets/singmos/DATA/wav/voicemos2024-track2-sys0015-utt0001.wav,sys0015,voicemos2024-track2-sys0015-utt0001,2.4
/fs/ess/PAS2301/Data/Speech/MOS_datasets/singmos/DATA/wav/voicemos2024-track2-sys0015-utt0005.wav,sys0015,voicemos2024-track2-sys0015-utt0005,4.0
/fs/ess/PAS2301/Data/Speech/MOS_datasets/singmos/DATA/wav/voicemos2024-track2-sys0015-utt0006.wav,sys0015,voicemos2024-track2-sys0015-utt0006,4.2
/fs/ess/PAS2301/Data/Speech/MOS_datasets/singmos/DATA/wav/voicemos2024-track2-sys0015-utt0008.wav,sys0015,voicemos2024-track2-sys0015-utt0008,3.2
/fs/ess/PAS2301/Data/Speech/MOS_datasets/singmos/DATA/wav/voicemos2024-track2-sys0015-utt0009.wav,sys0015,voicemos2024-track2-sys0015-utt0009,2.4
/fs/ess/PAS2301/Data/Speech/MOS_datasets/singmos/DATA/wav/voicemos2024-track2-sys0015-utt0013.wav,sys0015,voicemos2024-track2-sys0015-utt0013,4.2
/fs/ess/PAS2301/Data/Speech/MOS_datasets/singmos/DATA/wav/voicemos2024-track2-sys0015-utt0014.wav,sys0015,voicemos2024-track2-sys0015-utt0014,4.0
/fs/ess/PAS2301/Data/Speech/MOS_datasets/singmos/DATA/wav/voicemos2024-track2-sys0015-utt0017.wav,sys0015,voicemos2024-track2-sys0015-utt0017,4.2
/fs/ess/PAS2301/Data/Speech/MOS_datasets/singmos/DATA/wav/voicemos2024-track2-sys0015-utt0019.wav,sys0015,voicemos2024-track2-sys0015-utt0019,4.0
/fs/ess/PAS2301/Data/Speech/MOS_datasets/singmos/DATA/wav/voicemos2024-track2-sys0015-utt0020.wav,sys0015,voicemos2024-track2-sys0015-utt0020,5.0
/fs/ess/PAS2301/Data/Speech/MOS_datasets/singmos/DATA/wav/voicemos2024-track2-sys0015-utt0022.wav,sys0015,voicemos2024-track2-sys0015-utt0022,3.0
/fs/ess/PAS2301/Data/Speech/MOS_datasets/singmos/DATA/wav/voicemos2024-track2-sys0015-utt0025.wav,sys0015,voicemos2024-track2-sys0015-utt0025,4.8
/fs/ess/PAS2301/Data/Speech/MOS_datasets/singmos/DATA/wav/voicemos2024-track2-sys0015-utt0027.wav,sys0015,voicemos2024-track2-sys0015-utt0027,4.8
/fs/ess/PAS2301/Data/Speech/MOS_datasets/singmos/DATA/wav/voicemos2024-track2-sys0015-utt0029.wav,sys0015,voicemos2024-track2-sys0015-utt0029,4.0
/fs/ess/PAS2301/Data/Speech/MOS_datasets/singmos/DATA/wav/voicemos2024-track2-sys0015-utt0030.wav,sys0015,voicemos2024-track2-sys0015-utt0030,3.8
/fs/ess/PAS2301/Data/Speech/MOS_datasets/singmos/DATA/wav/voicemos2024-track2-sys0015-utt0031.wav,sys0015,voicemos2024-track2-sys0015-utt0031,4.0
/fs/ess/PAS2301/Data/Speech/MOS_datasets/singmos/DATA/wav/voicemos2024-track2-sys0015-utt0033.wav,sys0015,voicemos2024-track2-sys0015-utt0033,3.2
/fs/ess/PAS2301/Data/Speech/MOS_datasets/singmos/DATA/wav/voicemos2024-track2-sys0015-utt0034.wav,sys0015,voicemos2024-track2-sys0015-utt0034,3.2
/fs/ess/PAS2301/Data/Speech/MOS_datasets/singmos/DATA/wav/voicemos2024-track2-sys0015-utt0035.wav,sys0015,voicemos2024-track2-sys0015-utt0035,4.0
/fs/ess/PAS2301/Data/Speech/MOS_datasets/singmos/DATA/wav/voicemos2024-track2-sys0015-utt0036.wav,sys0015,voicemos2024-track2-sys0015-utt0036,3.2
/fs/ess/PAS2301/Data/Speech/MOS_datasets/singmos/DATA/wav/voicemos2024-track2-sys0015-utt0037.wav,sys0015,voicemos2024-track2-sys0015-utt0037,2.6
/fs/ess/PAS2301/Data/Speech/MOS_datasets/singmos/DATA/wav/voicemos2024-track2-sys0015-utt0039.wav,sys0015,voicemos2024-track2-sys0015-utt0039,3.4
/fs/ess/PAS2301/Data/Speech/MOS_datasets/singmos/DATA/wav/voicemos2024-track2-sys0015-utt0040.wav,sys0015,voicemos2024-track2-sys0015-utt0040,4.0
/fs/ess/PAS2301/Data/Speech/MOS_datasets/singmos/DATA/wav/voicemos2024-track2-sys0015-utt0041.wav,sys0015,voicemos2024-track2-sys0015-utt0041,4.0
/fs/ess/PAS2301/Data/Speech/MOS_datasets/singmos/DATA/wav/voicemos2024-track2-sys0015-utt0042.wav,sys0015,voicemos2024-track2-sys0015-utt0042,3.2
/fs/ess/PAS2301/Data/Speech/MOS_datasets/singmos/DATA/wav/voicemos2024-track2-sys0015-utt0044.wav,sys0015,voicemos2024-track2-sys0015-utt0044,4.8
/fs/ess/PAS2301/Data/Speech/MOS_datasets/singmos/DATA/wav/voicemos2024-track2-sys0015-utt0046.wav,sys0015,voicemos2024-track2-sys0015-utt0046,3.2
/fs/ess/PAS2301/Data/Speech/MOS_datasets/singmos/DATA/wav/voicemos2024-track2-sys0015-utt0047.wav,sys0015,voicemos2024-track2-sys0015-utt0047,4.8
/fs/ess/PAS2301/Data/Speech/MOS_datasets/singmos/DATA/wav/voicemos2024-track2-sys0015-utt0048.wav,sys0015,voicemos2024-track2-sys0015-utt0048,4.8
/fs/ess/PAS2301/Data/Speech/MOS_datasets/singmos/DATA/wav/voicemos2024-track2-sys0015-utt0049.wav,sys0015,voicemos2024-track2-sys0015-utt0049,5.0
/fs/ess/PAS2301/Data/Speech/MOS_datasets/singmos/DATA/wav/voicemos2024-track2-sys0015-utt0050.wav,sys0015,voicemos2024-track2-sys0015-utt0050,4.2
/fs/ess/PAS2301/Data/Speech/MOS_datasets/singmos/DATA/wav/voicemos2024-track2-sys0015-utt0053.wav,sys0015,voicemos2024-track2-sys0015-utt0053,5.0
/fs/ess/PAS2301/Data/Speech/MOS_datasets/singmos/DATA/wav/voicemos2024-track2-sys0015-utt0056.wav,sys0015,voicemos2024-track2-sys0015-utt0056,4.8
/fs/ess/PAS2301/Data/Speech/MOS_datasets/singmos/DATA/wav/voicemos2024-track2-sys0015-utt0057.wav,sys0015,voicemos2024-track2-sys0015-utt0057,5.0
/fs/ess/PAS2301/Data/Speech/MOS_datasets/singmos/DATA/wav/voicemos2024-track2-sys0015-utt0058.wav,sys0015,voicemos2024-track2-sys0015-utt0058,3.4
/fs/ess/PAS2301/Data/Speech/MOS_datasets/singmos/DATA/wav/voicemos2024-track2-sys0015-utt0059.wav,sys0015,voicemos2024-track2-sys0015-utt0059,3.0
/fs/ess/PAS2301/Data/Speech/MOS_datasets/singmos/DATA/wav/voicemos2024-track2-sys0015-utt0060.wav,sys0015,voicemos2024-track2-sys0015-utt0060,4.4
/fs/ess/PAS2301/Data/Speech/MOS_datasets/singmos/DATA/wav/voicemos2024-track2-sys0015-utt0062.wav,sys0015,voicemos2024-track2-sys0015-utt0062,4.4
/fs/ess/PAS2301/Data/Speech/MOS_datasets/singmos/DATA/wav/voicemos2024-track2-sys0015-utt0063.wav,sys0015,voicemos2024-track2-sys0015-utt0063,5.0
/fs/ess/PAS2301/Data/Speech/MOS_datasets/singmos/DATA/wav/voicemos2024-track2-sys0015-utt0065.wav,sys0015,voicemos2024-track2-sys0015-utt0065,4.4
/fs/ess/PAS2301/Data/Speech/MOS_datasets/singmos/DATA/wav/voicemos2024-track2-sys0015-utt0066.wav,sys0015,voicemos2024-track2-sys0015-utt0066,5.0
/fs/ess/PAS2301/Data/Speech/MOS_datasets/singmos/DATA/wav/voicemos2024-track2-sys0015-utt0067.wav,sys0015,voicemos2024-track2-sys0015-utt0067,3.0
/fs/ess/PAS2301/Data/Speech/MOS_datasets/singmos/DATA/wav/voicemos2024-track2-sys0015-utt0068.wav,sys0015,voicemos2024-track2-sys0015-utt0068,4.0
/fs/ess/PAS2301/Data/Speech/MOS_datasets/singmos/DATA/wav/voicemos2024-track2-sys0015-utt0069.wav,sys0015,voicemos2024-track2-sys0015-utt0069,4.0
/fs/ess/PAS2301/Data/Speech/MOS_datasets/singmos/DATA/wav/voicemos2024-track2-sys0015-utt0071.wav,sys0015,voicemos2024-track2-sys0015-utt0071,3.4
/fs/ess/PAS2301/Data/Speech/MOS_datasets/singmos/DATA/wav/voicemos2024-track2-sys0015-utt0072.wav,sys0015,voicemos2024-track2-sys0015-utt0072,4.0
/fs/ess/PAS2301/Data/Speech/MOS_datasets/singmos/DATA/wav/voicemos2024-track2-sys0015-utt0076.wav,sys0015,voicemos2024-track2-sys0015-utt0076,4.0
/fs/ess/PAS2301/Data/Speech/MOS_datasets/singmos/DATA/wav/voicemos2024-track2-sys0015-utt0077.wav,sys0015,voicemos2024-track2-sys0015-utt0077,3.0
/fs/ess/PAS2301/Data/Speech/MOS_datasets/singmos/DATA/wav/voicemos2024-track2-sys0015-utt0078.wav,sys0015,voicemos2024-track2-sys0015-utt0078,4.0
/fs/ess/PAS2301/Data/Speech/MOS_datasets/singmos/DATA/wav/voicemos2024-track2-sys0015-utt0079.wav,sys0015,voicemos2024-track2-sys0015-utt0079,5.0
/fs/ess/PAS2301/Data/Speech/MOS_datasets/singmos/DATA/wav/voicemos2024-track2-sys0015-utt0081.wav,sys0015,voicemos2024-track2-sys0015-utt0081,5.0
/fs/ess/PAS2301/Data/Speech/MOS_datasets/singmos/DATA/wav/voicemos2024-track2-sys0015-utt0082.wav,sys0015,voicemos2024-track2-sys0015-utt0082,3.0
/fs/ess/PAS2301/Data/Speech/MOS_datasets/singmos/DATA/wav/voicemos2024-track2-sys0015-utt0083.wav,sys0015,voicemos2024-track2-sys0015-utt0083,4.0
/fs/ess/PAS2301/Data/Speech/MOS_datasets/singmos/DATA/wav/voicemos2024-track2-sys0015-utt0084.wav,sys0015,voicemos2024-track2-sys0015-utt0084,3.4
/fs/ess/PAS2301/Data/Speech/MOS_datasets/singmos/DATA/wav/voicemos2024-track2-sys0015-utt0085.wav,sys0015,voicemos2024-track2-sys0015-utt0085,4.8
/fs/ess/PAS2301/Data/Speech/MOS_datasets/singmos/DATA/wav/voicemos2024-track2-sys0015-utt0086.wav,sys0015,voicemos2024-track2-sys0015-utt0086,5.0
/fs/ess/PAS2301/Data/Speech/MOS_datasets/singmos/DATA/wav/voicemos2024-track2-sys0015-utt0087.wav,sys0015,voicemos2024-track2-sys0015-utt0087,5.0
/fs/ess/PAS2301/Data/Speech/MOS_datasets/singmos/DATA/wav/voicemos2024-track2-sys0015-utt0088.wav,sys0015,voicemos2024-track2-sys0015-utt0088,4.0
/fs/ess/PAS2301/Data/Speech/MOS_datasets/singmos/DATA/wav/voicemos2024-track2-sys0015-utt0089.wav,sys0015,voicemos2024-track2-sys0015-utt0089,5.0
/fs/ess/PAS2301/Data/Speech/MOS_datasets/singmos/DATA/wav/voicemos2024-track2-sys0015-utt0090.wav,sys0015,voicemos2024-track2-sys0015-utt0090,4.0
/fs/ess/PAS2301/Data/Speech/MOS_datasets/singmos/DATA/wav/voicemos2024-track2-sys0015-utt0092.wav,sys0015,voicemos2024-track2-sys0015-utt0092,4.0
/fs/ess/PAS2301/Data/Speech/MOS_datasets/singmos/DATA/wav/voicemos2024-track2-sys0015-utt0093.wav,sys0015,voicemos2024-track2-sys0015-utt0093,4.0
/fs/ess/PAS2301/Data/Speech/MOS_datasets/singmos/DATA/wav/voicemos2024-track2-sys0015-utt0094.wav,sys0015,voicemos2024-track2-sys0015-utt0094,4.0
/fs/ess/PAS2301/Data/Speech/MOS_datasets/singmos/DATA/wav/voicemos2024-track2-sys0015-utt0095.wav,sys0015,voicemos2024-track2-sys0015-utt0095,5.0
/fs/ess/PAS2301/Data/Speech/MOS_datasets/singmos/DATA/wav/voicemos2024-track2-sys0015-utt0096.wav,sys0015,voicemos2024-track2-sys0015-utt0096,4.0
/fs/ess/PAS2301/Data/Speech/MOS_datasets/singmos/DATA/wav/voicemos2024-track2-sys0016-utt0001.wav,sys0016,voicemos2024-track2-sys0016-utt0001,5.0
/fs/ess/PAS2301/Data/Speech/MOS_datasets/singmos/DATA/wav/voicemos2024-track2-sys0016-utt0003.wav,sys0016,voicemos2024-track2-sys0016-utt0003,2.8
/fs/ess/PAS2301/Data/Speech/MOS_datasets/singmos/DATA/wav/voicemos2024-track2-sys0016-utt0004.wav,sys0016,voicemos2024-track2-sys0016-utt0004,4.2
/fs/ess/PAS2301/Data/Speech/MOS_datasets/singmos/DATA/wav/voicemos2024-track2-sys0016-utt0007.wav,sys0016,voicemos2024-track2-sys0016-utt0007,3.8
/fs/ess/PAS2301/Data/Speech/MOS_datasets/singmos/DATA/wav/voicemos2024-track2-sys0016-utt0008.wav,sys0016,voicemos2024-track2-sys0016-utt0008,4.2
/fs/ess/PAS2301/Data/Speech/MOS_datasets/singmos/DATA/wav/voicemos2024-track2-sys0016-utt0009.wav,sys0016,voicemos2024-track2-sys0016-utt0009,3.8
/fs/ess/PAS2301/Data/Speech/MOS_datasets/singmos/DATA/wav/voicemos2024-track2-sys0016-utt0010.wav,sys0016,voicemos2024-track2-sys0016-utt0010,3.6
/fs/ess/PAS2301/Data/Speech/MOS_datasets/singmos/DATA/wav/voicemos2024-track2-sys0016-utt0011.wav,sys0016,voicemos2024-track2-sys0016-utt0011,4.2
/fs/ess/PAS2301/Data/Speech/MOS_datasets/singmos/DATA/wav/voicemos2024-track2-sys0016-utt0012.wav,sys0016,voicemos2024-track2-sys0016-utt0012,4.0
/fs/ess/PAS2301/Data/Speech/MOS_datasets/singmos/DATA/wav/voicemos2024-track2-sys0016-utt0014.wav,sys0016,voicemos2024-track2-sys0016-utt0014,2.2
/fs/ess/PAS2301/Data/Speech/MOS_datasets/singmos/DATA/wav/voicemos2024-track2-sys0016-utt0016.wav,sys0016,voicemos2024-track2-sys0016-utt0016,4.2
/fs/ess/PAS2301/Data/Speech/MOS_datasets/singmos/DATA/wav/voicemos2024-track2-sys0016-utt0017.wav,sys0016,voicemos2024-track2-sys0016-utt0017,2.8
/fs/ess/PAS2301/Data/Speech/MOS_datasets/singmos/DATA/wav/voicemos2024-track2-sys0016-utt0018.wav,sys0016,voicemos2024-track2-sys0016-utt0018,4.4
/fs/ess/PAS2301/Data/Speech/MOS_datasets/singmos/DATA/wav/voicemos2024-track2-sys0016-utt0019.wav,sys0016,voicemos2024-track2-sys0016-utt0019,4.2
/fs/ess/PAS2301/Data/Speech/MOS_datasets/singmos/DATA/wav/voicemos2024-track2-sys0016-utt0023.wav,sys0016,voicemos2024-track2-sys0016-utt0023,4.2
/fs/ess/PAS2301/Data/Speech/MOS_datasets/singmos/DATA/wav/voicemos2024-track2-sys0016-utt0024.wav,sys0016,voicemos2024-track2-sys0016-utt0024,3.8
/fs/ess/PAS2301/Data/Speech/MOS_datasets/singmos/DATA/wav/voicemos2024-track2-sys0016-utt0025.wav,sys0016,voicemos2024-track2-sys0016-utt0025,3.8
/fs/ess/PAS2301/Data/Speech/MOS_datasets/singmos/DATA/wav/voicemos2024-track2-sys0016-utt0026.wav,sys0016,voicemos2024-track2-sys0016-utt0026,3.0
/fs/ess/PAS2301/Data/Speech/MOS_datasets/singmos/DATA/wav/voicemos2024-track2-sys0016-utt0031.wav,sys0016,voicemos2024-track2-sys0016-utt0031,4.4
/fs/ess/PAS2301/Data/Speech/MOS_datasets/singmos/DATA/wav/voicemos2024-track2-sys0016-utt0032.wav,sys0016,voicemos2024-track2-sys0016-utt0032,4.2
/fs/ess/PAS2301/Data/Speech/MOS_datasets/singmos/DATA/wav/voicemos2024-track2-sys0016-utt0033.wav,sys0016,voicemos2024-track2-sys0016-utt0033,5.0
/fs/ess/PAS2301/Data/Speech/MOS_datasets/singmos/DATA/wav/voicemos2024-track2-sys0016-utt0034.wav,sys0016,voicemos2024-track2-sys0016-utt0034,3.8
/fs/ess/PAS2301/Data/Speech/MOS_datasets/singmos/DATA/wav/voicemos2024-track2-sys0016-utt0036.wav,sys0016,voicemos2024-track2-sys0016-utt0036,4.6
/fs/ess/PAS2301/Data/Speech/MOS_datasets/singmos/DATA/wav/voicemos2024-track2-sys0016-utt0038.wav,sys0016,voicemos2024-track2-sys0016-utt0038,3.4
/fs/ess/PAS2301/Data/Speech/MOS_datasets/singmos/DATA/wav/voicemos2024-track2-sys0016-utt0039.wav,sys0016,voicemos2024-track2-sys0016-utt0039,4.6
/fs/ess/PAS2301/Data/Speech/MOS_datasets/singmos/DATA/wav/voicemos2024-track2-sys0016-utt0045.wav,sys0016,voicemos2024-track2-sys0016-utt0045,3.4
/fs/ess/PAS2301/Data/Speech/MOS_datasets/singmos/DATA/wav/voicemos2024-track2-sys0016-utt0047.wav,sys0016,voicemos2024-track2-sys0016-utt0047,3.2
/fs/ess/PAS2301/Data/Speech/MOS_datasets/singmos/DATA/wav/voicemos2024-track2-sys0016-utt0048.wav,sys0016,voicemos2024-track2-sys0016-utt0048,4.2
/fs/ess/PAS2301/Data/Speech/MOS_datasets/singmos/DATA/wav/voicemos2024-track2-sys0016-utt0049.wav,sys0016,voicemos2024-track2-sys0016-utt0049,4.2
/fs/ess/PAS2301/Data/Speech/MOS_datasets/singmos/DATA/wav/voicemos2024-track2-sys0016-utt0050.wav,sys0016,voicemos2024-track2-sys0016-utt0050,5.0
/fs/ess/PAS2301/Data/Speech/MOS_datasets/singmos/DATA/wav/voicemos2024-track2-sys0016-utt0051.wav,sys0016,voicemos2024-track2-sys0016-utt0051,5.0
/fs/ess/PAS2301/Data/Speech/MOS_datasets/singmos/DATA/wav/voicemos2024-track2-sys0016-utt0052.wav,sys0016,voicemos2024-track2-sys0016-utt0052,4.2
/fs/ess/PAS2301/Data/Speech/MOS_datasets/singmos/DATA/wav/voicemos2024-track2-sys0016-utt0053.wav,sys0016,voicemos2024-track2-sys0016-utt0053,4.0
/fs/ess/PAS2301/Data/Speech/MOS_datasets/singmos/DATA/wav/voicemos2024-track2-sys0016-utt0054.wav,sys0016,voicemos2024-track2-sys0016-utt0054,4.4
/fs/ess/PAS2301/Data/Speech/MOS_datasets/singmos/DATA/wav/voicemos2024-track2-sys0016-utt0056.wav,sys0016,voicemos2024-track2-sys0016-utt0056,4.2
/fs/ess/PAS2301/Data/Speech/MOS_datasets/singmos/DATA/wav/voicemos2024-track2-sys0016-utt0057.wav,sys0016,voicemos2024-track2-sys0016-utt0057,3.4
/fs/ess/PAS2301/Data/Speech/MOS_datasets/singmos/DATA/wav/voicemos2024-track2-sys0016-utt0058.wav,sys0016,voicemos2024-track2-sys0016-utt0058,4.2
/fs/ess/PAS2301/Data/Speech/MOS_datasets/singmos/DATA/wav/voicemos2024-track2-sys0016-utt0060.wav,sys0016,voicemos2024-track2-sys0016-utt0060,3.0
/fs/ess/PAS2301/Data/Speech/MOS_datasets/singmos/DATA/wav/voicemos2024-track2-sys0016-utt0063.wav,sys0016,voicemos2024-track2-sys0016-utt0063,3.0
/fs/ess/PAS2301/Data/Speech/MOS_datasets/singmos/DATA/wav/voicemos2024-track2-sys0016-utt0066.wav,sys0016,voicemos2024-track2-sys0016-utt0066,3.4
/fs/ess/PAS2301/Data/Speech/MOS_datasets/singmos/DATA/wav/voicemos2024-track2-sys0016-utt0067.wav,sys0016,voicemos2024-track2-sys0016-utt0067,3.0
/fs/ess/PAS2301/Data/Speech/MOS_datasets/singmos/DATA/wav/voicemos2024-track2-sys0016-utt0068.wav,sys0016,voicemos2024-track2-sys0016-utt0068,3.0
/fs/ess/PAS2301/Data/Speech/MOS_datasets/singmos/DATA/wav/voicemos2024-track2-sys0016-utt0069.wav,sys0016,voicemos2024-track2-sys0016-utt0069,3.4
/fs/ess/PAS2301/Data/Speech/MOS_datasets/singmos/DATA/wav/voicemos2024-track2-sys0016-utt0070.wav,sys0016,voicemos2024-track2-sys0016-utt0070,3.0
/fs/ess/PAS2301/Data/Speech/MOS_datasets/singmos/DATA/wav/voicemos2024-track2-sys0016-utt0072.wav,sys0016,voicemos2024-track2-sys0016-utt0072,5.0
/fs/ess/PAS2301/Data/Speech/MOS_datasets/singmos/DATA/wav/voicemos2024-track2-sys0016-utt0073.wav,sys0016,voicemos2024-track2-sys0016-utt0073,3.2
/fs/ess/PAS2301/Data/Speech/MOS_datasets/singmos/DATA/wav/voicemos2024-track2-sys0016-utt0074.wav,sys0016,voicemos2024-track2-sys0016-utt0074,3.2
/fs/ess/PAS2301/Data/Speech/MOS_datasets/singmos/DATA/wav/voicemos2024-track2-sys0016-utt0076.wav,sys0016,voicemos2024-track2-sys0016-utt0076,4.6
/fs/ess/PAS2301/Data/Speech/MOS_datasets/singmos/DATA/wav/voicemos2024-track2-sys0016-utt0077.wav,sys0016,voicemos2024-track2-sys0016-utt0077,4.4
/fs/ess/PAS2301/Data/Speech/MOS_datasets/singmos/DATA/wav/voicemos2024-track2-sys0016-utt0078.wav,sys0016,voicemos2024-track2-sys0016-utt0078,4.0
/fs/ess/PAS2301/Data/Speech/MOS_datasets/singmos/DATA/wav/voicemos2024-track2-sys0016-utt0080.wav,sys0016,voicemos2024-track2-sys0016-utt0080,4.6
/fs/ess/PAS2301/Data/Speech/MOS_datasets/singmos/DATA/wav/voicemos2024-track2-sys0016-utt0082.wav,sys0016,voicemos2024-track2-sys0016-utt0082,3.0
/fs/ess/PAS2301/Data/Speech/MOS_datasets/singmos/DATA/wav/voicemos2024-track2-sys0016-utt0083.wav,sys0016,voicemos2024-track2-sys0016-utt0083,3.4
/fs/ess/PAS2301/Data/Speech/MOS_datasets/singmos/DATA/wav/voicemos2024-track2-sys0016-utt0088.wav,sys0016,voicemos2024-track2-sys0016-utt0088,4.4
/fs/ess/PAS2301/Data/Speech/MOS_datasets/singmos/DATA/wav/voicemos2024-track2-sys0016-utt0089.wav,sys0016,voicemos2024-track2-sys0016-utt0089,4.0
/fs/ess/PAS2301/Data/Speech/MOS_datasets/singmos/DATA/wav/voicemos2024-track2-sys0016-utt0090.wav,sys0016,voicemos2024-track2-sys0016-utt0090,4.0
/fs/ess/PAS2301/Data/Speech/MOS_datasets/singmos/DATA/wav/voicemos2024-track2-sys0016-utt0092.wav,sys0016,voicemos2024-track2-sys0016-utt0092,5.0
/fs/ess/PAS2301/Data/Speech/MOS_datasets/singmos/DATA/wav/voicemos2024-track2-sys0016-utt0095.wav,sys0016,voicemos2024-track2-sys0016-utt0095,4.0
/fs/ess/PAS2301/Data/Speech/MOS_datasets/singmos/DATA/wav/voicemos2024-track2-sys0016-utt0096.wav,sys0016,voicemos2024-track2-sys0016-utt0096,4.0
/fs/ess/PAS2301/Data/Speech/MOS_datasets/singmos/DATA/wav/voicemos2024-track2-sys0016-utt0097.wav,sys0016,voicemos2024-track2-sys0016-utt0097,5.0
/fs/ess/PAS2301/Data/Speech/MOS_datasets/singmos/DATA/wav/voicemos2024-track2-sys0017-utt0001.wav,sys0017,voicemos2024-track2-sys0017-utt0001,3.0
/fs/ess/PAS2301/Data/Speech/MOS_datasets/singmos/DATA/wav/voicemos2024-track2-sys0017-utt0002.wav,sys0017,voicemos2024-track2-sys0017-utt0002,4.2
/fs/ess/PAS2301/Data/Speech/MOS_datasets/singmos/DATA/wav/voicemos2024-track2-sys0017-utt0003.wav,sys0017,voicemos2024-track2-sys0017-utt0003,4.2
/fs/ess/PAS2301/Data/Speech/MOS_datasets/singmos/DATA/wav/voicemos2024-track2-sys0017-utt0004.wav,sys0017,voicemos2024-track2-sys0017-utt0004,4.2
/fs/ess/PAS2301/Data/Speech/MOS_datasets/singmos/DATA/wav/voicemos2024-track2-sys0017-utt0006.wav,sys0017,voicemos2024-track2-sys0017-utt0006,4.2
/fs/ess/PAS2301/Data/Speech/MOS_datasets/singmos/DATA/wav/voicemos2024-track2-sys0017-utt0007.wav,sys0017,voicemos2024-track2-sys0017-utt0007,4.2
/fs/ess/PAS2301/Data/Speech/MOS_datasets/singmos/DATA/wav/voicemos2024-track2-sys0017-utt0008.wav,sys0017,voicemos2024-track2-sys0017-utt0008,3.2
/fs/ess/PAS2301/Data/Speech/MOS_datasets/singmos/DATA/wav/voicemos2024-track2-sys0017-utt0009.wav,sys0017,voicemos2024-track2-sys0017-utt0009,5.0
/fs/ess/PAS2301/Data/Speech/MOS_datasets/singmos/DATA/wav/voicemos2024-track2-sys0017-utt0012.wav,sys0017,voicemos2024-track2-sys0017-utt0012,4.2
/fs/ess/PAS2301/Data/Speech/MOS_datasets/singmos/DATA/wav/voicemos2024-track2-sys0017-utt0013.wav,sys0017,voicemos2024-track2-sys0017-utt0013,4.6
/fs/ess/PAS2301/Data/Speech/MOS_datasets/singmos/DATA/wav/voicemos2024-track2-sys0017-utt0014.wav,sys0017,voicemos2024-track2-sys0017-utt0014,4.2
/fs/ess/PAS2301/Data/Speech/MOS_datasets/singmos/DATA/wav/voicemos2024-track2-sys0017-utt0015.wav,sys0017,voicemos2024-track2-sys0017-utt0015,4.4
/fs/ess/PAS2301/Data/Speech/MOS_datasets/singmos/DATA/wav/voicemos2024-track2-sys0017-utt0017.wav,sys0017,voicemos2024-track2-sys0017-utt0017,4.4
/fs/ess/PAS2301/Data/Speech/MOS_datasets/singmos/DATA/wav/voicemos2024-track2-sys0017-utt0019.wav,sys0017,voicemos2024-track2-sys0017-utt0019,4.0
/fs/ess/PAS2301/Data/Speech/MOS_datasets/singmos/DATA/wav/voicemos2024-track2-sys0017-utt0020.wav,sys0017,voicemos2024-track2-sys0017-utt0020,3.8
/fs/ess/PAS2301/Data/Speech/MOS_datasets/singmos/DATA/wav/voicemos2024-track2-sys0017-utt0023.wav,sys0017,voicemos2024-track2-sys0017-utt0023,4.6
/fs/ess/PAS2301/Data/Speech/MOS_datasets/singmos/DATA/wav/voicemos2024-track2-sys0017-utt0026.wav,sys0017,voicemos2024-track2-sys0017-utt0026,4.2
/fs/ess/PAS2301/Data/Speech/MOS_datasets/singmos/DATA/wav/voicemos2024-track2-sys0017-utt0028.wav,sys0017,voicemos2024-track2-sys0017-utt0028,4.6
/fs/ess/PAS2301/Data/Speech/MOS_datasets/singmos/DATA/wav/voicemos2024-track2-sys0017-utt0030.wav,sys0017,voicemos2024-track2-sys0017-utt0030,4.2
/fs/ess/PAS2301/Data/Speech/MOS_datasets/singmos/DATA/wav/voicemos2024-track2-sys0017-utt0032.wav,sys0017,voicemos2024-track2-sys0017-utt0032,3.2
/fs/ess/PAS2301/Data/Speech/MOS_datasets/singmos/DATA/wav/voicemos2024-track2-sys0017-utt0037.wav,sys0017,voicemos2024-track2-sys0017-utt0037,4.2
/fs/ess/PAS2301/Data/Speech/MOS_datasets/singmos/DATA/wav/voicemos2024-track2-sys0017-utt0038.wav,sys0017,voicemos2024-track2-sys0017-utt0038,3.6
/fs/ess/PAS2301/Data/Speech/MOS_datasets/singmos/DATA/wav/voicemos2024-track2-sys0017-utt0039.wav,sys0017,voicemos2024-track2-sys0017-utt0039,5.0
/fs/ess/PAS2301/Data/Speech/MOS_datasets/singmos/DATA/wav/voicemos2024-track2-sys0017-utt0043.wav,sys0017,voicemos2024-track2-sys0017-utt0043,5.0
/fs/ess/PAS2301/Data/Speech/MOS_datasets/singmos/DATA/wav/voicemos2024-track2-sys0017-utt0045.wav,sys0017,voicemos2024-track2-sys0017-utt0045,5.0
/fs/ess/PAS2301/Data/Speech/MOS_datasets/singmos/DATA/wav/voicemos2024-track2-sys0017-utt0046.wav,sys0017,voicemos2024-track2-sys0017-utt0046,3.6
/fs/ess/PAS2301/Data/Speech/MOS_datasets/singmos/DATA/wav/voicemos2024-track2-sys0017-utt0047.wav,sys0017,voicemos2024-track2-sys0017-utt0047,3.4
/fs/ess/PAS2301/Data/Speech/MOS_datasets/singmos/DATA/wav/voicemos2024-track2-sys0017-utt0048.wav,sys0017,voicemos2024-track2-sys0017-utt0048,4.2
/fs/ess/PAS2301/Data/Speech/MOS_datasets/singmos/DATA/wav/voicemos2024-track2-sys0017-utt0050.wav,sys0017,voicemos2024-track2-sys0017-utt0050,3.4
/fs/ess/PAS2301/Data/Speech/MOS_datasets/singmos/DATA/wav/voicemos2024-track2-sys0017-utt0051.wav,sys0017,voicemos2024-track2-sys0017-utt0051,4.2
/fs/ess/PAS2301/Data/Speech/MOS_datasets/singmos/DATA/wav/voicemos2024-track2-sys0017-utt0053.wav,sys0017,voicemos2024-track2-sys0017-utt0053,3.4
/fs/ess/PAS2301/Data/Speech/MOS_datasets/singmos/DATA/wav/voicemos2024-track2-sys0017-utt0054.wav,sys0017,voicemos2024-track2-sys0017-utt0054,4.0
/fs/ess/PAS2301/Data/Speech/MOS_datasets/singmos/DATA/wav/voicemos2024-track2-sys0017-utt0055.wav,sys0017,voicemos2024-track2-sys0017-utt0055,5.0
/fs/ess/PAS2301/Data/Speech/MOS_datasets/singmos/DATA/wav/voicemos2024-track2-sys0017-utt0056.wav,sys0017,voicemos2024-track2-sys0017-utt0056,4.0
/fs/ess/PAS2301/Data/Speech/MOS_datasets/singmos/DATA/wav/voicemos2024-track2-sys0017-utt0058.wav,sys0017,voicemos2024-track2-sys0017-utt0058,5.0
/fs/ess/PAS2301/Data/Speech/MOS_datasets/singmos/DATA/wav/voicemos2024-track2-sys0017-utt0059.wav,sys0017,voicemos2024-track2-sys0017-utt0059,3.0
/fs/ess/PAS2301/Data/Speech/MOS_datasets/singmos/DATA/wav/voicemos2024-track2-sys0017-utt0061.wav,sys0017,voicemos2024-track2-sys0017-utt0061,3.0
/fs/ess/PAS2301/Data/Speech/MOS_datasets/singmos/DATA/wav/voicemos2024-track2-sys0017-utt0062.wav,sys0017,voicemos2024-track2-sys0017-utt0062,3.0
/fs/ess/PAS2301/Data/Speech/MOS_datasets/singmos/DATA/wav/voicemos2024-track2-sys0017-utt0064.wav,sys0017,voicemos2024-track2-sys0017-utt0064,3.0
/fs/ess/PAS2301/Data/Speech/MOS_datasets/singmos/DATA/wav/voicemos2024-track2-sys0017-utt0065.wav,sys0017,voicemos2024-track2-sys0017-utt0065,4.4
/fs/ess/PAS2301/Data/Speech/MOS_datasets/singmos/DATA/wav/voicemos2024-track2-sys0017-utt0067.wav,sys0017,voicemos2024-track2-sys0017-utt0067,3.0
/fs/ess/PAS2301/Data/Speech/MOS_datasets/singmos/DATA/wav/voicemos2024-track2-sys0017-utt0070.wav,sys0017,voicemos2024-track2-sys0017-utt0070,4.0
/fs/ess/PAS2301/Data/Speech/MOS_datasets/singmos/DATA/wav/voicemos2024-track2-sys0017-utt0071.wav,sys0017,voicemos2024-track2-sys0017-utt0071,3.6
/fs/ess/PAS2301/Data/Speech/MOS_datasets/singmos/DATA/wav/voicemos2024-track2-sys0017-utt0073.wav,sys0017,voicemos2024-track2-sys0017-utt0073,4.8
/fs/ess/PAS2301/Data/Speech/MOS_datasets/singmos/DATA/wav/voicemos2024-track2-sys0017-utt0075.wav,sys0017,voicemos2024-track2-sys0017-utt0075,5.0
/fs/ess/PAS2301/Data/Speech/MOS_datasets/singmos/DATA/wav/voicemos2024-track2-sys0017-utt0076.wav,sys0017,voicemos2024-track2-sys0017-utt0076,4.4
/fs/ess/PAS2301/Data/Speech/MOS_datasets/singmos/DATA/wav/voicemos2024-track2-sys0017-utt0077.wav,sys0017,voicemos2024-track2-sys0017-utt0077,4.6
/fs/ess/PAS2301/Data/Speech/MOS_datasets/singmos/DATA/wav/voicemos2024-track2-sys0017-utt0079.wav,sys0017,voicemos2024-track2-sys0017-utt0079,4.6
/fs/ess/PAS2301/Data/Speech/MOS_datasets/singmos/DATA/wav/voicemos2024-track2-sys0017-utt0080.wav,sys0017,voicemos2024-track2-sys0017-utt0080,4.6
/fs/ess/PAS2301/Data/Speech/MOS_datasets/singmos/DATA/wav/voicemos2024-track2-sys0017-utt0082.wav,sys0017,voicemos2024-track2-sys0017-utt0082,3.0
/fs/ess/PAS2301/Data/Speech/MOS_datasets/singmos/DATA/wav/voicemos2024-track2-sys0017-utt0083.wav,sys0017,voicemos2024-track2-sys0017-utt0083,3.8
/fs/ess/PAS2301/Data/Speech/MOS_datasets/singmos/DATA/wav/voicemos2024-track2-sys0017-utt0084.wav,sys0017,voicemos2024-track2-sys0017-utt0084,3.4
/fs/ess/PAS2301/Data/Speech/MOS_datasets/singmos/DATA/wav/voicemos2024-track2-sys0017-utt0086.wav,sys0017,voicemos2024-track2-sys0017-utt0086,3.4
/fs/ess/PAS2301/Data/Speech/MOS_datasets/singmos/DATA/wav/voicemos2024-track2-sys0017-utt0087.wav,sys0017,voicemos2024-track2-sys0017-utt0087,3.4
/fs/ess/PAS2301/Data/Speech/MOS_datasets/singmos/DATA/wav/voicemos2024-track2-sys0017-utt0089.wav,sys0017,voicemos2024-track2-sys0017-utt0089,3.8
/fs/ess/PAS2301/Data/Speech/MOS_datasets/singmos/DATA/wav/voicemos2024-track2-sys0017-utt0091.wav,sys0017,voicemos2024-track2-sys0017-utt0091,4.0
/fs/ess/PAS2301/Data/Speech/MOS_datasets/singmos/DATA/wav/voicemos2024-track2-sys0017-utt0093.wav,sys0017,voicemos2024-track2-sys0017-utt0093,3.0
/fs/ess/PAS2301/Data/Speech/MOS_datasets/singmos/DATA/wav/voicemos2024-track2-sys0017-utt0094.wav,sys0017,voicemos2024-track2-sys0017-utt0094,5.0
/fs/ess/PAS2301/Data/Speech/MOS_datasets/singmos/DATA/wav/voicemos2024-track2-sys0017-utt0095.wav,sys0017,voicemos2024-track2-sys0017-utt0095,5.0
/fs/ess/PAS2301/Data/Speech/MOS_datasets/singmos/DATA/wav/voicemos2024-track2-sys0017-utt0096.wav,sys0017,voicemos2024-track2-sys0017-utt0096,4.0
/fs/ess/PAS2301/Data/Speech/MOS_datasets/singmos/DATA/wav/voicemos2024-track2-sys0017-utt0097.wav,sys0017,voicemos2024-track2-sys0017-utt0097,3.8
/fs/ess/PAS2301/Data/Speech/MOS_datasets/singmos/DATA/wav/voicemos2024-track2-sys0021-utt0001.wav,sys0021,voicemos2024-track2-sys0021-utt0001,4.0
/fs/ess/PAS2301/Data/Speech/MOS_datasets/singmos/DATA/wav/voicemos2024-track2-sys0021-utt0002.wav,sys0021,voicemos2024-track2-sys0021-utt0002,4.0
/fs/ess/PAS2301/Data/Speech/MOS_datasets/singmos/DATA/wav/voicemos2024-track2-sys0021-utt0003.wav,sys0021,voicemos2024-track2-sys0021-utt0003,3.0
/fs/ess/PAS2301/Data/Speech/MOS_datasets/singmos/DATA/wav/voicemos2024-track2-sys0021-utt0004.wav,sys0021,voicemos2024-track2-sys0021-utt0004,3.0
/fs/ess/PAS2301/Data/Speech/MOS_datasets/singmos/DATA/wav/voicemos2024-track2-sys0021-utt0005.wav,sys0021,voicemos2024-track2-sys0021-utt0005,4.2
/fs/ess/PAS2301/Data/Speech/MOS_datasets/singmos/DATA/wav/voicemos2024-track2-sys0021-utt0006.wav,sys0021,voicemos2024-track2-sys0021-utt0006,4.0
/fs/ess/PAS2301/Data/Speech/MOS_datasets/singmos/DATA/wav/voicemos2024-track2-sys0021-utt0008.wav,sys0021,voicemos2024-track2-sys0021-utt0008,3.6
/fs/ess/PAS2301/Data/Speech/MOS_datasets/singmos/DATA/wav/voicemos2024-track2-sys0021-utt0009.wav,sys0021,voicemos2024-track2-sys0021-utt0009,4.4
/fs/ess/PAS2301/Data/Speech/MOS_datasets/singmos/DATA/wav/voicemos2024-track2-sys0021-utt0010.wav,sys0021,voicemos2024-track2-sys0021-utt0010,4.4
/fs/ess/PAS2301/Data/Speech/MOS_datasets/singmos/DATA/wav/voicemos2024-track2-sys0021-utt0011.wav,sys0021,voicemos2024-track2-sys0021-utt0011,4.4
/fs/ess/PAS2301/Data/Speech/MOS_datasets/singmos/DATA/wav/voicemos2024-track2-sys0021-utt0012.wav,sys0021,voicemos2024-track2-sys0021-utt0012,5.0
/fs/ess/PAS2301/Data/Speech/MOS_datasets/singmos/DATA/wav/voicemos2024-track2-sys0021-utt0013.wav,sys0021,voicemos2024-track2-sys0021-utt0013,4.4
/fs/ess/PAS2301/Data/Speech/MOS_datasets/singmos/DATA/wav/voicemos2024-track2-sys0021-utt0014.wav,sys0021,voicemos2024-track2-sys0021-utt0014,3.6
/fs/ess/PAS2301/Data/Speech/MOS_datasets/singmos/DATA/wav/voicemos2024-track2-sys0021-utt0015.wav,sys0021,voicemos2024-track2-sys0021-utt0015,4.0
/fs/ess/PAS2301/Data/Speech/MOS_datasets/singmos/DATA/wav/voicemos2024-track2-sys0021-utt0017.wav,sys0021,voicemos2024-track2-sys0021-utt0017,4.0
/fs/ess/PAS2301/Data/Speech/MOS_datasets/singmos/DATA/wav/voicemos2024-track2-sys0021-utt0018.wav,sys0021,voicemos2024-track2-sys0021-utt0018,4.0
/fs/ess/PAS2301/Data/Speech/MOS_datasets/singmos/DATA/wav/voicemos2024-track2-sys0021-utt0021.wav,sys0021,voicemos2024-track2-sys0021-utt0021,4.4
/fs/ess/PAS2301/Data/Speech/MOS_datasets/singmos/DATA/wav/voicemos2024-track2-sys0021-utt0022.wav,sys0021,voicemos2024-track2-sys0021-utt0022,4.0
/fs/ess/PAS2301/Data/Speech/MOS_datasets/singmos/DATA/wav/voicemos2024-track2-sys0021-utt0024.wav,sys0021,voicemos2024-track2-sys0021-utt0024,3.0
/fs/ess/PAS2301/Data/Speech/MOS_datasets/singmos/DATA/wav/voicemos2024-track2-sys0021-utt0025.wav,sys0021,voicemos2024-track2-sys0021-utt0025,3.0
/fs/ess/PAS2301/Data/Speech/MOS_datasets/singmos/DATA/wav/voicemos2024-track2-sys0021-utt0026.wav,sys0021,voicemos2024-track2-sys0021-utt0026,3.0
/fs/ess/PAS2301/Data/Speech/MOS_datasets/singmos/DATA/wav/voicemos2024-track2-sys0021-utt0027.wav,sys0021,voicemos2024-track2-sys0021-utt0027,5.0
/fs/ess/PAS2301/Data/Speech/MOS_datasets/singmos/DATA/wav/voicemos2024-track2-sys0021-utt0028.wav,sys0021,voicemos2024-track2-sys0021-utt0028,4.0
/fs/ess/PAS2301/Data/Speech/MOS_datasets/singmos/DATA/wav/voicemos2024-track2-sys0021-utt0029.wav,sys0021,voicemos2024-track2-sys0021-utt0029,4.4
/fs/ess/PAS2301/Data/Speech/MOS_datasets/singmos/DATA/wav/voicemos2024-track2-sys0021-utt0031.wav,sys0021,voicemos2024-track2-sys0021-utt0031,4.0
/fs/ess/PAS2301/Data/Speech/MOS_datasets/singmos/DATA/wav/voicemos2024-track2-sys0021-utt0032.wav,sys0021,voicemos2024-track2-sys0021-utt0032,4.6
/fs/ess/PAS2301/Data/Speech/MOS_datasets/singmos/DATA/wav/voicemos2024-track2-sys0021-utt0033.wav,sys0021,voicemos2024-track2-sys0021-utt0033,3.0
/fs/ess/PAS2301/Data/Speech/MOS_datasets/singmos/DATA/wav/voicemos2024-track2-sys0021-utt0034.wav,sys0021,voicemos2024-track2-sys0021-utt0034,4.6
/fs/ess/PAS2301/Data/Speech/MOS_datasets/singmos/DATA/wav/voicemos2024-track2-sys0021-utt0035.wav,sys0021,voicemos2024-track2-sys0021-utt0035,5.0
/fs/ess/PAS2301/Data/Speech/MOS_datasets/singmos/DATA/wav/voicemos2024-track2-sys0021-utt0036.wav,sys0021,voicemos2024-track2-sys0021-utt0036,5.0
/fs/ess/PAS2301/Data/Speech/MOS_datasets/singmos/DATA/wav/voicemos2024-track2-sys0021-utt0037.wav,sys0021,voicemos2024-track2-sys0021-utt0037,4.0
/fs/ess/PAS2301/Data/Speech/MOS_datasets/singmos/DATA/wav/voicemos2024-track2-sys0021-utt0039.wav,sys0021,voicemos2024-track2-sys0021-utt0039,4.2
/fs/ess/PAS2301/Data/Speech/MOS_datasets/singmos/DATA/wav/voicemos2024-track2-sys0021-utt0040.wav,sys0021,voicemos2024-track2-sys0021-utt0040,5.0
/fs/ess/PAS2301/Data/Speech/MOS_datasets/singmos/DATA/wav/voicemos2024-track2-sys0021-utt0043.wav,sys0021,voicemos2024-track2-sys0021-utt0043,4.0
/fs/ess/PAS2301/Data/Speech/MOS_datasets/singmos/DATA/wav/voicemos2024-track2-sys0021-utt0045.wav,sys0021,voicemos2024-track2-sys0021-utt0045,3.0
/fs/ess/PAS2301/Data/Speech/MOS_datasets/singmos/DATA/wav/voicemos2024-track2-sys0021-utt0046.wav,sys0021,voicemos2024-track2-sys0021-utt0046,4.4
/fs/ess/PAS2301/Data/Speech/MOS_datasets/singmos/DATA/wav/voicemos2024-track2-sys0021-utt0047.wav,sys0021,voicemos2024-track2-sys0021-utt0047,4.0
/fs/ess/PAS2301/Data/Speech/MOS_datasets/singmos/DATA/wav/voicemos2024-track2-sys0021-utt0048.wav,sys0021,voicemos2024-track2-sys0021-utt0048,4.4
/fs/ess/PAS2301/Data/Speech/MOS_datasets/singmos/DATA/wav/voicemos2024-track2-sys0021-utt0049.wav,sys0021,voicemos2024-track2-sys0021-utt0049,4.0
/fs/ess/PAS2301/Data/Speech/MOS_datasets/singmos/DATA/wav/voicemos2024-track2-sys0021-utt0053.wav,sys0021,voicemos2024-track2-sys0021-utt0053,4.0
/fs/ess/PAS2301/Data/Speech/MOS_datasets/singmos/DATA/wav/voicemos2024-track2-sys0021-utt0058.wav,sys0021,voicemos2024-track2-sys0021-utt0058,5.0
/fs/ess/PAS2301/Data/Speech/MOS_datasets/singmos/DATA/wav/voicemos2024-track2-sys0021-utt0060.wav,sys0021,voicemos2024-track2-sys0021-utt0060,4.2
/fs/ess/PAS2301/Data/Speech/MOS_datasets/singmos/DATA/wav/voicemos2024-track2-sys0021-utt0061.wav,sys0021,voicemos2024-track2-sys0021-utt0061,3.0
/fs/ess/PAS2301/Data/Speech/MOS_datasets/singmos/DATA/wav/voicemos2024-track2-sys0021-utt0062.wav,sys0021,voicemos2024-track2-sys0021-utt0062,4.0
/fs/ess/PAS2301/Data/Speech/MOS_datasets/singmos/DATA/wav/voicemos2024-track2-sys0021-utt0063.wav,sys0021,voicemos2024-track2-sys0021-utt0063,3.4
/fs/ess/PAS2301/Data/Speech/MOS_datasets/singmos/DATA/wav/voicemos2024-track2-sys0021-utt0064.wav,sys0021,voicemos2024-track2-sys0021-utt0064,3.4
/fs/ess/PAS2301/Data/Speech/MOS_datasets/singmos/DATA/wav/voicemos2024-track2-sys0021-utt0065.wav,sys0021,voicemos2024-track2-sys0021-utt0065,3.4
/fs/ess/PAS2301/Data/Speech/MOS_datasets/singmos/DATA/wav/voicemos2024-track2-sys0021-utt0066.wav,sys0021,voicemos2024-track2-sys0021-utt0066,3.0
/fs/ess/PAS2301/Data/Speech/MOS_datasets/singmos/DATA/wav/voicemos2024-track2-sys0021-utt0067.wav,sys0021,voicemos2024-track2-sys0021-utt0067,3.2
/fs/ess/PAS2301/Data/Speech/MOS_datasets/singmos/DATA/wav/voicemos2024-track2-sys0021-utt0068.wav,sys0021,voicemos2024-track2-sys0021-utt0068,3.0
/fs/ess/PAS2301/Data/Speech/MOS_datasets/singmos/DATA/wav/voicemos2024-track2-sys0021-utt0069.wav,sys0021,voicemos2024-track2-sys0021-utt0069,3.2
/fs/ess/PAS2301/Data/Speech/MOS_datasets/singmos/DATA/wav/voicemos2024-track2-sys0021-utt0070.wav,sys0021,voicemos2024-track2-sys0021-utt0070,4.0
/fs/ess/PAS2301/Data/Speech/MOS_datasets/singmos/DATA/wav/voicemos2024-track2-sys0021-utt0071.wav,sys0021,voicemos2024-track2-sys0021-utt0071,3.8
/fs/ess/PAS2301/Data/Speech/MOS_datasets/singmos/DATA/wav/voicemos2024-track2-sys0021-utt0072.wav,sys0021,voicemos2024-track2-sys0021-utt0072,4.2
/fs/ess/PAS2301/Data/Speech/MOS_datasets/singmos/DATA/wav/voicemos2024-track2-sys0021-utt0073.wav,sys0021,voicemos2024-track2-sys0021-utt0073,4.2
/fs/ess/PAS2301/Data/Speech/MOS_datasets/singmos/DATA/wav/voicemos2024-track2-sys0021-utt0074.wav,sys0021,voicemos2024-track2-sys0021-utt0074,4.6
/fs/ess/PAS2301/Data/Speech/MOS_datasets/singmos/DATA/wav/voicemos2024-track2-sys0021-utt0075.wav,sys0021,voicemos2024-track2-sys0021-utt0075,3.0
/fs/ess/PAS2301/Data/Speech/MOS_datasets/singmos/DATA/wav/voicemos2024-track2-sys0021-utt0077.wav,sys0021,voicemos2024-track2-sys0021-utt0077,4.2
/fs/ess/PAS2301/Data/Speech/MOS_datasets/singmos/DATA/wav/voicemos2024-track2-sys0021-utt0078.wav,sys0021,voicemos2024-track2-sys0021-utt0078,3.0
/fs/ess/PAS2301/Data/Speech/MOS_datasets/singmos/DATA/wav/voicemos2024-track2-sys0021-utt0079.wav,sys0021,voicemos2024-track2-sys0021-utt0079,4.6
/fs/ess/PAS2301/Data/Speech/MOS_datasets/singmos/DATA/wav/voicemos2024-track2-sys0021-utt0085.wav,sys0021,voicemos2024-track2-sys0021-utt0085,5.0
/fs/ess/PAS2301/Data/Speech/MOS_datasets/singmos/DATA/wav/voicemos2024-track2-sys0021-utt0086.wav,sys0021,voicemos2024-track2-sys0021-utt0086,4.6
/fs/ess/PAS2301/Data/Speech/MOS_datasets/singmos/DATA/wav/voicemos2024-track2-sys0021-utt0087.wav,sys0021,voicemos2024-track2-sys0021-utt0087,4.0
/fs/ess/PAS2301/Data/Speech/MOS_datasets/singmos/DATA/wav/voicemos2024-track2-sys0021-utt0089.wav,sys0021,voicemos2024-track2-sys0021-utt0089,4.4
/fs/ess/PAS2301/Data/Speech/MOS_datasets/singmos/DATA/wav/voicemos2024-track2-sys0021-utt0091.wav,sys0021,voicemos2024-track2-sys0021-utt0091,3.0
/fs/ess/PAS2301/Data/Speech/MOS_datasets/singmos/DATA/wav/voicemos2024-track2-sys0021-utt0092.wav,sys0021,voicemos2024-track2-sys0021-utt0092,3.0
/fs/ess/PAS2301/Data/Speech/MOS_datasets/singmos/DATA/wav/voicemos2024-track2-sys0021-utt0093.wav,sys0021,voicemos2024-track2-sys0021-utt0093,4.6
/fs/ess/PAS2301/Data/Speech/MOS_datasets/singmos/DATA/wav/voicemos2024-track2-sys0021-utt0094.wav,sys0021,voicemos2024-track2-sys0021-utt0094,5.0
/fs/ess/PAS2301/Data/Speech/MOS_datasets/singmos/DATA/wav/voicemos2024-track2-sys0022-utt0001.wav,sys0022,voicemos2024-track2-sys0022-utt0001,5.0
/fs/ess/PAS2301/Data/Speech/MOS_datasets/singmos/DATA/wav/voicemos2024-track2-sys0022-utt0004.wav,sys0022,voicemos2024-track2-sys0022-utt0004,4.4
/fs/ess/PAS2301/Data/Speech/MOS_datasets/singmos/DATA/wav/voicemos2024-track2-sys0022-utt0006.wav,sys0022,voicemos2024-track2-sys0022-utt0006,5.0
/fs/ess/PAS2301/Data/Speech/MOS_datasets/singmos/DATA/wav/voicemos2024-track2-sys0022-utt0009.wav,sys0022,voicemos2024-track2-sys0022-utt0009,3.4
/fs/ess/PAS2301/Data/Speech/MOS_datasets/singmos/DATA/wav/voicemos2024-track2-sys0022-utt0011.wav,sys0022,voicemos2024-track2-sys0022-utt0011,4.0
/fs/ess/PAS2301/Data/Speech/MOS_datasets/singmos/DATA/wav/voicemos2024-track2-sys0022-utt0012.wav,sys0022,voicemos2024-track2-sys0022-utt0012,4.0
/fs/ess/PAS2301/Data/Speech/MOS_datasets/singmos/DATA/wav/voicemos2024-track2-sys0022-utt0013.wav,sys0022,voicemos2024-track2-sys0022-utt0013,5.0
/fs/ess/PAS2301/Data/Speech/MOS_datasets/singmos/DATA/wav/voicemos2024-track2-sys0022-utt0014.wav,sys0022,voicemos2024-track2-sys0022-utt0014,3.4
/fs/ess/PAS2301/Data/Speech/MOS_datasets/singmos/DATA/wav/voicemos2024-track2-sys0022-utt0015.wav,sys0022,voicemos2024-track2-sys0022-utt0015,4.6
/fs/ess/PAS2301/Data/Speech/MOS_datasets/singmos/DATA/wav/voicemos2024-track2-sys0022-utt0017.wav,sys0022,voicemos2024-track2-sys0022-utt0017,4.4
/fs/ess/PAS2301/Data/Speech/MOS_datasets/singmos/DATA/wav/voicemos2024-track2-sys0022-utt0018.wav,sys0022,voicemos2024-track2-sys0022-utt0018,5.0
/fs/ess/PAS2301/Data/Speech/MOS_datasets/singmos/DATA/wav/voicemos2024-track2-sys0022-utt0019.wav,sys0022,voicemos2024-track2-sys0022-utt0019,4.0
/fs/ess/PAS2301/Data/Speech/MOS_datasets/singmos/DATA/wav/voicemos2024-track2-sys0022-utt0021.wav,sys0022,voicemos2024-track2-sys0022-utt0021,4.6
/fs/ess/PAS2301/Data/Speech/MOS_datasets/singmos/DATA/wav/voicemos2024-track2-sys0022-utt0022.wav,sys0022,voicemos2024-track2-sys0022-utt0022,4.0
/fs/ess/PAS2301/Data/Speech/MOS_datasets/singmos/DATA/wav/voicemos2024-track2-sys0022-utt0023.wav,sys0022,voicemos2024-track2-sys0022-utt0023,5.0
/fs/ess/PAS2301/Data/Speech/MOS_datasets/singmos/DATA/wav/voicemos2024-track2-sys0022-utt0024.wav,sys0022,voicemos2024-track2-sys0022-utt0024,5.0
/fs/ess/PAS2301/Data/Speech/MOS_datasets/singmos/DATA/wav/voicemos2024-track2-sys0022-utt0025.wav,sys0022,voicemos2024-track2-sys0022-utt0025,5.0
/fs/ess/PAS2301/Data/Speech/MOS_datasets/singmos/DATA/wav/voicemos2024-track2-sys0022-utt0027.wav,sys0022,voicemos2024-track2-sys0022-utt0027,5.0
/fs/ess/PAS2301/Data/Speech/MOS_datasets/singmos/DATA/wav/voicemos2024-track2-sys0022-utt0029.wav,sys0022,voicemos2024-track2-sys0022-utt0029,5.0
/fs/ess/PAS2301/Data/Speech/MOS_datasets/singmos/DATA/wav/voicemos2024-track2-sys0022-utt0030.wav,sys0022,voicemos2024-track2-sys0022-utt0030,4.0
/fs/ess/PAS2301/Data/Speech/MOS_datasets/singmos/DATA/wav/voicemos2024-track2-sys0022-utt0033.wav,sys0022,voicemos2024-track2-sys0022-utt0033,5.0
/fs/ess/PAS2301/Data/Speech/MOS_datasets/singmos/DATA/wav/voicemos2024-track2-sys0022-utt0035.wav,sys0022,voicemos2024-track2-sys0022-utt0035,5.0
/fs/ess/PAS2301/Data/Speech/MOS_datasets/singmos/DATA/wav/voicemos2024-track2-sys0022-utt0036.wav,sys0022,voicemos2024-track2-sys0022-utt0036,4.2
/fs/ess/PAS2301/Data/Speech/MOS_datasets/singmos/DATA/wav/voicemos2024-track2-sys0022-utt0037.wav,sys0022,voicemos2024-track2-sys0022-utt0037,4.4
/fs/ess/PAS2301/Data/Speech/MOS_datasets/singmos/DATA/wav/voicemos2024-track2-sys0022-utt0041.wav,sys0022,voicemos2024-track2-sys0022-utt0041,5.0
/fs/ess/PAS2301/Data/Speech/MOS_datasets/singmos/DATA/wav/voicemos2024-track2-sys0022-utt0042.wav,sys0022,voicemos2024-track2-sys0022-utt0042,4.0
/fs/ess/PAS2301/Data/Speech/MOS_datasets/singmos/DATA/wav/voicemos2024-track2-sys0022-utt0044.wav,sys0022,voicemos2024-track2-sys0022-utt0044,5.0
/fs/ess/PAS2301/Data/Speech/MOS_datasets/singmos/DATA/wav/voicemos2024-track2-sys0022-utt0045.wav,sys0022,voicemos2024-track2-sys0022-utt0045,4.6
/fs/ess/PAS2301/Data/Speech/MOS_datasets/singmos/DATA/wav/voicemos2024-track2-sys0022-utt0047.wav,sys0022,voicemos2024-track2-sys0022-utt0047,4.0
/fs/ess/PAS2301/Data/Speech/MOS_datasets/singmos/DATA/wav/voicemos2024-track2-sys0022-utt0049.wav,sys0022,voicemos2024-track2-sys0022-utt0049,5.0
/fs/ess/PAS2301/Data/Speech/MOS_datasets/singmos/DATA/wav/voicemos2024-track2-sys0022-utt0050.wav,sys0022,voicemos2024-track2-sys0022-utt0050,5.0
/fs/ess/PAS2301/Data/Speech/MOS_datasets/singmos/DATA/wav/voicemos2024-track2-sys0022-utt0052.wav,sys0022,voicemos2024-track2-sys0022-utt0052,5.0
/fs/ess/PAS2301/Data/Speech/MOS_datasets/singmos/DATA/wav/voicemos2024-track2-sys0022-utt0053.wav,sys0022,voicemos2024-track2-sys0022-utt0053,5.0
/fs/ess/PAS2301/Data/Speech/MOS_datasets/singmos/DATA/wav/voicemos2024-track2-sys0022-utt0054.wav,sys0022,voicemos2024-track2-sys0022-utt0054,4.4
/fs/ess/PAS2301/Data/Speech/MOS_datasets/singmos/DATA/wav/voicemos2024-track2-sys0022-utt0055.wav,sys0022,voicemos2024-track2-sys0022-utt0055,5.0
/fs/ess/PAS2301/Data/Speech/MOS_datasets/singmos/DATA/wav/voicemos2024-track2-sys0022-utt0056.wav,sys0022,voicemos2024-track2-sys0022-utt0056,4.0
/fs/ess/PAS2301/Data/Speech/MOS_datasets/singmos/DATA/wav/voicemos2024-track2-sys0022-utt0058.wav,sys0022,voicemos2024-track2-sys0022-utt0058,5.0
/fs/ess/PAS2301/Data/Speech/MOS_datasets/singmos/DATA/wav/voicemos2024-track2-sys0022-utt0059.wav,sys0022,voicemos2024-track2-sys0022-utt0059,4.0
/fs/ess/PAS2301/Data/Speech/MOS_datasets/singmos/DATA/wav/voicemos2024-track2-sys0022-utt0062.wav,sys0022,voicemos2024-track2-sys0022-utt0062,4.2
/fs/ess/PAS2301/Data/Speech/MOS_datasets/singmos/DATA/wav/voicemos2024-track2-sys0022-utt0063.wav,sys0022,voicemos2024-track2-sys0022-utt0063,4.0
/fs/ess/PAS2301/Data/Speech/MOS_datasets/singmos/DATA/wav/voicemos2024-track2-sys0022-utt0064.wav,sys0022,voicemos2024-track2-sys0022-utt0064,5.0
/fs/ess/PAS2301/Data/Speech/MOS_datasets/singmos/DATA/wav/voicemos2024-track2-sys0022-utt0069.wav,sys0022,voicemos2024-track2-sys0022-utt0069,5.0
/fs/ess/PAS2301/Data/Speech/MOS_datasets/singmos/DATA/wav/voicemos2024-track2-sys0022-utt0070.wav,sys0022,voicemos2024-track2-sys0022-utt0070,4.6
/fs/ess/PAS2301/Data/Speech/MOS_datasets/singmos/DATA/wav/voicemos2024-track2-sys0022-utt0072.wav,sys0022,voicemos2024-track2-sys0022-utt0072,4.2
/fs/ess/PAS2301/Data/Speech/MOS_datasets/singmos/DATA/wav/voicemos2024-track2-sys0022-utt0073.wav,sys0022,voicemos2024-track2-sys0022-utt0073,5.0
/fs/ess/PAS2301/Data/Speech/MOS_datasets/singmos/DATA/wav/voicemos2024-track2-sys0022-utt0074.wav,sys0022,voicemos2024-track2-sys0022-utt0074,4.2
/fs/ess/PAS2301/Data/Speech/MOS_datasets/singmos/DATA/wav/voicemos2024-track2-sys0022-utt0076.wav,sys0022,voicemos2024-track2-sys0022-utt0076,3.0
/fs/ess/PAS2301/Data/Speech/MOS_datasets/singmos/DATA/wav/voicemos2024-track2-sys0022-utt0077.wav,sys0022,voicemos2024-track2-sys0022-utt0077,4.6
/fs/ess/PAS2301/Data/Speech/MOS_datasets/singmos/DATA/wav/voicemos2024-track2-sys0022-utt0078.wav,sys0022,voicemos2024-track2-sys0022-utt0078,5.0
/fs/ess/PAS2301/Data/Speech/MOS_datasets/singmos/DATA/wav/voicemos2024-track2-sys0022-utt0079.wav,sys0022,voicemos2024-track2-sys0022-utt0079,5.0
/fs/ess/PAS2301/Data/Speech/MOS_datasets/singmos/DATA/wav/voicemos2024-track2-sys0022-utt0080.wav,sys0022,voicemos2024-track2-sys0022-utt0080,3.8
/fs/ess/PAS2301/Data/Speech/MOS_datasets/singmos/DATA/wav/voicemos2024-track2-sys0022-utt0082.wav,sys0022,voicemos2024-track2-sys0022-utt0082,4.8
/fs/ess/PAS2301/Data/Speech/MOS_datasets/singmos/DATA/wav/voicemos2024-track2-sys0022-utt0083.wav,sys0022,voicemos2024-track2-sys0022-utt0083,4.0
/fs/ess/PAS2301/Data/Speech/MOS_datasets/singmos/DATA/wav/voicemos2024-track2-sys0022-utt0084.wav,sys0022,voicemos2024-track2-sys0022-utt0084,4.0
/fs/ess/PAS2301/Data/Speech/MOS_datasets/singmos/DATA/wav/voicemos2024-track2-sys0022-utt0085.wav,sys0022,voicemos2024-track2-sys0022-utt0085,5.0
/fs/ess/PAS2301/Data/Speech/MOS_datasets/singmos/DATA/wav/voicemos2024-track2-sys0022-utt0087.wav,sys0022,voicemos2024-track2-sys0022-utt0087,5.0
/fs/ess/PAS2301/Data/Speech/MOS_datasets/singmos/DATA/wav/voicemos2024-track2-sys0022-utt0088.wav,sys0022,voicemos2024-track2-sys0022-utt0088,4.0
/fs/ess/PAS2301/Data/Speech/MOS_datasets/singmos/DATA/wav/voicemos2024-track2-sys0022-utt0089.wav,sys0022,voicemos2024-track2-sys0022-utt0089,3.0
/fs/ess/PAS2301/Data/Speech/MOS_datasets/singmos/DATA/wav/voicemos2024-track2-sys0022-utt0090.wav,sys0022,voicemos2024-track2-sys0022-utt0090,5.0
/fs/ess/PAS2301/Data/Speech/MOS_datasets/singmos/DATA/wav/voicemos2024-track2-sys0022-utt0091.wav,sys0022,voicemos2024-track2-sys0022-utt0091,5.0
/fs/ess/PAS2301/Data/Speech/MOS_datasets/singmos/DATA/wav/voicemos2024-track2-sys0022-utt0093.wav,sys0022,voicemos2024-track2-sys0022-utt0093,5.0
/fs/ess/PAS2301/Data/Speech/MOS_datasets/singmos/DATA/wav/voicemos2024-track2-sys0022-utt0095.wav,sys0022,voicemos2024-track2-sys0022-utt0095,5.0
/fs/ess/PAS2301/Data/Speech/MOS_datasets/singmos/DATA/wav/voicemos2024-track2-sys0022-utt0096.wav,sys0022,voicemos2024-track2-sys0022-utt0096,5.0
/fs/ess/PAS2301/Data/Speech/MOS_datasets/singmos/DATA/wav/voicemos2024-track2-sys0023-utt0003.wav,sys0023,voicemos2024-track2-sys0023-utt0003,3.0
/fs/ess/PAS2301/Data/Speech/MOS_datasets/singmos/DATA/wav/voicemos2024-track2-sys0023-utt0004.wav,sys0023,voicemos2024-track2-sys0023-utt0004,3.2
/fs/ess/PAS2301/Data/Speech/MOS_datasets/singmos/DATA/wav/voicemos2024-track2-sys0023-utt0007.wav,sys0023,voicemos2024-track2-sys0023-utt0007,3.6
/fs/ess/PAS2301/Data/Speech/MOS_datasets/singmos/DATA/wav/voicemos2024-track2-sys0023-utt0008.wav,sys0023,voicemos2024-track2-sys0023-utt0008,3.0
/fs/ess/PAS2301/Data/Speech/MOS_datasets/singmos/DATA/wav/voicemos2024-track2-sys0023-utt0009.wav,sys0023,voicemos2024-track2-sys0023-utt0009,4.4
/fs/ess/PAS2301/Data/Speech/MOS_datasets/singmos/DATA/wav/voicemos2024-track2-sys0023-utt0010.wav,sys0023,voicemos2024-track2-sys0023-utt0010,3.0
/fs/ess/PAS2301/Data/Speech/MOS_datasets/singmos/DATA/wav/voicemos2024-track2-sys0023-utt0011.wav,sys0023,voicemos2024-track2-sys0023-utt0011,4.0
/fs/ess/PAS2301/Data/Speech/MOS_datasets/singmos/DATA/wav/voicemos2024-track2-sys0023-utt0012.wav,sys0023,voicemos2024-track2-sys0023-utt0012,3.0
/fs/ess/PAS2301/Data/Speech/MOS_datasets/singmos/DATA/wav/voicemos2024-track2-sys0023-utt0013.wav,sys0023,voicemos2024-track2-sys0023-utt0013,3.0
/fs/ess/PAS2301/Data/Speech/MOS_datasets/singmos/DATA/wav/voicemos2024-track2-sys0023-utt0015.wav,sys0023,voicemos2024-track2-sys0023-utt0015,3.0
/fs/ess/PAS2301/Data/Speech/MOS_datasets/singmos/DATA/wav/voicemos2024-track2-sys0023-utt0016.wav,sys0023,voicemos2024-track2-sys0023-utt0016,3.4
/fs/ess/PAS2301/Data/Speech/MOS_datasets/singmos/DATA/wav/voicemos2024-track2-sys0023-utt0018.wav,sys0023,voicemos2024-track2-sys0023-utt0018,2.6
/fs/ess/PAS2301/Data/Speech/MOS_datasets/singmos/DATA/wav/voicemos2024-track2-sys0023-utt0019.wav,sys0023,voicemos2024-track2-sys0023-utt0019,3.6
/fs/ess/PAS2301/Data/Speech/MOS_datasets/singmos/DATA/wav/voicemos2024-track2-sys0023-utt0020.wav,sys0023,voicemos2024-track2-sys0023-utt0020,4.0
/fs/ess/PAS2301/Data/Speech/MOS_datasets/singmos/DATA/wav/voicemos2024-track2-sys0023-utt0022.wav,sys0023,voicemos2024-track2-sys0023-utt0022,3.0
/fs/ess/PAS2301/Data/Speech/MOS_datasets/singmos/DATA/wav/voicemos2024-track2-sys0023-utt0024.wav,sys0023,voicemos2024-track2-sys0023-utt0024,3.0
/fs/ess/PAS2301/Data/Speech/MOS_datasets/singmos/DATA/wav/voicemos2024-track2-sys0023-utt0025.wav,sys0023,voicemos2024-track2-sys0023-utt0025,3.0
/fs/ess/PAS2301/Data/Speech/MOS_datasets/singmos/DATA/wav/voicemos2024-track2-sys0023-utt0026.wav,sys0023,voicemos2024-track2-sys0023-utt0026,3.4
/fs/ess/PAS2301/Data/Speech/MOS_datasets/singmos/DATA/wav/voicemos2024-track2-sys0023-utt0030.wav,sys0023,voicemos2024-track2-sys0023-utt0030,3.0
/fs/ess/PAS2301/Data/Speech/MOS_datasets/singmos/DATA/wav/voicemos2024-track2-sys0023-utt0031.wav,sys0023,voicemos2024-track2-sys0023-utt0031,3.0
/fs/ess/PAS2301/Data/Speech/MOS_datasets/singmos/DATA/wav/voicemos2024-track2-sys0023-utt0032.wav,sys0023,voicemos2024-track2-sys0023-utt0032,3.0
/fs/ess/PAS2301/Data/Speech/MOS_datasets/singmos/DATA/wav/voicemos2024-track2-sys0023-utt0034.wav,sys0023,voicemos2024-track2-sys0023-utt0034,4.8
/fs/ess/PAS2301/Data/Speech/MOS_datasets/singmos/DATA/wav/voicemos2024-track2-sys0023-utt0038.wav,sys0023,voicemos2024-track2-sys0023-utt0038,3.6
/fs/ess/PAS2301/Data/Speech/MOS_datasets/singmos/DATA/wav/voicemos2024-track2-sys0023-utt0040.wav,sys0023,voicemos2024-track2-sys0023-utt0040,3.8
/fs/ess/PAS2301/Data/Speech/MOS_datasets/singmos/DATA/wav/voicemos2024-track2-sys0023-utt0041.wav,sys0023,voicemos2024-track2-sys0023-utt0041,4.0
/fs/ess/PAS2301/Data/Speech/MOS_datasets/singmos/DATA/wav/voicemos2024-track2-sys0023-utt0043.wav,sys0023,voicemos2024-track2-sys0023-utt0043,4.2
/fs/ess/PAS2301/Data/Speech/MOS_datasets/singmos/DATA/wav/voicemos2024-track2-sys0023-utt0044.wav,sys0023,voicemos2024-track2-sys0023-utt0044,4.0
/fs/ess/PAS2301/Data/Speech/MOS_datasets/singmos/DATA/wav/voicemos2024-track2-sys0023-utt0045.wav,sys0023,voicemos2024-track2-sys0023-utt0045,4.0
/fs/ess/PAS2301/Data/Speech/MOS_datasets/singmos/DATA/wav/voicemos2024-track2-sys0023-utt0046.wav,sys0023,voicemos2024-track2-sys0023-utt0046,4.0
/fs/ess/PAS2301/Data/Speech/MOS_datasets/singmos/DATA/wav/voicemos2024-track2-sys0023-utt0047.wav,sys0023,voicemos2024-track2-sys0023-utt0047,3.0
/fs/ess/PAS2301/Data/Speech/MOS_datasets/singmos/DATA/wav/voicemos2024-track2-sys0023-utt0048.wav,sys0023,voicemos2024-track2-sys0023-utt0048,4.0
/fs/ess/PAS2301/Data/Speech/MOS_datasets/singmos/DATA/wav/voicemos2024-track2-sys0023-utt0050.wav,sys0023,voicemos2024-track2-sys0023-utt0050,2.0
/fs/ess/PAS2301/Data/Speech/MOS_datasets/singmos/DATA/wav/voicemos2024-track2-sys0023-utt0051.wav,sys0023,voicemos2024-track2-sys0023-utt0051,3.4
/fs/ess/PAS2301/Data/Speech/MOS_datasets/singmos/DATA/wav/voicemos2024-track2-sys0023-utt0052.wav,sys0023,voicemos2024-track2-sys0023-utt0052,4.0
/fs/ess/PAS2301/Data/Speech/MOS_datasets/singmos/DATA/wav/voicemos2024-track2-sys0023-utt0053.wav,sys0023,voicemos2024-track2-sys0023-utt0053,4.0
/fs/ess/PAS2301/Data/Speech/MOS_datasets/singmos/DATA/wav/voicemos2024-track2-sys0023-utt0054.wav,sys0023,voicemos2024-track2-sys0023-utt0054,3.0
/fs/ess/PAS2301/Data/Speech/MOS_datasets/singmos/DATA/wav/voicemos2024-track2-sys0023-utt0056.wav,sys0023,voicemos2024-track2-sys0023-utt0056,2.8
/fs/ess/PAS2301/Data/Speech/MOS_datasets/singmos/DATA/wav/voicemos2024-track2-sys0023-utt0057.wav,sys0023,voicemos2024-track2-sys0023-utt0057,3.0
/fs/ess/PAS2301/Data/Speech/MOS_datasets/singmos/DATA/wav/voicemos2024-track2-sys0023-utt0058.wav,sys0023,voicemos2024-track2-sys0023-utt0058,3.0
/fs/ess/PAS2301/Data/Speech/MOS_datasets/singmos/DATA/wav/voicemos2024-track2-sys0023-utt0059.wav,sys0023,voicemos2024-track2-sys0023-utt0059,3.0
/fs/ess/PAS2301/Data/Speech/MOS_datasets/singmos/DATA/wav/voicemos2024-track2-sys0023-utt0060.wav,sys0023,voicemos2024-track2-sys0023-utt0060,3.0
/fs/ess/PAS2301/Data/Speech/MOS_datasets/singmos/DATA/wav/voicemos2024-track2-sys0023-utt0063.wav,sys0023,voicemos2024-track2-sys0023-utt0063,3.4
/fs/ess/PAS2301/Data/Speech/MOS_datasets/singmos/DATA/wav/voicemos2024-track2-sys0023-utt0064.wav,sys0023,voicemos2024-track2-sys0023-utt0064,3.0
/fs/ess/PAS2301/Data/Speech/MOS_datasets/singmos/DATA/wav/voicemos2024-track2-sys0023-utt0065.wav,sys0023,voicemos2024-track2-sys0023-utt0065,3.0
/fs/ess/PAS2301/Data/Speech/MOS_datasets/singmos/DATA/wav/voicemos2024-track2-sys0023-utt0066.wav,sys0023,voicemos2024-track2-sys0023-utt0066,3.2
/fs/ess/PAS2301/Data/Speech/MOS_datasets/singmos/DATA/wav/voicemos2024-track2-sys0023-utt0068.wav,sys0023,voicemos2024-track2-sys0023-utt0068,3.0
/fs/ess/PAS2301/Data/Speech/MOS_datasets/singmos/DATA/wav/voicemos2024-track2-sys0023-utt0070.wav,sys0023,voicemos2024-track2-sys0023-utt0070,3.0
/fs/ess/PAS2301/Data/Speech/MOS_datasets/singmos/DATA/wav/voicemos2024-track2-sys0023-utt0071.wav,sys0023,voicemos2024-track2-sys0023-utt0071,3.0
/fs/ess/PAS2301/Data/Speech/MOS_datasets/singmos/DATA/wav/voicemos2024-track2-sys0023-utt0072.wav,sys0023,voicemos2024-track2-sys0023-utt0072,3.0
/fs/ess/PAS2301/Data/Speech/MOS_datasets/singmos/DATA/wav/voicemos2024-track2-sys0023-utt0073.wav,sys0023,voicemos2024-track2-sys0023-utt0073,3.4
/fs/ess/PAS2301/Data/Speech/MOS_datasets/singmos/DATA/wav/voicemos2024-track2-sys0023-utt0074.wav,sys0023,voicemos2024-track2-sys0023-utt0074,3.0
/fs/ess/PAS2301/Data/Speech/MOS_datasets/singmos/DATA/wav/voicemos2024-track2-sys0023-utt0075.wav,sys0023,voicemos2024-track2-sys0023-utt0075,3.2
/fs/ess/PAS2301/Data/Speech/MOS_datasets/singmos/DATA/wav/voicemos2024-track2-sys0023-utt0078.wav,sys0023,voicemos2024-track2-sys0023-utt0078,3.0
/fs/ess/PAS2301/Data/Speech/MOS_datasets/singmos/DATA/wav/voicemos2024-track2-sys0023-utt0081.wav,sys0023,voicemos2024-track2-sys0023-utt0081,4.0
/fs/ess/PAS2301/Data/Speech/MOS_datasets/singmos/DATA/wav/voicemos2024-track2-sys0023-utt0083.wav,sys0023,voicemos2024-track2-sys0023-utt0083,3.0
/fs/ess/PAS2301/Data/Speech/MOS_datasets/singmos/DATA/wav/voicemos2024-track2-sys0023-utt0084.wav,sys0023,voicemos2024-track2-sys0023-utt0084,4.0
/fs/ess/PAS2301/Data/Speech/MOS_datasets/singmos/DATA/wav/voicemos2024-track2-sys0023-utt0086.wav,sys0023,voicemos2024-track2-sys0023-utt0086,4.4
/fs/ess/PAS2301/Data/Speech/MOS_datasets/singmos/DATA/wav/voicemos2024-track2-sys0023-utt0087.wav,sys0023,voicemos2024-track2-sys0023-utt0087,4.0
/fs/ess/PAS2301/Data/Speech/MOS_datasets/singmos/DATA/wav/voicemos2024-track2-sys0023-utt0089.wav,sys0023,voicemos2024-track2-sys0023-utt0089,3.0
/fs/ess/PAS2301/Data/Speech/MOS_datasets/singmos/DATA/wav/voicemos2024-track2-sys0023-utt0090.wav,sys0023,voicemos2024-track2-sys0023-utt0090,3.0
/fs/ess/PAS2301/Data/Speech/MOS_datasets/singmos/DATA/wav/voicemos2024-track2-sys0023-utt0091.wav,sys0023,voicemos2024-track2-sys0023-utt0091,4.6
/fs/ess/PAS2301/Data/Speech/MOS_datasets/singmos/DATA/wav/voicemos2024-track2-sys0023-utt0092.wav,sys0023,voicemos2024-track2-sys0023-utt0092,3.0
/fs/ess/PAS2301/Data/Speech/MOS_datasets/singmos/DATA/wav/voicemos2024-track2-sys0023-utt0094.wav,sys0023,voicemos2024-track2-sys0023-utt0094,3.0
/fs/ess/PAS2301/Data/Speech/MOS_datasets/singmos/DATA/wav/voicemos2024-track2-sys0023-utt0095.wav,sys0023,voicemos2024-track2-sys0023-utt0095,3.0
/fs/ess/PAS2301/Data/Speech/MOS_datasets/singmos/DATA/wav/voicemos2024-track2-sys0024-utt0001.wav,sys0024,voicemos2024-track2-sys0024-utt0001,4.0
/fs/ess/PAS2301/Data/Speech/MOS_datasets/singmos/DATA/wav/voicemos2024-track2-sys0024-utt0002.wav,sys0024,voicemos2024-track2-sys0024-utt0002,4.2
/fs/ess/PAS2301/Data/Speech/MOS_datasets/singmos/DATA/wav/voicemos2024-track2-sys0024-utt0003.wav,sys0024,voicemos2024-track2-sys0024-utt0003,3.0
/fs/ess/PAS2301/Data/Speech/MOS_datasets/singmos/DATA/wav/voicemos2024-track2-sys0024-utt0004.wav,sys0024,voicemos2024-track2-sys0024-utt0004,3.0
/fs/ess/PAS2301/Data/Speech/MOS_datasets/singmos/DATA/wav/voicemos2024-track2-sys0024-utt0005.wav,sys0024,voicemos2024-track2-sys0024-utt0005,3.0
/fs/ess/PAS2301/Data/Speech/MOS_datasets/singmos/DATA/wav/voicemos2024-track2-sys0024-utt0010.wav,sys0024,voicemos2024-track2-sys0024-utt0010,4.0
/fs/ess/PAS2301/Data/Speech/MOS_datasets/singmos/DATA/wav/voicemos2024-track2-sys0024-utt0011.wav,sys0024,voicemos2024-track2-sys0024-utt0011,3.2
/fs/ess/PAS2301/Data/Speech/MOS_datasets/singmos/DATA/wav/voicemos2024-track2-sys0024-utt0014.wav,sys0024,voicemos2024-track2-sys0024-utt0014,5.0
/fs/ess/PAS2301/Data/Speech/MOS_datasets/singmos/DATA/wav/voicemos2024-track2-sys0024-utt0016.wav,sys0024,voicemos2024-track2-sys0024-utt0016,5.0
/fs/ess/PAS2301/Data/Speech/MOS_datasets/singmos/DATA/wav/voicemos2024-track2-sys0024-utt0018.wav,sys0024,voicemos2024-track2-sys0024-utt0018,4.0
/fs/ess/PAS2301/Data/Speech/MOS_datasets/singmos/DATA/wav/voicemos2024-track2-sys0024-utt0019.wav,sys0024,voicemos2024-track2-sys0024-utt0019,4.4
/fs/ess/PAS2301/Data/Speech/MOS_datasets/singmos/DATA/wav/voicemos2024-track2-sys0024-utt0020.wav,sys0024,voicemos2024-track2-sys0024-utt0020,3.0
/fs/ess/PAS2301/Data/Speech/MOS_datasets/singmos/DATA/wav/voicemos2024-track2-sys0024-utt0021.wav,sys0024,voicemos2024-track2-sys0024-utt0021,5.0
/fs/ess/PAS2301/Data/Speech/MOS_datasets/singmos/DATA/wav/voicemos2024-track2-sys0024-utt0025.wav,sys0024,voicemos2024-track2-sys0024-utt0025,4.0
/fs/ess/PAS2301/Data/Speech/MOS_datasets/singmos/DATA/wav/voicemos2024-track2-sys0024-utt0028.wav,sys0024,voicemos2024-track2-sys0024-utt0028,5.0
/fs/ess/PAS2301/Data/Speech/MOS_datasets/singmos/DATA/wav/voicemos2024-track2-sys0024-utt0029.wav,sys0024,voicemos2024-track2-sys0024-utt0029,4.0
/fs/ess/PAS2301/Data/Speech/MOS_datasets/singmos/DATA/wav/voicemos2024-track2-sys0024-utt0030.wav,sys0024,voicemos2024-track2-sys0024-utt0030,5.0
/fs/ess/PAS2301/Data/Speech/MOS_datasets/singmos/DATA/wav/voicemos2024-track2-sys0024-utt0031.wav,sys0024,voicemos2024-track2-sys0024-utt0031,3.0
/fs/ess/PAS2301/Data/Speech/MOS_datasets/singmos/DATA/wav/voicemos2024-track2-sys0024-utt0033.wav,sys0024,voicemos2024-track2-sys0024-utt0033,4.0
/fs/ess/PAS2301/Data/Speech/MOS_datasets/singmos/DATA/wav/voicemos2024-track2-sys0024-utt0034.wav,sys0024,voicemos2024-track2-sys0024-utt0034,4.0
/fs/ess/PAS2301/Data/Speech/MOS_datasets/singmos/DATA/wav/voicemos2024-track2-sys0024-utt0035.wav,sys0024,voicemos2024-track2-sys0024-utt0035,3.0
/fs/ess/PAS2301/Data/Speech/MOS_datasets/singmos/DATA/wav/voicemos2024-track2-sys0024-utt0036.wav,sys0024,voicemos2024-track2-sys0024-utt0036,4.0
/fs/ess/PAS2301/Data/Speech/MOS_datasets/singmos/DATA/wav/voicemos2024-track2-sys0024-utt0037.wav,sys0024,voicemos2024-track2-sys0024-utt0037,5.0
/fs/ess/PAS2301/Data/Speech/MOS_datasets/singmos/DATA/wav/voicemos2024-track2-sys0024-utt0039.wav,sys0024,voicemos2024-track2-sys0024-utt0039,4.0
/fs/ess/PAS2301/Data/Speech/MOS_datasets/singmos/DATA/wav/voicemos2024-track2-sys0024-utt0040.wav,sys0024,voicemos2024-track2-sys0024-utt0040,5.0
/fs/ess/PAS2301/Data/Speech/MOS_datasets/singmos/DATA/wav/voicemos2024-track2-sys0024-utt0041.wav,sys0024,voicemos2024-track2-sys0024-utt0041,4.0
/fs/ess/PAS2301/Data/Speech/MOS_datasets/singmos/DATA/wav/voicemos2024-track2-sys0024-utt0045.wav,sys0024,voicemos2024-track2-sys0024-utt0045,5.0
/fs/ess/PAS2301/Data/Speech/MOS_datasets/singmos/DATA/wav/voicemos2024-track2-sys0024-utt0046.wav,sys0024,voicemos2024-track2-sys0024-utt0046,4.0
/fs/ess/PAS2301/Data/Speech/MOS_datasets/singmos/DATA/wav/voicemos2024-track2-sys0024-utt0047.wav,sys0024,voicemos2024-track2-sys0024-utt0047,4.2
/fs/ess/PAS2301/Data/Speech/MOS_datasets/singmos/DATA/wav/voicemos2024-track2-sys0024-utt0048.wav,sys0024,voicemos2024-track2-sys0024-utt0048,4.8
/fs/ess/PAS2301/Data/Speech/MOS_datasets/singmos/DATA/wav/voicemos2024-track2-sys0024-utt0049.wav,sys0024,voicemos2024-track2-sys0024-utt0049,3.8
/fs/ess/PAS2301/Data/Speech/MOS_datasets/singmos/DATA/wav/voicemos2024-track2-sys0024-utt0050.wav,sys0024,voicemos2024-track2-sys0024-utt0050,4.0
/fs/ess/PAS2301/Data/Speech/MOS_datasets/singmos/DATA/wav/voicemos2024-track2-sys0024-utt0052.wav,sys0024,voicemos2024-track2-sys0024-utt0052,4.2
/fs/ess/PAS2301/Data/Speech/MOS_datasets/singmos/DATA/wav/voicemos2024-track2-sys0024-utt0053.wav,sys0024,voicemos2024-track2-sys0024-utt0053,3.0
/fs/ess/PAS2301/Data/Speech/MOS_datasets/singmos/DATA/wav/voicemos2024-track2-sys0024-utt0057.wav,sys0024,voicemos2024-track2-sys0024-utt0057,4.4
/fs/ess/PAS2301/Data/Speech/MOS_datasets/singmos/DATA/wav/voicemos2024-track2-sys0024-utt0058.wav,sys0024,voicemos2024-track2-sys0024-utt0058,4.0
/fs/ess/PAS2301/Data/Speech/MOS_datasets/singmos/DATA/wav/voicemos2024-track2-sys0024-utt0059.wav,sys0024,voicemos2024-track2-sys0024-utt0059,5.0
/fs/ess/PAS2301/Data/Speech/MOS_datasets/singmos/DATA/wav/voicemos2024-track2-sys0024-utt0060.wav,sys0024,voicemos2024-track2-sys0024-utt0060,5.0
/fs/ess/PAS2301/Data/Speech/MOS_datasets/singmos/DATA/wav/voicemos2024-track2-sys0024-utt0061.wav,sys0024,voicemos2024-track2-sys0024-utt0061,5.0
/fs/ess/PAS2301/Data/Speech/MOS_datasets/singmos/DATA/wav/voicemos2024-track2-sys0024-utt0062.wav,sys0024,voicemos2024-track2-sys0024-utt0062,4.0
/fs/ess/PAS2301/Data/Speech/MOS_datasets/singmos/DATA/wav/voicemos2024-track2-sys0024-utt0065.wav,sys0024,voicemos2024-track2-sys0024-utt0065,3.8
/fs/ess/PAS2301/Data/Speech/MOS_datasets/singmos/DATA/wav/voicemos2024-track2-sys0024-utt0066.wav,sys0024,voicemos2024-track2-sys0024-utt0066,4.0
/fs/ess/PAS2301/Data/Speech/MOS_datasets/singmos/DATA/wav/voicemos2024-track2-sys0024-utt0069.wav,sys0024,voicemos2024-track2-sys0024-utt0069,4.8
/fs/ess/PAS2301/Data/Speech/MOS_datasets/singmos/DATA/wav/voicemos2024-track2-sys0024-utt0070.wav,sys0024,voicemos2024-track2-sys0024-utt0070,5.0
/fs/ess/PAS2301/Data/Speech/MOS_datasets/singmos/DATA/wav/voicemos2024-track2-sys0024-utt0071.wav,sys0024,voicemos2024-track2-sys0024-utt0071,3.0
/fs/ess/PAS2301/Data/Speech/MOS_datasets/singmos/DATA/wav/voicemos2024-track2-sys0024-utt0072.wav,sys0024,voicemos2024-track2-sys0024-utt0072,4.8
/fs/ess/PAS2301/Data/Speech/MOS_datasets/singmos/DATA/wav/voicemos2024-track2-sys0024-utt0073.wav,sys0024,voicemos2024-track2-sys0024-utt0073,3.0
/fs/ess/PAS2301/Data/Speech/MOS_datasets/singmos/DATA/wav/voicemos2024-track2-sys0024-utt0074.wav,sys0024,voicemos2024-track2-sys0024-utt0074,3.2
/fs/ess/PAS2301/Data/Speech/MOS_datasets/singmos/DATA/wav/voicemos2024-track2-sys0024-utt0076.wav,sys0024,voicemos2024-track2-sys0024-utt0076,4.8
/fs/ess/PAS2301/Data/Speech/MOS_datasets/singmos/DATA/wav/voicemos2024-track2-sys0024-utt0077.wav,sys0024,voicemos2024-track2-sys0024-utt0077,4.0
/fs/ess/PAS2301/Data/Speech/MOS_datasets/singmos/DATA/wav/voicemos2024-track2-sys0024-utt0078.wav,sys0024,voicemos2024-track2-sys0024-utt0078,4.2
/fs/ess/PAS2301/Data/Speech/MOS_datasets/singmos/DATA/wav/voicemos2024-track2-sys0024-utt0079.wav,sys0024,voicemos2024-track2-sys0024-utt0079,4.0
/fs/ess/PAS2301/Data/Speech/MOS_datasets/singmos/DATA/wav/voicemos2024-track2-sys0024-utt0081.wav,sys0024,voicemos2024-track2-sys0024-utt0081,4.0
/fs/ess/PAS2301/Data/Speech/MOS_datasets/singmos/DATA/wav/voicemos2024-track2-sys0024-utt0082.wav,sys0024,voicemos2024-track2-sys0024-utt0082,4.0
/fs/ess/PAS2301/Data/Speech/MOS_datasets/singmos/DATA/wav/voicemos2024-track2-sys0024-utt0083.wav,sys0024,voicemos2024-track2-sys0024-utt0083,3.0
/fs/ess/PAS2301/Data/Speech/MOS_datasets/singmos/DATA/wav/voicemos2024-track2-sys0024-utt0084.wav,sys0024,voicemos2024-track2-sys0024-utt0084,4.4
/fs/ess/PAS2301/Data/Speech/MOS_datasets/singmos/DATA/wav/voicemos2024-track2-sys0024-utt0086.wav,sys0024,voicemos2024-track2-sys0024-utt0086,4.0
/fs/ess/PAS2301/Data/Speech/MOS_datasets/singmos/DATA/wav/voicemos2024-track2-sys0024-utt0089.wav,sys0024,voicemos2024-track2-sys0024-utt0089,4.0
/fs/ess/PAS2301/Data/Speech/MOS_datasets/singmos/DATA/wav/voicemos2024-track2-sys0024-utt0090.wav,sys0024,voicemos2024-track2-sys0024-utt0090,4.4
/fs/ess/PAS2301/Data/Speech/MOS_datasets/singmos/DATA/wav/voicemos2024-track2-sys0024-utt0091.wav,sys0024,voicemos2024-track2-sys0024-utt0091,4.2
/fs/ess/PAS2301/Data/Speech/MOS_datasets/singmos/DATA/wav/voicemos2024-track2-sys0024-utt0097.wav,sys0024,voicemos2024-track2-sys0024-utt0097,5.0
/fs/ess/PAS2301/Data/Speech/MOS_datasets/singmos/DATA/wav/voicemos2024-track2-sys0024-utt0099.wav,sys0024,voicemos2024-track2-sys0024-utt0099,4.0
/fs/ess/PAS2301/Data/Speech/MOS_datasets/singmos/DATA/wav/voicemos2024-track2-sys0024-utt0100.wav,sys0024,voicemos2024-track2-sys0024-utt0100,4.6
/fs/ess/PAS2301/Data/Speech/MOS_datasets/singmos/DATA/wav/voicemos2024-track2-sys0025-utt0002.wav,sys0025,voicemos2024-track2-sys0025-utt0002,5.0
/fs/ess/PAS2301/Data/Speech/MOS_datasets/singmos/DATA/wav/voicemos2024-track2-sys0025-utt0003.wav,sys0025,voicemos2024-track2-sys0025-utt0003,4.0
/fs/ess/PAS2301/Data/Speech/MOS_datasets/singmos/DATA/wav/voicemos2024-track2-sys0025-utt0005.wav,sys0025,voicemos2024-track2-sys0025-utt0005,5.0
/fs/ess/PAS2301/Data/Speech/MOS_datasets/singmos/DATA/wav/voicemos2024-track2-sys0025-utt0007.wav,sys0025,voicemos2024-track2-sys0025-utt0007,5.0
/fs/ess/PAS2301/Data/Speech/MOS_datasets/singmos/DATA/wav/voicemos2024-track2-sys0025-utt0008.wav,sys0025,voicemos2024-track2-sys0025-utt0008,4.2
/fs/ess/PAS2301/Data/Speech/MOS_datasets/singmos/DATA/wav/voicemos2024-track2-sys0025-utt0009.wav,sys0025,voicemos2024-track2-sys0025-utt0009,4.0
/fs/ess/PAS2301/Data/Speech/MOS_datasets/singmos/DATA/wav/voicemos2024-track2-sys0025-utt0010.wav,sys0025,voicemos2024-track2-sys0025-utt0010,4.0
/fs/ess/PAS2301/Data/Speech/MOS_datasets/singmos/DATA/wav/voicemos2024-track2-sys0025-utt0011.wav,sys0025,voicemos2024-track2-sys0025-utt0011,3.6
/fs/ess/PAS2301/Data/Speech/MOS_datasets/singmos/DATA/wav/voicemos2024-track2-sys0025-utt0012.wav,sys0025,voicemos2024-track2-sys0025-utt0012,3.6
/fs/ess/PAS2301/Data/Speech/MOS_datasets/singmos/DATA/wav/voicemos2024-track2-sys0025-utt0014.wav,sys0025,voicemos2024-track2-sys0025-utt0014,4.4
/fs/ess/PAS2301/Data/Speech/MOS_datasets/singmos/DATA/wav/voicemos2024-track2-sys0025-utt0015.wav,sys0025,voicemos2024-track2-sys0025-utt0015,3.0
/fs/ess/PAS2301/Data/Speech/MOS_datasets/singmos/DATA/wav/voicemos2024-track2-sys0025-utt0016.wav,sys0025,voicemos2024-track2-sys0025-utt0016,4.4
/fs/ess/PAS2301/Data/Speech/MOS_datasets/singmos/DATA/wav/voicemos2024-track2-sys0025-utt0017.wav,sys0025,voicemos2024-track2-sys0025-utt0017,3.0
/fs/ess/PAS2301/Data/Speech/MOS_datasets/singmos/DATA/wav/voicemos2024-track2-sys0025-utt0018.wav,sys0025,voicemos2024-track2-sys0025-utt0018,5.0
/fs/ess/PAS2301/Data/Speech/MOS_datasets/singmos/DATA/wav/voicemos2024-track2-sys0025-utt0019.wav,sys0025,voicemos2024-track2-sys0025-utt0019,4.2
/fs/ess/PAS2301/Data/Speech/MOS_datasets/singmos/DATA/wav/voicemos2024-track2-sys0025-utt0021.wav,sys0025,voicemos2024-track2-sys0025-utt0021,4.0
/fs/ess/PAS2301/Data/Speech/MOS_datasets/singmos/DATA/wav/voicemos2024-track2-sys0025-utt0022.wav,sys0025,voicemos2024-track2-sys0025-utt0022,5.0
/fs/ess/PAS2301/Data/Speech/MOS_datasets/singmos/DATA/wav/voicemos2024-track2-sys0025-utt0023.wav,sys0025,voicemos2024-track2-sys0025-utt0023,4.0
/fs/ess/PAS2301/Data/Speech/MOS_datasets/singmos/DATA/wav/voicemos2024-track2-sys0025-utt0026.wav,sys0025,voicemos2024-track2-sys0025-utt0026,5.0
/fs/ess/PAS2301/Data/Speech/MOS_datasets/singmos/DATA/wav/voicemos2024-track2-sys0025-utt0027.wav,sys0025,voicemos2024-track2-sys0025-utt0027,5.0
/fs/ess/PAS2301/Data/Speech/MOS_datasets/singmos/DATA/wav/voicemos2024-track2-sys0025-utt0028.wav,sys0025,voicemos2024-track2-sys0025-utt0028,5.0
/fs/ess/PAS2301/Data/Speech/MOS_datasets/singmos/DATA/wav/voicemos2024-track2-sys0025-utt0035.wav,sys0025,voicemos2024-track2-sys0025-utt0035,5.0
/fs/ess/PAS2301/Data/Speech/MOS_datasets/singmos/DATA/wav/voicemos2024-track2-sys0025-utt0037.wav,sys0025,voicemos2024-track2-sys0025-utt0037,3.8
/fs/ess/PAS2301/Data/Speech/MOS_datasets/singmos/DATA/wav/voicemos2024-track2-sys0025-utt0040.wav,sys0025,voicemos2024-track2-sys0025-utt0040,4.6
/fs/ess/PAS2301/Data/Speech/MOS_datasets/singmos/DATA/wav/voicemos2024-track2-sys0025-utt0041.wav,sys0025,voicemos2024-track2-sys0025-utt0041,4.6
/fs/ess/PAS2301/Data/Speech/MOS_datasets/singmos/DATA/wav/voicemos2024-track2-sys0025-utt0042.wav,sys0025,voicemos2024-track2-sys0025-utt0042,5.0
/fs/ess/PAS2301/Data/Speech/MOS_datasets/singmos/DATA/wav/voicemos2024-track2-sys0025-utt0043.wav,sys0025,voicemos2024-track2-sys0025-utt0043,5.0
/fs/ess/PAS2301/Data/Speech/MOS_datasets/singmos/DATA/wav/voicemos2024-track2-sys0025-utt0044.wav,sys0025,voicemos2024-track2-sys0025-utt0044,5.0
/fs/ess/PAS2301/Data/Speech/MOS_datasets/singmos/DATA/wav/voicemos2024-track2-sys0025-utt0047.wav,sys0025,voicemos2024-track2-sys0025-utt0047,4.4
/fs/ess/PAS2301/Data/Speech/MOS_datasets/singmos/DATA/wav/voicemos2024-track2-sys0025-utt0049.wav,sys0025,voicemos2024-track2-sys0025-utt0049,3.4
/fs/ess/PAS2301/Data/Speech/MOS_datasets/singmos/DATA/wav/voicemos2024-track2-sys0025-utt0050.wav,sys0025,voicemos2024-track2-sys0025-utt0050,4.0
/fs/ess/PAS2301/Data/Speech/MOS_datasets/singmos/DATA/wav/voicemos2024-track2-sys0025-utt0051.wav,sys0025,voicemos2024-track2-sys0025-utt0051,4.4
/fs/ess/PAS2301/Data/Speech/MOS_datasets/singmos/DATA/wav/voicemos2024-track2-sys0025-utt0054.wav,sys0025,voicemos2024-track2-sys0025-utt0054,4.0
/fs/ess/PAS2301/Data/Speech/MOS_datasets/singmos/DATA/wav/voicemos2024-track2-sys0025-utt0055.wav,sys0025,voicemos2024-track2-sys0025-utt0055,5.0
/fs/ess/PAS2301/Data/Speech/MOS_datasets/singmos/DATA/wav/voicemos2024-track2-sys0025-utt0057.wav,sys0025,voicemos2024-track2-sys0025-utt0057,5.0
/fs/ess/PAS2301/Data/Speech/MOS_datasets/singmos/DATA/wav/voicemos2024-track2-sys0025-utt0062.wav,sys0025,voicemos2024-track2-sys0025-utt0062,3.0
/fs/ess/PAS2301/Data/Speech/MOS_datasets/singmos/DATA/wav/voicemos2024-track2-sys0025-utt0063.wav,sys0025,voicemos2024-track2-sys0025-utt0063,3.0
/fs/ess/PAS2301/Data/Speech/MOS_datasets/singmos/DATA/wav/voicemos2024-track2-sys0025-utt0064.wav,sys0025,voicemos2024-track2-sys0025-utt0064,3.0
/fs/ess/PAS2301/Data/Speech/MOS_datasets/singmos/DATA/wav/voicemos2024-track2-sys0025-utt0065.wav,sys0025,voicemos2024-track2-sys0025-utt0065,5.0
/fs/ess/PAS2301/Data/Speech/MOS_datasets/singmos/DATA/wav/voicemos2024-track2-sys0025-utt0067.wav,sys0025,voicemos2024-track2-sys0025-utt0067,3.8
/fs/ess/PAS2301/Data/Speech/MOS_datasets/singmos/DATA/wav/voicemos2024-track2-sys0025-utt0069.wav,sys0025,voicemos2024-track2-sys0025-utt0069,4.8
/fs/ess/PAS2301/Data/Speech/MOS_datasets/singmos/DATA/wav/voicemos2024-track2-sys0025-utt0070.wav,sys0025,voicemos2024-track2-sys0025-utt0070,4.2
/fs/ess/PAS2301/Data/Speech/MOS_datasets/singmos/DATA/wav/voicemos2024-track2-sys0025-utt0072.wav,sys0025,voicemos2024-track2-sys0025-utt0072,4.6
/fs/ess/PAS2301/Data/Speech/MOS_datasets/singmos/DATA/wav/voicemos2024-track2-sys0025-utt0073.wav,sys0025,voicemos2024-track2-sys0025-utt0073,3.0
/fs/ess/PAS2301/Data/Speech/MOS_datasets/singmos/DATA/wav/voicemos2024-track2-sys0025-utt0074.wav,sys0025,voicemos2024-track2-sys0025-utt0074,3.0
/fs/ess/PAS2301/Data/Speech/MOS_datasets/singmos/DATA/wav/voicemos2024-track2-sys0025-utt0076.wav,sys0025,voicemos2024-track2-sys0025-utt0076,5.0
/fs/ess/PAS2301/Data/Speech/MOS_datasets/singmos/DATA/wav/voicemos2024-track2-sys0025-utt0079.wav,sys0025,voicemos2024-track2-sys0025-utt0079,5.0
/fs/ess/PAS2301/Data/Speech/MOS_datasets/singmos/DATA/wav/voicemos2024-track2-sys0025-utt0080.wav,sys0025,voicemos2024-track2-sys0025-utt0080,5.0
/fs/ess/PAS2301/Data/Speech/MOS_datasets/singmos/DATA/wav/voicemos2024-track2-sys0025-utt0082.wav,sys0025,voicemos2024-track2-sys0025-utt0082,4.0
/fs/ess/PAS2301/Data/Speech/MOS_datasets/singmos/DATA/wav/voicemos2024-track2-sys0025-utt0083.wav,sys0025,voicemos2024-track2-sys0025-utt0083,5.0
/fs/ess/PAS2301/Data/Speech/MOS_datasets/singmos/DATA/wav/voicemos2024-track2-sys0025-utt0084.wav,sys0025,voicemos2024-track2-sys0025-utt0084,5.0
/fs/ess/PAS2301/Data/Speech/MOS_datasets/singmos/DATA/wav/voicemos2024-track2-sys0025-utt0085.wav,sys0025,voicemos2024-track2-sys0025-utt0085,4.6
/fs/ess/PAS2301/Data/Speech/MOS_datasets/singmos/DATA/wav/voicemos2024-track2-sys0025-utt0086.wav,sys0025,voicemos2024-track2-sys0025-utt0086,4.4
/fs/ess/PAS2301/Data/Speech/MOS_datasets/singmos/DATA/wav/voicemos2024-track2-sys0025-utt0087.wav,sys0025,voicemos2024-track2-sys0025-utt0087,5.0
/fs/ess/PAS2301/Data/Speech/MOS_datasets/singmos/DATA/wav/voicemos2024-track2-sys0025-utt0088.wav,sys0025,voicemos2024-track2-sys0025-utt0088,4.0
/fs/ess/PAS2301/Data/Speech/MOS_datasets/singmos/DATA/wav/voicemos2024-track2-sys0025-utt0089.wav,sys0025,voicemos2024-track2-sys0025-utt0089,5.0
/fs/ess/PAS2301/Data/Speech/MOS_datasets/singmos/DATA/wav/voicemos2024-track2-sys0025-utt0092.wav,sys0025,voicemos2024-track2-sys0025-utt0092,5.0
/fs/ess/PAS2301/Data/Speech/MOS_datasets/singmos/DATA/wav/voicemos2024-track2-sys0025-utt0093.wav,sys0025,voicemos2024-track2-sys0025-utt0093,5.0
/fs/ess/PAS2301/Data/Speech/MOS_datasets/singmos/DATA/wav/voicemos2024-track2-sys0025-utt0094.wav,sys0025,voicemos2024-track2-sys0025-utt0094,4.4
/fs/ess/PAS2301/Data/Speech/MOS_datasets/singmos/DATA/wav/voicemos2024-track2-sys0025-utt0095.wav,sys0025,voicemos2024-track2-sys0025-utt0095,4.0
/fs/ess/PAS2301/Data/Speech/MOS_datasets/singmos/DATA/wav/voicemos2024-track2-sys0025-utt0096.wav,sys0025,voicemos2024-track2-sys0025-utt0096,4.6
/fs/ess/PAS2301/Data/Speech/MOS_datasets/singmos/DATA/wav/voicemos2024-track2-sys0026-utt0001.wav,sys0026,voicemos2024-track2-sys0026-utt0001,4.0
/fs/ess/PAS2301/Data/Speech/MOS_datasets/singmos/DATA/wav/voicemos2024-track2-sys0026-utt0002.wav,sys0026,voicemos2024-track2-sys0026-utt0002,4.4
/fs/ess/PAS2301/Data/Speech/MOS_datasets/singmos/DATA/wav/voicemos2024-track2-sys0026-utt0003.wav,sys0026,voicemos2024-track2-sys0026-utt0003,3.2
/fs/ess/PAS2301/Data/Speech/MOS_datasets/singmos/DATA/wav/voicemos2024-track2-sys0026-utt0004.wav,sys0026,voicemos2024-track2-sys0026-utt0004,5.0
/fs/ess/PAS2301/Data/Speech/MOS_datasets/singmos/DATA/wav/voicemos2024-track2-sys0026-utt0007.wav,sys0026,voicemos2024-track2-sys0026-utt0007,3.0
/fs/ess/PAS2301/Data/Speech/MOS_datasets/singmos/DATA/wav/voicemos2024-track2-sys0026-utt0008.wav,sys0026,voicemos2024-track2-sys0026-utt0008,3.2
/fs/ess/PAS2301/Data/Speech/MOS_datasets/singmos/DATA/wav/voicemos2024-track2-sys0026-utt0009.wav,sys0026,voicemos2024-track2-sys0026-utt0009,3.4
/fs/ess/PAS2301/Data/Speech/MOS_datasets/singmos/DATA/wav/voicemos2024-track2-sys0026-utt0010.wav,sys0026,voicemos2024-track2-sys0026-utt0010,5.0
/fs/ess/PAS2301/Data/Speech/MOS_datasets/singmos/DATA/wav/voicemos2024-track2-sys0026-utt0012.wav,sys0026,voicemos2024-track2-sys0026-utt0012,3.0
/fs/ess/PAS2301/Data/Speech/MOS_datasets/singmos/DATA/wav/voicemos2024-track2-sys0026-utt0016.wav,sys0026,voicemos2024-track2-sys0026-utt0016,4.0
/fs/ess/PAS2301/Data/Speech/MOS_datasets/singmos/DATA/wav/voicemos2024-track2-sys0026-utt0018.wav,sys0026,voicemos2024-track2-sys0026-utt0018,3.4
/fs/ess/PAS2301/Data/Speech/MOS_datasets/singmos/DATA/wav/voicemos2024-track2-sys0026-utt0019.wav,sys0026,voicemos2024-track2-sys0026-utt0019,3.0
/fs/ess/PAS2301/Data/Speech/MOS_datasets/singmos/DATA/wav/voicemos2024-track2-sys0026-utt0021.wav,sys0026,voicemos2024-track2-sys0026-utt0021,3.0
/fs/ess/PAS2301/Data/Speech/MOS_datasets/singmos/DATA/wav/voicemos2024-track2-sys0026-utt0023.wav,sys0026,voicemos2024-track2-sys0026-utt0023,4.0
/fs/ess/PAS2301/Data/Speech/MOS_datasets/singmos/DATA/wav/voicemos2024-track2-sys0026-utt0024.wav,sys0026,voicemos2024-track2-sys0026-utt0024,3.4
/fs/ess/PAS2301/Data/Speech/MOS_datasets/singmos/DATA/wav/voicemos2024-track2-sys0026-utt0025.wav,sys0026,voicemos2024-track2-sys0026-utt0025,4.4
/fs/ess/PAS2301/Data/Speech/MOS_datasets/singmos/DATA/wav/voicemos2024-track2-sys0026-utt0026.wav,sys0026,voicemos2024-track2-sys0026-utt0026,3.6
/fs/ess/PAS2301/Data/Speech/MOS_datasets/singmos/DATA/wav/voicemos2024-track2-sys0026-utt0029.wav,sys0026,voicemos2024-track2-sys0026-utt0029,2.4
/fs/ess/PAS2301/Data/Speech/MOS_datasets/singmos/DATA/wav/voicemos2024-track2-sys0026-utt0031.wav,sys0026,voicemos2024-track2-sys0026-utt0031,5.0
/fs/ess/PAS2301/Data/Speech/MOS_datasets/singmos/DATA/wav/voicemos2024-track2-sys0026-utt0032.wav,sys0026,voicemos2024-track2-sys0026-utt0032,5.0
/fs/ess/PAS2301/Data/Speech/MOS_datasets/singmos/DATA/wav/voicemos2024-track2-sys0026-utt0033.wav,sys0026,voicemos2024-track2-sys0026-utt0033,2.6
/fs/ess/PAS2301/Data/Speech/MOS_datasets/singmos/DATA/wav/voicemos2024-track2-sys0026-utt0034.wav,sys0026,voicemos2024-track2-sys0026-utt0034,5.0
/fs/ess/PAS2301/Data/Speech/MOS_datasets/singmos/DATA/wav/voicemos2024-track2-sys0026-utt0036.wav,sys0026,voicemos2024-track2-sys0026-utt0036,5.0
/fs/ess/PAS2301/Data/Speech/MOS_datasets/singmos/DATA/wav/voicemos2024-track2-sys0026-utt0037.wav,sys0026,voicemos2024-track2-sys0026-utt0037,3.0
/fs/ess/PAS2301/Data/Speech/MOS_datasets/singmos/DATA/wav/voicemos2024-track2-sys0026-utt0038.wav,sys0026,voicemos2024-track2-sys0026-utt0038,5.0
/fs/ess/PAS2301/Data/Speech/MOS_datasets/singmos/DATA/wav/voicemos2024-track2-sys0026-utt0039.wav,sys0026,voicemos2024-track2-sys0026-utt0039,4.0
/fs/ess/PAS2301/Data/Speech/MOS_datasets/singmos/DATA/wav/voicemos2024-track2-sys0026-utt0042.wav,sys0026,voicemos2024-track2-sys0026-utt0042,5.0
/fs/ess/PAS2301/Data/Speech/MOS_datasets/singmos/DATA/wav/voicemos2024-track2-sys0026-utt0043.wav,sys0026,voicemos2024-track2-sys0026-utt0043,5.0
/fs/ess/PAS2301/Data/Speech/MOS_datasets/singmos/DATA/wav/voicemos2024-track2-sys0026-utt0044.wav,sys0026,voicemos2024-track2-sys0026-utt0044,4.4
/fs/ess/PAS2301/Data/Speech/MOS_datasets/singmos/DATA/wav/voicemos2024-track2-sys0026-utt0046.wav,sys0026,voicemos2024-track2-sys0026-utt0046,5.0
/fs/ess/PAS2301/Data/Speech/MOS_datasets/singmos/DATA/wav/voicemos2024-track2-sys0026-utt0047.wav,sys0026,voicemos2024-track2-sys0026-utt0047,4.2
/fs/ess/PAS2301/Data/Speech/MOS_datasets/singmos/DATA/wav/voicemos2024-track2-sys0026-utt0048.wav,sys0026,voicemos2024-track2-sys0026-utt0048,3.0
/fs/ess/PAS2301/Data/Speech/MOS_datasets/singmos/DATA/wav/voicemos2024-track2-sys0026-utt0050.wav,sys0026,voicemos2024-track2-sys0026-utt0050,5.0
/fs/ess/PAS2301/Data/Speech/MOS_datasets/singmos/DATA/wav/voicemos2024-track2-sys0026-utt0051.wav,sys0026,voicemos2024-track2-sys0026-utt0051,4.2
/fs/ess/PAS2301/Data/Speech/MOS_datasets/singmos/DATA/wav/voicemos2024-track2-sys0026-utt0052.wav,sys0026,voicemos2024-track2-sys0026-utt0052,4.8
/fs/ess/PAS2301/Data/Speech/MOS_datasets/singmos/DATA/wav/voicemos2024-track2-sys0026-utt0053.wav,sys0026,voicemos2024-track2-sys0026-utt0053,5.0
/fs/ess/PAS2301/Data/Speech/MOS_datasets/singmos/DATA/wav/voicemos2024-track2-sys0026-utt0054.wav,sys0026,voicemos2024-track2-sys0026-utt0054,5.0
/fs/ess/PAS2301/Data/Speech/MOS_datasets/singmos/DATA/wav/voicemos2024-track2-sys0026-utt0055.wav,sys0026,voicemos2024-track2-sys0026-utt0055,5.0
/fs/ess/PAS2301/Data/Speech/MOS_datasets/singmos/DATA/wav/voicemos2024-track2-sys0026-utt0057.wav,sys0026,voicemos2024-track2-sys0026-utt0057,4.0
/fs/ess/PAS2301/Data/Speech/MOS_datasets/singmos/DATA/wav/voicemos2024-track2-sys0026-utt0059.wav,sys0026,voicemos2024-track2-sys0026-utt0059,4.0
/fs/ess/PAS2301/Data/Speech/MOS_datasets/singmos/DATA/wav/voicemos2024-track2-sys0026-utt0060.wav,sys0026,voicemos2024-track2-sys0026-utt0060,3.2
/fs/ess/PAS2301/Data/Speech/MOS_datasets/singmos/DATA/wav/voicemos2024-track2-sys0026-utt0061.wav,sys0026,voicemos2024-track2-sys0026-utt0061,5.0
/fs/ess/PAS2301/Data/Speech/MOS_datasets/singmos/DATA/wav/voicemos2024-track2-sys0026-utt0062.wav,sys0026,voicemos2024-track2-sys0026-utt0062,4.0
/fs/ess/PAS2301/Data/Speech/MOS_datasets/singmos/DATA/wav/voicemos2024-track2-sys0026-utt0065.wav,sys0026,voicemos2024-track2-sys0026-utt0065,4.2
/fs/ess/PAS2301/Data/Speech/MOS_datasets/singmos/DATA/wav/voicemos2024-track2-sys0026-utt0066.wav,sys0026,voicemos2024-track2-sys0026-utt0066,4.0
/fs/ess/PAS2301/Data/Speech/MOS_datasets/singmos/DATA/wav/voicemos2024-track2-sys0026-utt0067.wav,sys0026,voicemos2024-track2-sys0026-utt0067,3.6
/fs/ess/PAS2301/Data/Speech/MOS_datasets/singmos/DATA/wav/voicemos2024-track2-sys0026-utt0068.wav,sys0026,voicemos2024-track2-sys0026-utt0068,3.0
/fs/ess/PAS2301/Data/Speech/MOS_datasets/singmos/DATA/wav/voicemos2024-track2-sys0026-utt0069.wav,sys0026,voicemos2024-track2-sys0026-utt0069,4.0
/fs/ess/PAS2301/Data/Speech/MOS_datasets/singmos/DATA/wav/voicemos2024-track2-sys0026-utt0072.wav,sys0026,voicemos2024-track2-sys0026-utt0072,3.4
/fs/ess/PAS2301/Data/Speech/MOS_datasets/singmos/DATA/wav/voicemos2024-track2-sys0026-utt0074.wav,sys0026,voicemos2024-track2-sys0026-utt0074,3.2
/fs/ess/PAS2301/Data/Speech/MOS_datasets/singmos/DATA/wav/voicemos2024-track2-sys0026-utt0075.wav,sys0026,voicemos2024-track2-sys0026-utt0075,3.8
/fs/ess/PAS2301/Data/Speech/MOS_datasets/singmos/DATA/wav/voicemos2024-track2-sys0026-utt0076.wav,sys0026,voicemos2024-track2-sys0026-utt0076,3.8
/fs/ess/PAS2301/Data/Speech/MOS_datasets/singmos/DATA/wav/voicemos2024-track2-sys0026-utt0078.wav,sys0026,voicemos2024-track2-sys0026-utt0078,4.0
/fs/ess/PAS2301/Data/Speech/MOS_datasets/singmos/DATA/wav/voicemos2024-track2-sys0026-utt0079.wav,sys0026,voicemos2024-track2-sys0026-utt0079,3.0
/fs/ess/PAS2301/Data/Speech/MOS_datasets/singmos/DATA/wav/voicemos2024-track2-sys0026-utt0081.wav,sys0026,voicemos2024-track2-sys0026-utt0081,5.0
/fs/ess/PAS2301/Data/Speech/MOS_datasets/singmos/DATA/wav/voicemos2024-track2-sys0026-utt0082.wav,sys0026,voicemos2024-track2-sys0026-utt0082,3.8
/fs/ess/PAS2301/Data/Speech/MOS_datasets/singmos/DATA/wav/voicemos2024-track2-sys0026-utt0083.wav,sys0026,voicemos2024-track2-sys0026-utt0083,4.8
/fs/ess/PAS2301/Data/Speech/MOS_datasets/singmos/DATA/wav/voicemos2024-track2-sys0026-utt0084.wav,sys0026,voicemos2024-track2-sys0026-utt0084,5.0
/fs/ess/PAS2301/Data/Speech/MOS_datasets/singmos/DATA/wav/voicemos2024-track2-sys0026-utt0085.wav,sys0026,voicemos2024-track2-sys0026-utt0085,4.4
/fs/ess/PAS2301/Data/Speech/MOS_datasets/singmos/DATA/wav/voicemos2024-track2-sys0026-utt0086.wav,sys0026,voicemos2024-track2-sys0026-utt0086,5.0
/fs/ess/PAS2301/Data/Speech/MOS_datasets/singmos/DATA/wav/voicemos2024-track2-sys0026-utt0087.wav,sys0026,voicemos2024-track2-sys0026-utt0087,4.0
/fs/ess/PAS2301/Data/Speech/MOS_datasets/singmos/DATA/wav/voicemos2024-track2-sys0026-utt0088.wav,sys0026,voicemos2024-track2-sys0026-utt0088,4.6
/fs/ess/PAS2301/Data/Speech/MOS_datasets/singmos/DATA/wav/voicemos2024-track2-sys0026-utt0089.wav,sys0026,voicemos2024-track2-sys0026-utt0089,3.4
/fs/ess/PAS2301/Data/Speech/MOS_datasets/singmos/DATA/wav/voicemos2024-track2-sys0026-utt0090.wav,sys0026,voicemos2024-track2-sys0026-utt0090,5.0
/fs/ess/PAS2301/Data/Speech/MOS_datasets/singmos/DATA/wav/voicemos2024-track2-sys0026-utt0091.wav,sys0026,voicemos2024-track2-sys0026-utt0091,3.8
/fs/ess/PAS2301/Data/Speech/MOS_datasets/singmos/DATA/wav/voicemos2024-track2-sys0026-utt0095.wav,sys0026,voicemos2024-track2-sys0026-utt0095,3.4
/fs/ess/PAS2301/Data/Speech/MOS_datasets/singmos/DATA/wav/voicemos2024-track2-sys0026-utt0096.wav,sys0026,voicemos2024-track2-sys0026-utt0096,5.0
/fs/ess/PAS2301/Data/Speech/MOS_datasets/singmos/DATA/wav/voicemos2024-track2-sys0027-utt0001.wav,sys0027,voicemos2024-track2-sys0027-utt0001,4.4
/fs/ess/PAS2301/Data/Speech/MOS_datasets/singmos/DATA/wav/voicemos2024-track2-sys0027-utt0002.wav,sys0027,voicemos2024-track2-sys0027-utt0002,4.8
/fs/ess/PAS2301/Data/Speech/MOS_datasets/singmos/DATA/wav/voicemos2024-track2-sys0027-utt0003.wav,sys0027,voicemos2024-track2-sys0027-utt0003,3.2
/fs/ess/PAS2301/Data/Speech/MOS_datasets/singmos/DATA/wav/voicemos2024-track2-sys0027-utt0004.wav,sys0027,voicemos2024-track2-sys0027-utt0004,3.2
/fs/ess/PAS2301/Data/Speech/MOS_datasets/singmos/DATA/wav/voicemos2024-track2-sys0027-utt0006.wav,sys0027,voicemos2024-track2-sys0027-utt0006,4.0
/fs/ess/PAS2301/Data/Speech/MOS_datasets/singmos/DATA/wav/voicemos2024-track2-sys0027-utt0007.wav,sys0027,voicemos2024-track2-sys0027-utt0007,3.6
/fs/ess/PAS2301/Data/Speech/MOS_datasets/singmos/DATA/wav/voicemos2024-track2-sys0027-utt0008.wav,sys0027,voicemos2024-track2-sys0027-utt0008,3.2
/fs/ess/PAS2301/Data/Speech/MOS_datasets/singmos/DATA/wav/voicemos2024-track2-sys0027-utt0009.wav,sys0027,voicemos2024-track2-sys0027-utt0009,4.0
/fs/ess/PAS2301/Data/Speech/MOS_datasets/singmos/DATA/wav/voicemos2024-track2-sys0027-utt0010.wav,sys0027,voicemos2024-track2-sys0027-utt0010,4.0
/fs/ess/PAS2301/Data/Speech/MOS_datasets/singmos/DATA/wav/voicemos2024-track2-sys0027-utt0011.wav,sys0027,voicemos2024-track2-sys0027-utt0011,4.0
/fs/ess/PAS2301/Data/Speech/MOS_datasets/singmos/DATA/wav/voicemos2024-track2-sys0027-utt0012.wav,sys0027,voicemos2024-track2-sys0027-utt0012,3.4
/fs/ess/PAS2301/Data/Speech/MOS_datasets/singmos/DATA/wav/voicemos2024-track2-sys0027-utt0014.wav,sys0027,voicemos2024-track2-sys0027-utt0014,3.0
/fs/ess/PAS2301/Data/Speech/MOS_datasets/singmos/DATA/wav/voicemos2024-track2-sys0027-utt0015.wav,sys0027,voicemos2024-track2-sys0027-utt0015,4.0
/fs/ess/PAS2301/Data/Speech/MOS_datasets/singmos/DATA/wav/voicemos2024-track2-sys0027-utt0016.wav,sys0027,voicemos2024-track2-sys0027-utt0016,4.4
/fs/ess/PAS2301/Data/Speech/MOS_datasets/singmos/DATA/wav/voicemos2024-track2-sys0027-utt0018.wav,sys0027,voicemos2024-track2-sys0027-utt0018,4.4
/fs/ess/PAS2301/Data/Speech/MOS_datasets/singmos/DATA/wav/voicemos2024-track2-sys0027-utt0019.wav,sys0027,voicemos2024-track2-sys0027-utt0019,4.0
/fs/ess/PAS2301/Data/Speech/MOS_datasets/singmos/DATA/wav/voicemos2024-track2-sys0027-utt0020.wav,sys0027,voicemos2024-track2-sys0027-utt0020,5.0
/fs/ess/PAS2301/Data/Speech/MOS_datasets/singmos/DATA/wav/voicemos2024-track2-sys0027-utt0022.wav,sys0027,voicemos2024-track2-sys0027-utt0022,5.0
/fs/ess/PAS2301/Data/Speech/MOS_datasets/singmos/DATA/wav/voicemos2024-track2-sys0027-utt0023.wav,sys0027,voicemos2024-track2-sys0027-utt0023,4.0
/fs/ess/PAS2301/Data/Speech/MOS_datasets/singmos/DATA/wav/voicemos2024-track2-sys0027-utt0025.wav,sys0027,voicemos2024-track2-sys0027-utt0025,4.0
/fs/ess/PAS2301/Data/Speech/MOS_datasets/singmos/DATA/wav/voicemos2024-track2-sys0027-utt0026.wav,sys0027,voicemos2024-track2-sys0027-utt0026,4.0
/fs/ess/PAS2301/Data/Speech/MOS_datasets/singmos/DATA/wav/voicemos2024-track2-sys0027-utt0028.wav,sys0027,voicemos2024-track2-sys0027-utt0028,3.0
/fs/ess/PAS2301/Data/Speech/MOS_datasets/singmos/DATA/wav/voicemos2024-track2-sys0027-utt0029.wav,sys0027,voicemos2024-track2-sys0027-utt0029,4.0
/fs/ess/PAS2301/Data/Speech/MOS_datasets/singmos/DATA/wav/voicemos2024-track2-sys0027-utt0030.wav,sys0027,voicemos2024-track2-sys0027-utt0030,4.2
/fs/ess/PAS2301/Data/Speech/MOS_datasets/singmos/DATA/wav/voicemos2024-track2-sys0027-utt0031.wav,sys0027,voicemos2024-track2-sys0027-utt0031,4.6
/fs/ess/PAS2301/Data/Speech/MOS_datasets/singmos/DATA/wav/voicemos2024-track2-sys0027-utt0032.wav,sys0027,voicemos2024-track2-sys0027-utt0032,4.2
/fs/ess/PAS2301/Data/Speech/MOS_datasets/singmos/DATA/wav/voicemos2024-track2-sys0027-utt0033.wav,sys0027,voicemos2024-track2-sys0027-utt0033,5.0
/fs/ess/PAS2301/Data/Speech/MOS_datasets/singmos/DATA/wav/voicemos2024-track2-sys0027-utt0034.wav,sys0027,voicemos2024-track2-sys0027-utt0034,4.6
/fs/ess/PAS2301/Data/Speech/MOS_datasets/singmos/DATA/wav/voicemos2024-track2-sys0027-utt0037.wav,sys0027,voicemos2024-track2-sys0027-utt0037,4.8
/fs/ess/PAS2301/Data/Speech/MOS_datasets/singmos/DATA/wav/voicemos2024-track2-sys0027-utt0038.wav,sys0027,voicemos2024-track2-sys0027-utt0038,3.6
/fs/ess/PAS2301/Data/Speech/MOS_datasets/singmos/DATA/wav/voicemos2024-track2-sys0027-utt0041.wav,sys0027,voicemos2024-track2-sys0027-utt0041,4.0
/fs/ess/PAS2301/Data/Speech/MOS_datasets/singmos/DATA/wav/voicemos2024-track2-sys0027-utt0042.wav,sys0027,voicemos2024-track2-sys0027-utt0042,4.8
/fs/ess/PAS2301/Data/Speech/MOS_datasets/singmos/DATA/wav/voicemos2024-track2-sys0027-utt0043.wav,sys0027,voicemos2024-track2-sys0027-utt0043,4.6
/fs/ess/PAS2301/Data/Speech/MOS_datasets/singmos/DATA/wav/voicemos2024-track2-sys0027-utt0045.wav,sys0027,voicemos2024-track2-sys0027-utt0045,4.0
/fs/ess/PAS2301/Data/Speech/MOS_datasets/singmos/DATA/wav/voicemos2024-track2-sys0027-utt0046.wav,sys0027,voicemos2024-track2-sys0027-utt0046,5.0
/fs/ess/PAS2301/Data/Speech/MOS_datasets/singmos/DATA/wav/voicemos2024-track2-sys0027-utt0047.wav,sys0027,voicemos2024-track2-sys0027-utt0047,4.0
/fs/ess/PAS2301/Data/Speech/MOS_datasets/singmos/DATA/wav/voicemos2024-track2-sys0027-utt0048.wav,sys0027,voicemos2024-track2-sys0027-utt0048,3.2
/fs/ess/PAS2301/Data/Speech/MOS_datasets/singmos/DATA/wav/voicemos2024-track2-sys0027-utt0052.wav,sys0027,voicemos2024-track2-sys0027-utt0052,4.0
/fs/ess/PAS2301/Data/Speech/MOS_datasets/singmos/DATA/wav/voicemos2024-track2-sys0027-utt0053.wav,sys0027,voicemos2024-track2-sys0027-utt0053,4.0
/fs/ess/PAS2301/Data/Speech/MOS_datasets/singmos/DATA/wav/voicemos2024-track2-sys0027-utt0054.wav,sys0027,voicemos2024-track2-sys0027-utt0054,4.0
/fs/ess/PAS2301/Data/Speech/MOS_datasets/singmos/DATA/wav/voicemos2024-track2-sys0027-utt0056.wav,sys0027,voicemos2024-track2-sys0027-utt0056,3.4
/fs/ess/PAS2301/Data/Speech/MOS_datasets/singmos/DATA/wav/voicemos2024-track2-sys0027-utt0057.wav,sys0027,voicemos2024-track2-sys0027-utt0057,3.0
/fs/ess/PAS2301/Data/Speech/MOS_datasets/singmos/DATA/wav/voicemos2024-track2-sys0027-utt0060.wav,sys0027,voicemos2024-track2-sys0027-utt0060,3.0
/fs/ess/PAS2301/Data/Speech/MOS_datasets/singmos/DATA/wav/voicemos2024-track2-sys0027-utt0061.wav,sys0027,voicemos2024-track2-sys0027-utt0061,4.2
/fs/ess/PAS2301/Data/Speech/MOS_datasets/singmos/DATA/wav/voicemos2024-track2-sys0027-utt0062.wav,sys0027,voicemos2024-track2-sys0027-utt0062,4.2
/fs/ess/PAS2301/Data/Speech/MOS_datasets/singmos/DATA/wav/voicemos2024-track2-sys0027-utt0063.wav,sys0027,voicemos2024-track2-sys0027-utt0063,4.2
/fs/ess/PAS2301/Data/Speech/MOS_datasets/singmos/DATA/wav/voicemos2024-track2-sys0027-utt0064.wav,sys0027,voicemos2024-track2-sys0027-utt0064,5.0
/fs/ess/PAS2301/Data/Speech/MOS_datasets/singmos/DATA/wav/voicemos2024-track2-sys0027-utt0065.wav,sys0027,voicemos2024-track2-sys0027-utt0065,3.0
/fs/ess/PAS2301/Data/Speech/MOS_datasets/singmos/DATA/wav/voicemos2024-track2-sys0027-utt0066.wav,sys0027,voicemos2024-track2-sys0027-utt0066,3.6
/fs/ess/PAS2301/Data/Speech/MOS_datasets/singmos/DATA/wav/voicemos2024-track2-sys0027-utt0068.wav,sys0027,voicemos2024-track2-sys0027-utt0068,3.2
/fs/ess/PAS2301/Data/Speech/MOS_datasets/singmos/DATA/wav/voicemos2024-track2-sys0027-utt0069.wav,sys0027,voicemos2024-track2-sys0027-utt0069,5.0
/fs/ess/PAS2301/Data/Speech/MOS_datasets/singmos/DATA/wav/voicemos2024-track2-sys0027-utt0070.wav,sys0027,voicemos2024-track2-sys0027-utt0070,3.8
/fs/ess/PAS2301/Data/Speech/MOS_datasets/singmos/DATA/wav/voicemos2024-track2-sys0027-utt0071.wav,sys0027,voicemos2024-track2-sys0027-utt0071,4.0
/fs/ess/PAS2301/Data/Speech/MOS_datasets/singmos/DATA/wav/voicemos2024-track2-sys0027-utt0073.wav,sys0027,voicemos2024-track2-sys0027-utt0073,5.0
/fs/ess/PAS2301/Data/Speech/MOS_datasets/singmos/DATA/wav/voicemos2024-track2-sys0027-utt0074.wav,sys0027,voicemos2024-track2-sys0027-utt0074,3.0
/fs/ess/PAS2301/Data/Speech/MOS_datasets/singmos/DATA/wav/voicemos2024-track2-sys0027-utt0075.wav,sys0027,voicemos2024-track2-sys0027-utt0075,3.0
/fs/ess/PAS2301/Data/Speech/MOS_datasets/singmos/DATA/wav/voicemos2024-track2-sys0027-utt0076.wav,sys0027,voicemos2024-track2-sys0027-utt0076,3.6
/fs/ess/PAS2301/Data/Speech/MOS_datasets/singmos/DATA/wav/voicemos2024-track2-sys0027-utt0079.wav,sys0027,voicemos2024-track2-sys0027-utt0079,4.0
/fs/ess/PAS2301/Data/Speech/MOS_datasets/singmos/DATA/wav/voicemos2024-track2-sys0027-utt0080.wav,sys0027,voicemos2024-track2-sys0027-utt0080,4.0
/fs/ess/PAS2301/Data/Speech/MOS_datasets/singmos/DATA/wav/voicemos2024-track2-sys0027-utt0081.wav,sys0027,voicemos2024-track2-sys0027-utt0081,4.4
/fs/ess/PAS2301/Data/Speech/MOS_datasets/singmos/DATA/wav/voicemos2024-track2-sys0027-utt0083.wav,sys0027,voicemos2024-track2-sys0027-utt0083,4.4
/fs/ess/PAS2301/Data/Speech/MOS_datasets/singmos/DATA/wav/voicemos2024-track2-sys0027-utt0084.wav,sys0027,voicemos2024-track2-sys0027-utt0084,3.0
/fs/ess/PAS2301/Data/Speech/MOS_datasets/singmos/DATA/wav/voicemos2024-track2-sys0027-utt0087.wav,sys0027,voicemos2024-track2-sys0027-utt0087,4.0
/fs/ess/PAS2301/Data/Speech/MOS_datasets/singmos/DATA/wav/voicemos2024-track2-sys0027-utt0088.wav,sys0027,voicemos2024-track2-sys0027-utt0088,3.0
/fs/ess/PAS2301/Data/Speech/MOS_datasets/singmos/DATA/wav/voicemos2024-track2-sys0027-utt0089.wav,sys0027,voicemos2024-track2-sys0027-utt0089,5.0
/fs/ess/PAS2301/Data/Speech/MOS_datasets/singmos/DATA/wav/voicemos2024-track2-sys0027-utt0091.wav,sys0027,voicemos2024-track2-sys0027-utt0091,4.4
/fs/ess/PAS2301/Data/Speech/MOS_datasets/singmos/DATA/wav/voicemos2024-track2-sys0027-utt0092.wav,sys0027,voicemos2024-track2-sys0027-utt0092,5.0
/fs/ess/PAS2301/Data/Speech/MOS_datasets/singmos/DATA/wav/voicemos2024-track2-sys0027-utt0093.wav,sys0027,voicemos2024-track2-sys0027-utt0093,5.0
/fs/ess/PAS2301/Data/Speech/MOS_datasets/singmos/DATA/wav/voicemos2024-track2-sys0027-utt0094.wav,sys0027,voicemos2024-track2-sys0027-utt0094,4.0
/fs/ess/PAS2301/Data/Speech/MOS_datasets/singmos/DATA/wav/voicemos2024-track2-sys0028-utt0001.wav,sys0028,voicemos2024-track2-sys0028-utt0001,3.2
/fs/ess/PAS2301/Data/Speech/MOS_datasets/singmos/DATA/wav/voicemos2024-track2-sys0028-utt0002.wav,sys0028,voicemos2024-track2-sys0028-utt0002,3.6
/fs/ess/PAS2301/Data/Speech/MOS_datasets/singmos/DATA/wav/voicemos2024-track2-sys0028-utt0003.wav,sys0028,voicemos2024-track2-sys0028-utt0003,3.0
/fs/ess/PAS2301/Data/Speech/MOS_datasets/singmos/DATA/wav/voicemos2024-track2-sys0028-utt0004.wav,sys0028,voicemos2024-track2-sys0028-utt0004,3.0
/fs/ess/PAS2301/Data/Speech/MOS_datasets/singmos/DATA/wav/voicemos2024-track2-sys0028-utt0007.wav,sys0028,voicemos2024-track2-sys0028-utt0007,3.4
/fs/ess/PAS2301/Data/Speech/MOS_datasets/singmos/DATA/wav/voicemos2024-track2-sys0028-utt0008.wav,sys0028,voicemos2024-track2-sys0028-utt0008,3.0
/fs/ess/PAS2301/Data/Speech/MOS_datasets/singmos/DATA/wav/voicemos2024-track2-sys0028-utt0009.wav,sys0028,voicemos2024-track2-sys0028-utt0009,3.0
/fs/ess/PAS2301/Data/Speech/MOS_datasets/singmos/DATA/wav/voicemos2024-track2-sys0028-utt0010.wav,sys0028,voicemos2024-track2-sys0028-utt0010,3.0
/fs/ess/PAS2301/Data/Speech/MOS_datasets/singmos/DATA/wav/voicemos2024-track2-sys0028-utt0011.wav,sys0028,voicemos2024-track2-sys0028-utt0011,3.4
/fs/ess/PAS2301/Data/Speech/MOS_datasets/singmos/DATA/wav/voicemos2024-track2-sys0028-utt0012.wav,sys0028,voicemos2024-track2-sys0028-utt0012,3.0
/fs/ess/PAS2301/Data/Speech/MOS_datasets/singmos/DATA/wav/voicemos2024-track2-sys0028-utt0013.wav,sys0028,voicemos2024-track2-sys0028-utt0013,2.8
/fs/ess/PAS2301/Data/Speech/MOS_datasets/singmos/DATA/wav/voicemos2024-track2-sys0028-utt0014.wav,sys0028,voicemos2024-track2-sys0028-utt0014,2.8
/fs/ess/PAS2301/Data/Speech/MOS_datasets/singmos/DATA/wav/voicemos2024-track2-sys0028-utt0016.wav,sys0028,voicemos2024-track2-sys0028-utt0016,3.0
/fs/ess/PAS2301/Data/Speech/MOS_datasets/singmos/DATA/wav/voicemos2024-track2-sys0028-utt0018.wav,sys0028,voicemos2024-track2-sys0028-utt0018,3.0
/fs/ess/PAS2301/Data/Speech/MOS_datasets/singmos/DATA/wav/voicemos2024-track2-sys0028-utt0019.wav,sys0028,voicemos2024-track2-sys0028-utt0019,4.0
/fs/ess/PAS2301/Data/Speech/MOS_datasets/singmos/DATA/wav/voicemos2024-track2-sys0028-utt0020.wav,sys0028,voicemos2024-track2-sys0028-utt0020,3.0
/fs/ess/PAS2301/Data/Speech/MOS_datasets/singmos/DATA/wav/voicemos2024-track2-sys0028-utt0021.wav,sys0028,voicemos2024-track2-sys0028-utt0021,3.0
/fs/ess/PAS2301/Data/Speech/MOS_datasets/singmos/DATA/wav/voicemos2024-track2-sys0028-utt0023.wav,sys0028,voicemos2024-track2-sys0028-utt0023,3.0
/fs/ess/PAS2301/Data/Speech/MOS_datasets/singmos/DATA/wav/voicemos2024-track2-sys0028-utt0024.wav,sys0028,voicemos2024-track2-sys0028-utt0024,3.4
/fs/ess/PAS2301/Data/Speech/MOS_datasets/singmos/DATA/wav/voicemos2024-track2-sys0028-utt0025.wav,sys0028,voicemos2024-track2-sys0028-utt0025,2.0
/fs/ess/PAS2301/Data/Speech/MOS_datasets/singmos/DATA/wav/voicemos2024-track2-sys0028-utt0026.wav,sys0028,voicemos2024-track2-sys0028-utt0026,4.0
/fs/ess/PAS2301/Data/Speech/MOS_datasets/singmos/DATA/wav/voicemos2024-track2-sys0028-utt0028.wav,sys0028,voicemos2024-track2-sys0028-utt0028,4.0
/fs/ess/PAS2301/Data/Speech/MOS_datasets/singmos/DATA/wav/voicemos2024-track2-sys0028-utt0029.wav,sys0028,voicemos2024-track2-sys0028-utt0029,3.6
/fs/ess/PAS2301/Data/Speech/MOS_datasets/singmos/DATA/wav/voicemos2024-track2-sys0028-utt0030.wav,sys0028,voicemos2024-track2-sys0028-utt0030,3.0
/fs/ess/PAS2301/Data/Speech/MOS_datasets/singmos/DATA/wav/voicemos2024-track2-sys0028-utt0031.wav,sys0028,voicemos2024-track2-sys0028-utt0031,4.0
/fs/ess/PAS2301/Data/Speech/MOS_datasets/singmos/DATA/wav/voicemos2024-track2-sys0028-utt0032.wav,sys0028,voicemos2024-track2-sys0028-utt0032,2.6
/fs/ess/PAS2301/Data/Speech/MOS_datasets/singmos/DATA/wav/voicemos2024-track2-sys0028-utt0034.wav,sys0028,voicemos2024-track2-sys0028-utt0034,4.4
/fs/ess/PAS2301/Data/Speech/MOS_datasets/singmos/DATA/wav/voicemos2024-track2-sys0028-utt0035.wav,sys0028,voicemos2024-track2-sys0028-utt0035,3.0
/fs/ess/PAS2301/Data/Speech/MOS_datasets/singmos/DATA/wav/voicemos2024-track2-sys0028-utt0036.wav,sys0028,voicemos2024-track2-sys0028-utt0036,4.0
/fs/ess/PAS2301/Data/Speech/MOS_datasets/singmos/DATA/wav/voicemos2024-track2-sys0028-utt0037.wav,sys0028,voicemos2024-track2-sys0028-utt0037,4.0
/fs/ess/PAS2301/Data/Speech/MOS_datasets/singmos/DATA/wav/voicemos2024-track2-sys0028-utt0039.wav,sys0028,voicemos2024-track2-sys0028-utt0039,3.4
/fs/ess/PAS2301/Data/Speech/MOS_datasets/singmos/DATA/wav/voicemos2024-track2-sys0028-utt0041.wav,sys0028,voicemos2024-track2-sys0028-utt0041,3.0
/fs/ess/PAS2301/Data/Speech/MOS_datasets/singmos/DATA/wav/voicemos2024-track2-sys0028-utt0046.wav,sys0028,voicemos2024-track2-sys0028-utt0046,3.0
/fs/ess/PAS2301/Data/Speech/MOS_datasets/singmos/DATA/wav/voicemos2024-track2-sys0028-utt0047.wav,sys0028,voicemos2024-track2-sys0028-utt0047,4.0
/fs/ess/PAS2301/Data/Speech/MOS_datasets/singmos/DATA/wav/voicemos2024-track2-sys0028-utt0048.wav,sys0028,voicemos2024-track2-sys0028-utt0048,4.0
/fs/ess/PAS2301/Data/Speech/MOS_datasets/singmos/DATA/wav/voicemos2024-track2-sys0028-utt0050.wav,sys0028,voicemos2024-track2-sys0028-utt0050,3.0
/fs/ess/PAS2301/Data/Speech/MOS_datasets/singmos/DATA/wav/voicemos2024-track2-sys0028-utt0051.wav,sys0028,voicemos2024-track2-sys0028-utt0051,4.2
/fs/ess/PAS2301/Data/Speech/MOS_datasets/singmos/DATA/wav/voicemos2024-track2-sys0028-utt0052.wav,sys0028,voicemos2024-track2-sys0028-utt0052,3.0
/fs/ess/PAS2301/Data/Speech/MOS_datasets/singmos/DATA/wav/voicemos2024-track2-sys0028-utt0053.wav,sys0028,voicemos2024-track2-sys0028-utt0053,3.0
/fs/ess/PAS2301/Data/Speech/MOS_datasets/singmos/DATA/wav/voicemos2024-track2-sys0028-utt0054.wav,sys0028,voicemos2024-track2-sys0028-utt0054,3.0
/fs/ess/PAS2301/Data/Speech/MOS_datasets/singmos/DATA/wav/voicemos2024-track2-sys0028-utt0056.wav,sys0028,voicemos2024-track2-sys0028-utt0056,3.0
/fs/ess/PAS2301/Data/Speech/MOS_datasets/singmos/DATA/wav/voicemos2024-track2-sys0028-utt0057.wav,sys0028,voicemos2024-track2-sys0028-utt0057,3.8
/fs/ess/PAS2301/Data/Speech/MOS_datasets/singmos/DATA/wav/voicemos2024-track2-sys0028-utt0059.wav,sys0028,voicemos2024-track2-sys0028-utt0059,3.0
/fs/ess/PAS2301/Data/Speech/MOS_datasets/singmos/DATA/wav/voicemos2024-track2-sys0028-utt0060.wav,sys0028,voicemos2024-track2-sys0028-utt0060,3.6
/fs/ess/PAS2301/Data/Speech/MOS_datasets/singmos/DATA/wav/voicemos2024-track2-sys0028-utt0061.wav,sys0028,voicemos2024-track2-sys0028-utt0061,3.0
/fs/ess/PAS2301/Data/Speech/MOS_datasets/singmos/DATA/wav/voicemos2024-track2-sys0028-utt0062.wav,sys0028,voicemos2024-track2-sys0028-utt0062,3.0
/fs/ess/PAS2301/Data/Speech/MOS_datasets/singmos/DATA/wav/voicemos2024-track2-sys0028-utt0063.wav,sys0028,voicemos2024-track2-sys0028-utt0063,3.0
/fs/ess/PAS2301/Data/Speech/MOS_datasets/singmos/DATA/wav/voicemos2024-track2-sys0028-utt0066.wav,sys0028,voicemos2024-track2-sys0028-utt0066,3.0
/fs/ess/PAS2301/Data/Speech/MOS_datasets/singmos/DATA/wav/voicemos2024-track2-sys0028-utt0067.wav,sys0028,voicemos2024-track2-sys0028-utt0067,3.2
/fs/ess/PAS2301/Data/Speech/MOS_datasets/singmos/DATA/wav/voicemos2024-track2-sys0028-utt0068.wav,sys0028,voicemos2024-track2-sys0028-utt0068,4.0
/fs/ess/PAS2301/Data/Speech/MOS_datasets/singmos/DATA/wav/voicemos2024-track2-sys0028-utt0069.wav,sys0028,voicemos2024-track2-sys0028-utt0069,3.2
/fs/ess/PAS2301/Data/Speech/MOS_datasets/singmos/DATA/wav/voicemos2024-track2-sys0028-utt0070.wav,sys0028,voicemos2024-track2-sys0028-utt0070,3.0
/fs/ess/PAS2301/Data/Speech/MOS_datasets/singmos/DATA/wav/voicemos2024-track2-sys0028-utt0071.wav,sys0028,voicemos2024-track2-sys0028-utt0071,3.0
/fs/ess/PAS2301/Data/Speech/MOS_datasets/singmos/DATA/wav/voicemos2024-track2-sys0028-utt0072.wav,sys0028,voicemos2024-track2-sys0028-utt0072,3.0
/fs/ess/PAS2301/Data/Speech/MOS_datasets/singmos/DATA/wav/voicemos2024-track2-sys0028-utt0073.wav,sys0028,voicemos2024-track2-sys0028-utt0073,3.0
/fs/ess/PAS2301/Data/Speech/MOS_datasets/singmos/DATA/wav/voicemos2024-track2-sys0028-utt0074.wav,sys0028,voicemos2024-track2-sys0028-utt0074,3.2
/fs/ess/PAS2301/Data/Speech/MOS_datasets/singmos/DATA/wav/voicemos2024-track2-sys0028-utt0075.wav,sys0028,voicemos2024-track2-sys0028-utt0075,3.0
/fs/ess/PAS2301/Data/Speech/MOS_datasets/singmos/DATA/wav/voicemos2024-track2-sys0028-utt0076.wav,sys0028,voicemos2024-track2-sys0028-utt0076,3.0
/fs/ess/PAS2301/Data/Speech/MOS_datasets/singmos/DATA/wav/voicemos2024-track2-sys0028-utt0077.wav,sys0028,voicemos2024-track2-sys0028-utt0077,4.0
/fs/ess/PAS2301/Data/Speech/MOS_datasets/singmos/DATA/wav/voicemos2024-track2-sys0028-utt0078.wav,sys0028,voicemos2024-track2-sys0028-utt0078,3.0
/fs/ess/PAS2301/Data/Speech/MOS_datasets/singmos/DATA/wav/voicemos2024-track2-sys0028-utt0079.wav,sys0028,voicemos2024-track2-sys0028-utt0079,2.6
/fs/ess/PAS2301/Data/Speech/MOS_datasets/singmos/DATA/wav/voicemos2024-track2-sys0028-utt0080.wav,sys0028,voicemos2024-track2-sys0028-utt0080,3.0
/fs/ess/PAS2301/Data/Speech/MOS_datasets/singmos/DATA/wav/voicemos2024-track2-sys0028-utt0081.wav,sys0028,voicemos2024-track2-sys0028-utt0081,3.0
/fs/ess/PAS2301/Data/Speech/MOS_datasets/singmos/DATA/wav/voicemos2024-track2-sys0028-utt0082.wav,sys0028,voicemos2024-track2-sys0028-utt0082,3.0
/fs/ess/PAS2301/Data/Speech/MOS_datasets/singmos/DATA/wav/voicemos2024-track2-sys0028-utt0083.wav,sys0028,voicemos2024-track2-sys0028-utt0083,3.0
/fs/ess/PAS2301/Data/Speech/MOS_datasets/singmos/DATA/wav/voicemos2024-track2-sys0028-utt0084.wav,sys0028,voicemos2024-track2-sys0028-utt0084,3.0
/fs/ess/PAS2301/Data/Speech/MOS_datasets/singmos/DATA/wav/voicemos2024-track2-sys0028-utt0086.wav,sys0028,voicemos2024-track2-sys0028-utt0086,3.2
/fs/ess/PAS2301/Data/Speech/MOS_datasets/singmos/DATA/wav/voicemos2024-track2-sys0028-utt0087.wav,sys0028,voicemos2024-track2-sys0028-utt0087,3.2
/fs/ess/PAS2301/Data/Speech/MOS_datasets/singmos/DATA/wav/voicemos2024-track2-sys0028-utt0088.wav,sys0028,voicemos2024-track2-sys0028-utt0088,4.0
/fs/ess/PAS2301/Data/Speech/MOS_datasets/singmos/DATA/wav/voicemos2024-track2-sys0028-utt0089.wav,sys0028,voicemos2024-track2-sys0028-utt0089,2.8
/fs/ess/PAS2301/Data/Speech/MOS_datasets/singmos/DATA/wav/voicemos2024-track2-sys0028-utt0091.wav,sys0028,voicemos2024-track2-sys0028-utt0091,3.0
/fs/ess/PAS2301/Data/Speech/MOS_datasets/singmos/DATA/wav/voicemos2024-track2-sys0028-utt0093.wav,sys0028,voicemos2024-track2-sys0028-utt0093,3.0
/fs/ess/PAS2301/Data/Speech/MOS_datasets/singmos/DATA/wav/voicemos2024-track2-sys0029-utt0001.wav,sys0029,voicemos2024-track2-sys0029-utt0001,3.8
/fs/ess/PAS2301/Data/Speech/MOS_datasets/singmos/DATA/wav/voicemos2024-track2-sys0029-utt0002.wav,sys0029,voicemos2024-track2-sys0029-utt0002,2.0
/fs/ess/PAS2301/Data/Speech/MOS_datasets/singmos/DATA/wav/voicemos2024-track2-sys0029-utt0003.wav,sys0029,voicemos2024-track2-sys0029-utt0003,3.8
/fs/ess/PAS2301/Data/Speech/MOS_datasets/singmos/DATA/wav/voicemos2024-track2-sys0029-utt0006.wav,sys0029,voicemos2024-track2-sys0029-utt0006,3.2
/fs/ess/PAS2301/Data/Speech/MOS_datasets/singmos/DATA/wav/voicemos2024-track2-sys0029-utt0007.wav,sys0029,voicemos2024-track2-sys0029-utt0007,3.6
/fs/ess/PAS2301/Data/Speech/MOS_datasets/singmos/DATA/wav/voicemos2024-track2-sys0029-utt0008.wav,sys0029,voicemos2024-track2-sys0029-utt0008,3.6
/fs/ess/PAS2301/Data/Speech/MOS_datasets/singmos/DATA/wav/voicemos2024-track2-sys0029-utt0010.wav,sys0029,voicemos2024-track2-sys0029-utt0010,3.2
/fs/ess/PAS2301/Data/Speech/MOS_datasets/singmos/DATA/wav/voicemos2024-track2-sys0029-utt0011.wav,sys0029,voicemos2024-track2-sys0029-utt0011,2.6
/fs/ess/PAS2301/Data/Speech/MOS_datasets/singmos/DATA/wav/voicemos2024-track2-sys0029-utt0012.wav,sys0029,voicemos2024-track2-sys0029-utt0012,3.2
/fs/ess/PAS2301/Data/Speech/MOS_datasets/singmos/DATA/wav/voicemos2024-track2-sys0029-utt0014.wav,sys0029,voicemos2024-track2-sys0029-utt0014,3.8
/fs/ess/PAS2301/Data/Speech/MOS_datasets/singmos/DATA/wav/voicemos2024-track2-sys0029-utt0015.wav,sys0029,voicemos2024-track2-sys0029-utt0015,3.8
/fs/ess/PAS2301/Data/Speech/MOS_datasets/singmos/DATA/wav/voicemos2024-track2-sys0029-utt0016.wav,sys0029,voicemos2024-track2-sys0029-utt0016,3.8
/fs/ess/PAS2301/Data/Speech/MOS_datasets/singmos/DATA/wav/voicemos2024-track2-sys0029-utt0018.wav,sys0029,voicemos2024-track2-sys0029-utt0018,4.0
/fs/ess/PAS2301/Data/Speech/MOS_datasets/singmos/DATA/wav/voicemos2024-track2-sys0029-utt0019.wav,sys0029,voicemos2024-track2-sys0029-utt0019,4.0
/fs/ess/PAS2301/Data/Speech/MOS_datasets/singmos/DATA/wav/voicemos2024-track2-sys0029-utt0020.wav,sys0029,voicemos2024-track2-sys0029-utt0020,4.0
/fs/ess/PAS2301/Data/Speech/MOS_datasets/singmos/DATA/wav/voicemos2024-track2-sys0029-utt0022.wav,sys0029,voicemos2024-track2-sys0029-utt0022,3.2
/fs/ess/PAS2301/Data/Speech/MOS_datasets/singmos/DATA/wav/voicemos2024-track2-sys0029-utt0023.wav,sys0029,voicemos2024-track2-sys0029-utt0023,4.0
/fs/ess/PAS2301/Data/Speech/MOS_datasets/singmos/DATA/wav/voicemos2024-track2-sys0029-utt0025.wav,sys0029,voicemos2024-track2-sys0029-utt0025,4.0
/fs/ess/PAS2301/Data/Speech/MOS_datasets/singmos/DATA/wav/voicemos2024-track2-sys0029-utt0027.wav,sys0029,voicemos2024-track2-sys0029-utt0027,4.0
/fs/ess/PAS2301/Data/Speech/MOS_datasets/singmos/DATA/wav/voicemos2024-track2-sys0029-utt0028.wav,sys0029,voicemos2024-track2-sys0029-utt0028,4.4
/fs/ess/PAS2301/Data/Speech/MOS_datasets/singmos/DATA/wav/voicemos2024-track2-sys0029-utt0029.wav,sys0029,voicemos2024-track2-sys0029-utt0029,3.6
/fs/ess/PAS2301/Data/Speech/MOS_datasets/singmos/DATA/wav/voicemos2024-track2-sys0029-utt0030.wav,sys0029,voicemos2024-track2-sys0029-utt0030,4.8
/fs/ess/PAS2301/Data/Speech/MOS_datasets/singmos/DATA/wav/voicemos2024-track2-sys0029-utt0031.wav,sys0029,voicemos2024-track2-sys0029-utt0031,4.6
/fs/ess/PAS2301/Data/Speech/MOS_datasets/singmos/DATA/wav/voicemos2024-track2-sys0029-utt0034.wav,sys0029,voicemos2024-track2-sys0029-utt0034,2.6
/fs/ess/PAS2301/Data/Speech/MOS_datasets/singmos/DATA/wav/voicemos2024-track2-sys0029-utt0037.wav,sys0029,voicemos2024-track2-sys0029-utt0037,3.6
/fs/ess/PAS2301/Data/Speech/MOS_datasets/singmos/DATA/wav/voicemos2024-track2-sys0029-utt0038.wav,sys0029,voicemos2024-track2-sys0029-utt0038,4.0
/fs/ess/PAS2301/Data/Speech/MOS_datasets/singmos/DATA/wav/voicemos2024-track2-sys0029-utt0040.wav,sys0029,voicemos2024-track2-sys0029-utt0040,4.4
/fs/ess/PAS2301/Data/Speech/MOS_datasets/singmos/DATA/wav/voicemos2024-track2-sys0029-utt0041.wav,sys0029,voicemos2024-track2-sys0029-utt0041,2.2
/fs/ess/PAS2301/Data/Speech/MOS_datasets/singmos/DATA/wav/voicemos2024-track2-sys0029-utt0043.wav,sys0029,voicemos2024-track2-sys0029-utt0043,4.8
/fs/ess/PAS2301/Data/Speech/MOS_datasets/singmos/DATA/wav/voicemos2024-track2-sys0029-utt0044.wav,sys0029,voicemos2024-track2-sys0029-utt0044,3.2
/fs/ess/PAS2301/Data/Speech/MOS_datasets/singmos/DATA/wav/voicemos2024-track2-sys0029-utt0045.wav,sys0029,voicemos2024-track2-sys0029-utt0045,5.0
/fs/ess/PAS2301/Data/Speech/MOS_datasets/singmos/DATA/wav/voicemos2024-track2-sys0029-utt0046.wav,sys0029,voicemos2024-track2-sys0029-utt0046,3.2
/fs/ess/PAS2301/Data/Speech/MOS_datasets/singmos/DATA/wav/voicemos2024-track2-sys0029-utt0047.wav,sys0029,voicemos2024-track2-sys0029-utt0047,3.2
/fs/ess/PAS2301/Data/Speech/MOS_datasets/singmos/DATA/wav/voicemos2024-track2-sys0029-utt0048.wav,sys0029,voicemos2024-track2-sys0029-utt0048,3.8
/fs/ess/PAS2301/Data/Speech/MOS_datasets/singmos/DATA/wav/voicemos2024-track2-sys0029-utt0049.wav,sys0029,voicemos2024-track2-sys0029-utt0049,3.4
/fs/ess/PAS2301/Data/Speech/MOS_datasets/singmos/DATA/wav/voicemos2024-track2-sys0029-utt0051.wav,sys0029,voicemos2024-track2-sys0029-utt0051,4.2
/fs/ess/PAS2301/Data/Speech/MOS_datasets/singmos/DATA/wav/voicemos2024-track2-sys0029-utt0053.wav,sys0029,voicemos2024-track2-sys0029-utt0053,3.0
/fs/ess/PAS2301/Data/Speech/MOS_datasets/singmos/DATA/wav/voicemos2024-track2-sys0029-utt0054.wav,sys0029,voicemos2024-track2-sys0029-utt0054,2.4
/fs/ess/PAS2301/Data/Speech/MOS_datasets/singmos/DATA/wav/voicemos2024-track2-sys0029-utt0056.wav,sys0029,voicemos2024-track2-sys0029-utt0056,4.2
/fs/ess/PAS2301/Data/Speech/MOS_datasets/singmos/DATA/wav/voicemos2024-track2-sys0029-utt0057.wav,sys0029,voicemos2024-track2-sys0029-utt0057,3.0
/fs/ess/PAS2301/Data/Speech/MOS_datasets/singmos/DATA/wav/voicemos2024-track2-sys0029-utt0058.wav,sys0029,voicemos2024-track2-sys0029-utt0058,3.0
/fs/ess/PAS2301/Data/Speech/MOS_datasets/singmos/DATA/wav/voicemos2024-track2-sys0029-utt0059.wav,sys0029,voicemos2024-track2-sys0029-utt0059,3.6
/fs/ess/PAS2301/Data/Speech/MOS_datasets/singmos/DATA/wav/voicemos2024-track2-sys0029-utt0060.wav,sys0029,voicemos2024-track2-sys0029-utt0060,3.0
/fs/ess/PAS2301/Data/Speech/MOS_datasets/singmos/DATA/wav/voicemos2024-track2-sys0029-utt0062.wav,sys0029,voicemos2024-track2-sys0029-utt0062,2.4
/fs/ess/PAS2301/Data/Speech/MOS_datasets/singmos/DATA/wav/voicemos2024-track2-sys0029-utt0065.wav,sys0029,voicemos2024-track2-sys0029-utt0065,3.2
/fs/ess/PAS2301/Data/Speech/MOS_datasets/singmos/DATA/wav/voicemos2024-track2-sys0029-utt0066.wav,sys0029,voicemos2024-track2-sys0029-utt0066,4.2
/fs/ess/PAS2301/Data/Speech/MOS_datasets/singmos/DATA/wav/voicemos2024-track2-sys0029-utt0067.wav,sys0029,voicemos2024-track2-sys0029-utt0067,3.0
/fs/ess/PAS2301/Data/Speech/MOS_datasets/singmos/DATA/wav/voicemos2024-track2-sys0029-utt0068.wav,sys0029,voicemos2024-track2-sys0029-utt0068,3.4
/fs/ess/PAS2301/Data/Speech/MOS_datasets/singmos/DATA/wav/voicemos2024-track2-sys0029-utt0069.wav,sys0029,voicemos2024-track2-sys0029-utt0069,3.6
/fs/ess/PAS2301/Data/Speech/MOS_datasets/singmos/DATA/wav/voicemos2024-track2-sys0029-utt0070.wav,sys0029,voicemos2024-track2-sys0029-utt0070,3.0
/fs/ess/PAS2301/Data/Speech/MOS_datasets/singmos/DATA/wav/voicemos2024-track2-sys0029-utt0072.wav,sys0029,voicemos2024-track2-sys0029-utt0072,3.0
/fs/ess/PAS2301/Data/Speech/MOS_datasets/singmos/DATA/wav/voicemos2024-track2-sys0029-utt0073.wav,sys0029,voicemos2024-track2-sys0029-utt0073,3.6
/fs/ess/PAS2301/Data/Speech/MOS_datasets/singmos/DATA/wav/voicemos2024-track2-sys0029-utt0074.wav,sys0029,voicemos2024-track2-sys0029-utt0074,3.2
/fs/ess/PAS2301/Data/Speech/MOS_datasets/singmos/DATA/wav/voicemos2024-track2-sys0029-utt0075.wav,sys0029,voicemos2024-track2-sys0029-utt0075,3.0
/fs/ess/PAS2301/Data/Speech/MOS_datasets/singmos/DATA/wav/voicemos2024-track2-sys0029-utt0076.wav,sys0029,voicemos2024-track2-sys0029-utt0076,3.0
/fs/ess/PAS2301/Data/Speech/MOS_datasets/singmos/DATA/wav/voicemos2024-track2-sys0029-utt0078.wav,sys0029,voicemos2024-track2-sys0029-utt0078,4.6
/fs/ess/PAS2301/Data/Speech/MOS_datasets/singmos/DATA/wav/voicemos2024-track2-sys0029-utt0079.wav,sys0029,voicemos2024-track2-sys0029-utt0079,3.0
/fs/ess/PAS2301/Data/Speech/MOS_datasets/singmos/DATA/wav/voicemos2024-track2-sys0029-utt0080.wav,sys0029,voicemos2024-track2-sys0029-utt0080,3.0
/fs/ess/PAS2301/Data/Speech/MOS_datasets/singmos/DATA/wav/voicemos2024-track2-sys0029-utt0081.wav,sys0029,voicemos2024-track2-sys0029-utt0081,4.0
/fs/ess/PAS2301/Data/Speech/MOS_datasets/singmos/DATA/wav/voicemos2024-track2-sys0029-utt0082.wav,sys0029,voicemos2024-track2-sys0029-utt0082,4.0
/fs/ess/PAS2301/Data/Speech/MOS_datasets/singmos/DATA/wav/voicemos2024-track2-sys0029-utt0083.wav,sys0029,voicemos2024-track2-sys0029-utt0083,3.0
/fs/ess/PAS2301/Data/Speech/MOS_datasets/singmos/DATA/wav/voicemos2024-track2-sys0029-utt0084.wav,sys0029,voicemos2024-track2-sys0029-utt0084,3.0
/fs/ess/PAS2301/Data/Speech/MOS_datasets/singmos/DATA/wav/voicemos2024-track2-sys0029-utt0085.wav,sys0029,voicemos2024-track2-sys0029-utt0085,3.0
/fs/ess/PAS2301/Data/Speech/MOS_datasets/singmos/DATA/wav/voicemos2024-track2-sys0029-utt0086.wav,sys0029,voicemos2024-track2-sys0029-utt0086,4.0
/fs/ess/PAS2301/Data/Speech/MOS_datasets/singmos/DATA/wav/voicemos2024-track2-sys0029-utt0087.wav,sys0029,voicemos2024-track2-sys0029-utt0087,3.8
/fs/ess/PAS2301/Data/Speech/MOS_datasets/singmos/DATA/wav/voicemos2024-track2-sys0029-utt0089.wav,sys0029,voicemos2024-track2-sys0029-utt0089,3.0
/fs/ess/PAS2301/Data/Speech/MOS_datasets/singmos/DATA/wav/voicemos2024-track2-sys0029-utt0090.wav,sys0029,voicemos2024-track2-sys0029-utt0090,3.0
/fs/ess/PAS2301/Data/Speech/MOS_datasets/singmos/DATA/wav/voicemos2024-track2-sys0029-utt0091.wav,sys0029,voicemos2024-track2-sys0029-utt0091,4.6
/fs/ess/PAS2301/Data/Speech/MOS_datasets/singmos/DATA/wav/voicemos2024-track2-sys0029-utt0092.wav,sys0029,voicemos2024-track2-sys0029-utt0092,3.0
/fs/ess/PAS2301/Data/Speech/MOS_datasets/singmos/DATA/wav/voicemos2024-track2-sys0029-utt0093.wav,sys0029,voicemos2024-track2-sys0029-utt0093,4.2
/fs/ess/PAS2301/Data/Speech/MOS_datasets/singmos/DATA/wav/voicemos2024-track2-sys0029-utt0094.wav,sys0029,voicemos2024-track2-sys0029-utt0094,3.0
/fs/ess/PAS2301/Data/Speech/MOS_datasets/singmos/DATA/wav/voicemos2024-track2-sys0030-utt0001.wav,sys0030,voicemos2024-track2-sys0030-utt0001,3.0
/fs/ess/PAS2301/Data/Speech/MOS_datasets/singmos/DATA/wav/voicemos2024-track2-sys0030-utt0002.wav,sys0030,voicemos2024-track2-sys0030-utt0002,3.4
/fs/ess/PAS2301/Data/Speech/MOS_datasets/singmos/DATA/wav/voicemos2024-track2-sys0030-utt0003.wav,sys0030,voicemos2024-track2-sys0030-utt0003,3.0
/fs/ess/PAS2301/Data/Speech/MOS_datasets/singmos/DATA/wav/voicemos2024-track2-sys0030-utt0005.wav,sys0030,voicemos2024-track2-sys0030-utt0005,2.4
/fs/ess/PAS2301/Data/Speech/MOS_datasets/singmos/DATA/wav/voicemos2024-track2-sys0030-utt0006.wav,sys0030,voicemos2024-track2-sys0030-utt0006,2.8
/fs/ess/PAS2301/Data/Speech/MOS_datasets/singmos/DATA/wav/voicemos2024-track2-sys0030-utt0008.wav,sys0030,voicemos2024-track2-sys0030-utt0008,3.0
/fs/ess/PAS2301/Data/Speech/MOS_datasets/singmos/DATA/wav/voicemos2024-track2-sys0030-utt0009.wav,sys0030,voicemos2024-track2-sys0030-utt0009,3.0
/fs/ess/PAS2301/Data/Speech/MOS_datasets/singmos/DATA/wav/voicemos2024-track2-sys0030-utt0010.wav,sys0030,voicemos2024-track2-sys0030-utt0010,3.0
/fs/ess/PAS2301/Data/Speech/MOS_datasets/singmos/DATA/wav/voicemos2024-track2-sys0030-utt0011.wav,sys0030,voicemos2024-track2-sys0030-utt0011,3.0
/fs/ess/PAS2301/Data/Speech/MOS_datasets/singmos/DATA/wav/voicemos2024-track2-sys0030-utt0012.wav,sys0030,voicemos2024-track2-sys0030-utt0012,3.0
/fs/ess/PAS2301/Data/Speech/MOS_datasets/singmos/DATA/wav/voicemos2024-track2-sys0030-utt0013.wav,sys0030,voicemos2024-track2-sys0030-utt0013,2.6
/fs/ess/PAS2301/Data/Speech/MOS_datasets/singmos/DATA/wav/voicemos2024-track2-sys0030-utt0014.wav,sys0030,voicemos2024-track2-sys0030-utt0014,3.0
/fs/ess/PAS2301/Data/Speech/MOS_datasets/singmos/DATA/wav/voicemos2024-track2-sys0030-utt0017.wav,sys0030,voicemos2024-track2-sys0030-utt0017,3.0
/fs/ess/PAS2301/Data/Speech/MOS_datasets/singmos/DATA/wav/voicemos2024-track2-sys0030-utt0018.wav,sys0030,voicemos2024-track2-sys0030-utt0018,3.0
/fs/ess/PAS2301/Data/Speech/MOS_datasets/singmos/DATA/wav/voicemos2024-track2-sys0030-utt0019.wav,sys0030,voicemos2024-track2-sys0030-utt0019,3.0
/fs/ess/PAS2301/Data/Speech/MOS_datasets/singmos/DATA/wav/voicemos2024-track2-sys0030-utt0020.wav,sys0030,voicemos2024-track2-sys0030-utt0020,3.0
/fs/ess/PAS2301/Data/Speech/MOS_datasets/singmos/DATA/wav/voicemos2024-track2-sys0030-utt0021.wav,sys0030,voicemos2024-track2-sys0030-utt0021,2.2
/fs/ess/PAS2301/Data/Speech/MOS_datasets/singmos/DATA/wav/voicemos2024-track2-sys0030-utt0022.wav,sys0030,voicemos2024-track2-sys0030-utt0022,2.0
/fs/ess/PAS2301/Data/Speech/MOS_datasets/singmos/DATA/wav/voicemos2024-track2-sys0030-utt0024.wav,sys0030,voicemos2024-track2-sys0030-utt0024,2.0
/fs/ess/PAS2301/Data/Speech/MOS_datasets/singmos/DATA/wav/voicemos2024-track2-sys0030-utt0025.wav,sys0030,voicemos2024-track2-sys0030-utt0025,3.0
/fs/ess/PAS2301/Data/Speech/MOS_datasets/singmos/DATA/wav/voicemos2024-track2-sys0030-utt0028.wav,sys0030,voicemos2024-track2-sys0030-utt0028,3.0
/fs/ess/PAS2301/Data/Speech/MOS_datasets/singmos/DATA/wav/voicemos2024-track2-sys0030-utt0029.wav,sys0030,voicemos2024-track2-sys0030-utt0029,3.8
/fs/ess/PAS2301/Data/Speech/MOS_datasets/singmos/DATA/wav/voicemos2024-track2-sys0030-utt0032.wav,sys0030,voicemos2024-track2-sys0030-utt0032,3.0
/fs/ess/PAS2301/Data/Speech/MOS_datasets/singmos/DATA/wav/voicemos2024-track2-sys0030-utt0034.wav,sys0030,voicemos2024-track2-sys0030-utt0034,3.0
/fs/ess/PAS2301/Data/Speech/MOS_datasets/singmos/DATA/wav/voicemos2024-track2-sys0030-utt0035.wav,sys0030,voicemos2024-track2-sys0030-utt0035,3.0
/fs/ess/PAS2301/Data/Speech/MOS_datasets/singmos/DATA/wav/voicemos2024-track2-sys0030-utt0036.wav,sys0030,voicemos2024-track2-sys0030-utt0036,3.0
/fs/ess/PAS2301/Data/Speech/MOS_datasets/singmos/DATA/wav/voicemos2024-track2-sys0030-utt0037.wav,sys0030,voicemos2024-track2-sys0030-utt0037,3.0
/fs/ess/PAS2301/Data/Speech/MOS_datasets/singmos/DATA/wav/voicemos2024-track2-sys0030-utt0038.wav,sys0030,voicemos2024-track2-sys0030-utt0038,3.0
/fs/ess/PAS2301/Data/Speech/MOS_datasets/singmos/DATA/wav/voicemos2024-track2-sys0030-utt0039.wav,sys0030,voicemos2024-track2-sys0030-utt0039,4.0
/fs/ess/PAS2301/Data/Speech/MOS_datasets/singmos/DATA/wav/voicemos2024-track2-sys0030-utt0040.wav,sys0030,voicemos2024-track2-sys0030-utt0040,2.0
/fs/ess/PAS2301/Data/Speech/MOS_datasets/singmos/DATA/wav/voicemos2024-track2-sys0030-utt0041.wav,sys0030,voicemos2024-track2-sys0030-utt0041,3.6
/fs/ess/PAS2301/Data/Speech/MOS_datasets/singmos/DATA/wav/voicemos2024-track2-sys0030-utt0042.wav,sys0030,voicemos2024-track2-sys0030-utt0042,3.0
/fs/ess/PAS2301/Data/Speech/MOS_datasets/singmos/DATA/wav/voicemos2024-track2-sys0030-utt0043.wav,sys0030,voicemos2024-track2-sys0030-utt0043,3.2
/fs/ess/PAS2301/Data/Speech/MOS_datasets/singmos/DATA/wav/voicemos2024-track2-sys0030-utt0045.wav,sys0030,voicemos2024-track2-sys0030-utt0045,3.0
/fs/ess/PAS2301/Data/Speech/MOS_datasets/singmos/DATA/wav/voicemos2024-track2-sys0030-utt0046.wav,sys0030,voicemos2024-track2-sys0030-utt0046,3.0
/fs/ess/PAS2301/Data/Speech/MOS_datasets/singmos/DATA/wav/voicemos2024-track2-sys0030-utt0047.wav,sys0030,voicemos2024-track2-sys0030-utt0047,3.8
/fs/ess/PAS2301/Data/Speech/MOS_datasets/singmos/DATA/wav/voicemos2024-track2-sys0030-utt0050.wav,sys0030,voicemos2024-track2-sys0030-utt0050,3.0
/fs/ess/PAS2301/Data/Speech/MOS_datasets/singmos/DATA/wav/voicemos2024-track2-sys0030-utt0051.wav,sys0030,voicemos2024-track2-sys0030-utt0051,3.2
/fs/ess/PAS2301/Data/Speech/MOS_datasets/singmos/DATA/wav/voicemos2024-track2-sys0030-utt0053.wav,sys0030,voicemos2024-track2-sys0030-utt0053,3.0
/fs/ess/PAS2301/Data/Speech/MOS_datasets/singmos/DATA/wav/voicemos2024-track2-sys0030-utt0054.wav,sys0030,voicemos2024-track2-sys0030-utt0054,3.0
/fs/ess/PAS2301/Data/Speech/MOS_datasets/singmos/DATA/wav/voicemos2024-track2-sys0030-utt0055.wav,sys0030,voicemos2024-track2-sys0030-utt0055,3.0
/fs/ess/PAS2301/Data/Speech/MOS_datasets/singmos/DATA/wav/voicemos2024-track2-sys0030-utt0058.wav,sys0030,voicemos2024-track2-sys0030-utt0058,3.0
/fs/ess/PAS2301/Data/Speech/MOS_datasets/singmos/DATA/wav/voicemos2024-track2-sys0030-utt0060.wav,sys0030,voicemos2024-track2-sys0030-utt0060,3.2
/fs/ess/PAS2301/Data/Speech/MOS_datasets/singmos/DATA/wav/voicemos2024-track2-sys0030-utt0061.wav,sys0030,voicemos2024-track2-sys0030-utt0061,3.4
/fs/ess/PAS2301/Data/Speech/MOS_datasets/singmos/DATA/wav/voicemos2024-track2-sys0030-utt0062.wav,sys0030,voicemos2024-track2-sys0030-utt0062,3.4
/fs/ess/PAS2301/Data/Speech/MOS_datasets/singmos/DATA/wav/voicemos2024-track2-sys0030-utt0063.wav,sys0030,voicemos2024-track2-sys0030-utt0063,2.2
/fs/ess/PAS2301/Data/Speech/MOS_datasets/singmos/DATA/wav/voicemos2024-track2-sys0030-utt0064.wav,sys0030,voicemos2024-track2-sys0030-utt0064,3.2
/fs/ess/PAS2301/Data/Speech/MOS_datasets/singmos/DATA/wav/voicemos2024-track2-sys0030-utt0065.wav,sys0030,voicemos2024-track2-sys0030-utt0065,3.6
/fs/ess/PAS2301/Data/Speech/MOS_datasets/singmos/DATA/wav/voicemos2024-track2-sys0030-utt0066.wav,sys0030,voicemos2024-track2-sys0030-utt0066,3.0
/fs/ess/PAS2301/Data/Speech/MOS_datasets/singmos/DATA/wav/voicemos2024-track2-sys0030-utt0067.wav,sys0030,voicemos2024-track2-sys0030-utt0067,3.2
/fs/ess/PAS2301/Data/Speech/MOS_datasets/singmos/DATA/wav/voicemos2024-track2-sys0030-utt0069.wav,sys0030,voicemos2024-track2-sys0030-utt0069,3.0
/fs/ess/PAS2301/Data/Speech/MOS_datasets/singmos/DATA/wav/voicemos2024-track2-sys0030-utt0070.wav,sys0030,voicemos2024-track2-sys0030-utt0070,3.0
/fs/ess/PAS2301/Data/Speech/MOS_datasets/singmos/DATA/wav/voicemos2024-track2-sys0030-utt0073.wav,sys0030,voicemos2024-track2-sys0030-utt0073,3.2
/fs/ess/PAS2301/Data/Speech/MOS_datasets/singmos/DATA/wav/voicemos2024-track2-sys0030-utt0074.wav,sys0030,voicemos2024-track2-sys0030-utt0074,3.4
/fs/ess/PAS2301/Data/Speech/MOS_datasets/singmos/DATA/wav/voicemos2024-track2-sys0030-utt0075.wav,sys0030,voicemos2024-track2-sys0030-utt0075,3.2
/fs/ess/PAS2301/Data/Speech/MOS_datasets/singmos/DATA/wav/voicemos2024-track2-sys0030-utt0077.wav,sys0030,voicemos2024-track2-sys0030-utt0077,2.0
/fs/ess/PAS2301/Data/Speech/MOS_datasets/singmos/DATA/wav/voicemos2024-track2-sys0030-utt0079.wav,sys0030,voicemos2024-track2-sys0030-utt0079,3.0
/fs/ess/PAS2301/Data/Speech/MOS_datasets/singmos/DATA/wav/voicemos2024-track2-sys0030-utt0080.wav,sys0030,voicemos2024-track2-sys0030-utt0080,2.0
/fs/ess/PAS2301/Data/Speech/MOS_datasets/singmos/DATA/wav/voicemos2024-track2-sys0030-utt0082.wav,sys0030,voicemos2024-track2-sys0030-utt0082,3.6
/fs/ess/PAS2301/Data/Speech/MOS_datasets/singmos/DATA/wav/voicemos2024-track2-sys0030-utt0084.wav,sys0030,voicemos2024-track2-sys0030-utt0084,3.0
/fs/ess/PAS2301/Data/Speech/MOS_datasets/singmos/DATA/wav/voicemos2024-track2-sys0030-utt0085.wav,sys0030,voicemos2024-track2-sys0030-utt0085,3.0
/fs/ess/PAS2301/Data/Speech/MOS_datasets/singmos/DATA/wav/voicemos2024-track2-sys0030-utt0086.wav,sys0030,voicemos2024-track2-sys0030-utt0086,4.0
/fs/ess/PAS2301/Data/Speech/MOS_datasets/singmos/DATA/wav/voicemos2024-track2-sys0030-utt0087.wav,sys0030,voicemos2024-track2-sys0030-utt0087,3.4
/fs/ess/PAS2301/Data/Speech/MOS_datasets/singmos/DATA/wav/voicemos2024-track2-sys0030-utt0089.wav,sys0030,voicemos2024-track2-sys0030-utt0089,2.6
/fs/ess/PAS2301/Data/Speech/MOS_datasets/singmos/DATA/wav/voicemos2024-track2-sys0030-utt0090.wav,sys0030,voicemos2024-track2-sys0030-utt0090,3.4
/fs/ess/PAS2301/Data/Speech/MOS_datasets/singmos/DATA/wav/voicemos2024-track2-sys0030-utt0091.wav,sys0030,voicemos2024-track2-sys0030-utt0091,2.6
/fs/ess/PAS2301/Data/Speech/MOS_datasets/singmos/DATA/wav/voicemos2024-track2-sys0030-utt0093.wav,sys0030,voicemos2024-track2-sys0030-utt0093,4.0
/fs/ess/PAS2301/Data/Speech/MOS_datasets/singmos/DATA/wav/voicemos2024-track2-sys0030-utt0094.wav,sys0030,voicemos2024-track2-sys0030-utt0094,2.0
/fs/ess/PAS2301/Data/Speech/MOS_datasets/singmos/DATA/wav/voicemos2024-track2-sys0030-utt0096.wav,sys0030,voicemos2024-track2-sys0030-utt0096,3.4
/fs/ess/PAS2301/Data/Speech/MOS_datasets/singmos/DATA/wav/voicemos2024-track2-sys0030-utt0097.wav,sys0030,voicemos2024-track2-sys0030-utt0097,3.0
/fs/ess/PAS2301/Data/Speech/MOS_datasets/singmos/DATA/wav/voicemos2024-track2-sys0030-utt0098.wav,sys0030,voicemos2024-track2-sys0030-utt0098,3.0
/fs/ess/PAS2301/Data/Speech/MOS_datasets/singmos/DATA/wav/voicemos2024-track2-sys0030-utt0099.wav,sys0030,voicemos2024-track2-sys0030-utt0099,3.4
/fs/ess/PAS2301/Data/Speech/MOS_datasets/singmos/DATA/wav/voicemos2024-track2-sys0031-utt0004.wav,sys0031,voicemos2024-track2-sys0031-utt0004,4.4
/fs/ess/PAS2301/Data/Speech/MOS_datasets/singmos/DATA/wav/voicemos2024-track2-sys0031-utt0005.wav,sys0031,voicemos2024-track2-sys0031-utt0005,5.0
/fs/ess/PAS2301/Data/Speech/MOS_datasets/singmos/DATA/wav/voicemos2024-track2-sys0031-utt0006.wav,sys0031,voicemos2024-track2-sys0031-utt0006,4.8
/fs/ess/PAS2301/Data/Speech/MOS_datasets/singmos/DATA/wav/voicemos2024-track2-sys0031-utt0013.wav,sys0031,voicemos2024-track2-sys0031-utt0013,5.0
/fs/ess/PAS2301/Data/Speech/MOS_datasets/singmos/DATA/wav/voicemos2024-track2-sys0031-utt0015.wav,sys0031,voicemos2024-track2-sys0031-utt0015,4.0
/fs/ess/PAS2301/Data/Speech/MOS_datasets/singmos/DATA/wav/voicemos2024-track2-sys0031-utt0016.wav,sys0031,voicemos2024-track2-sys0031-utt0016,5.0
/fs/ess/PAS2301/Data/Speech/MOS_datasets/singmos/DATA/wav/voicemos2024-track2-sys0031-utt0017.wav,sys0031,voicemos2024-track2-sys0031-utt0017,5.0
/fs/ess/PAS2301/Data/Speech/MOS_datasets/singmos/DATA/wav/voicemos2024-track2-sys0031-utt0019.wav,sys0031,voicemos2024-track2-sys0031-utt0019,5.0
/fs/ess/PAS2301/Data/Speech/MOS_datasets/singmos/DATA/wav/voicemos2024-track2-sys0031-utt0020.wav,sys0031,voicemos2024-track2-sys0031-utt0020,4.8
/fs/ess/PAS2301/Data/Speech/MOS_datasets/singmos/DATA/wav/voicemos2024-track2-sys0031-utt0021.wav,sys0031,voicemos2024-track2-sys0031-utt0021,5.0
/fs/ess/PAS2301/Data/Speech/MOS_datasets/singmos/DATA/wav/voicemos2024-track2-sys0031-utt0025.wav,sys0031,voicemos2024-track2-sys0031-utt0025,5.0
/fs/ess/PAS2301/Data/Speech/MOS_datasets/singmos/DATA/wav/voicemos2024-track2-sys0031-utt0027.wav,sys0031,voicemos2024-track2-sys0031-utt0027,5.0
/fs/ess/PAS2301/Data/Speech/MOS_datasets/singmos/DATA/wav/voicemos2024-track2-sys0031-utt0028.wav,sys0031,voicemos2024-track2-sys0031-utt0028,5.0
/fs/ess/PAS2301/Data/Speech/MOS_datasets/singmos/DATA/wav/voicemos2024-track2-sys0031-utt0030.wav,sys0031,voicemos2024-track2-sys0031-utt0030,5.0
/fs/ess/PAS2301/Data/Speech/MOS_datasets/singmos/DATA/wav/voicemos2024-track2-sys0031-utt0031.wav,sys0031,voicemos2024-track2-sys0031-utt0031,5.0
/fs/ess/PAS2301/Data/Speech/MOS_datasets/singmos/DATA/wav/voicemos2024-track2-sys0031-utt0032.wav,sys0031,voicemos2024-track2-sys0031-utt0032,4.4
/fs/ess/PAS2301/Data/Speech/MOS_datasets/singmos/DATA/wav/voicemos2024-track2-sys0031-utt0033.wav,sys0031,voicemos2024-track2-sys0031-utt0033,5.0
/fs/ess/PAS2301/Data/Speech/MOS_datasets/singmos/DATA/wav/voicemos2024-track2-sys0031-utt0034.wav,sys0031,voicemos2024-track2-sys0031-utt0034,5.0
/fs/ess/PAS2301/Data/Speech/MOS_datasets/singmos/DATA/wav/voicemos2024-track2-sys0031-utt0035.wav,sys0031,voicemos2024-track2-sys0031-utt0035,5.0
/fs/ess/PAS2301/Data/Speech/MOS_datasets/singmos/DATA/wav/voicemos2024-track2-sys0031-utt0037.wav,sys0031,voicemos2024-track2-sys0031-utt0037,5.0
/fs/ess/PAS2301/Data/Speech/MOS_datasets/singmos/DATA/wav/voicemos2024-track2-sys0031-utt0038.wav,sys0031,voicemos2024-track2-sys0031-utt0038,5.0
/fs/ess/PAS2301/Data/Speech/MOS_datasets/singmos/DATA/wav/voicemos2024-track2-sys0031-utt0039.wav,sys0031,voicemos2024-track2-sys0031-utt0039,5.0
/fs/ess/PAS2301/Data/Speech/MOS_datasets/singmos/DATA/wav/voicemos2024-track2-sys0031-utt0040.wav,sys0031,voicemos2024-track2-sys0031-utt0040,4.6
/fs/ess/PAS2301/Data/Speech/MOS_datasets/singmos/DATA/wav/voicemos2024-track2-sys0031-utt0042.wav,sys0031,voicemos2024-track2-sys0031-utt0042,5.0
/fs/ess/PAS2301/Data/Speech/MOS_datasets/singmos/DATA/wav/voicemos2024-track2-sys0031-utt0043.wav,sys0031,voicemos2024-track2-sys0031-utt0043,5.0
/fs/ess/PAS2301/Data/Speech/MOS_datasets/singmos/DATA/wav/voicemos2024-track2-sys0031-utt0044.wav,sys0031,voicemos2024-track2-sys0031-utt0044,5.0
/fs/ess/PAS2301/Data/Speech/MOS_datasets/singmos/DATA/wav/voicemos2024-track2-sys0031-utt0045.wav,sys0031,voicemos2024-track2-sys0031-utt0045,5.0
/fs/ess/PAS2301/Data/Speech/MOS_datasets/singmos/DATA/wav/voicemos2024-track2-sys0031-utt0046.wav,sys0031,voicemos2024-track2-sys0031-utt0046,4.8
/fs/ess/PAS2301/Data/Speech/MOS_datasets/singmos/DATA/wav/voicemos2024-track2-sys0031-utt0049.wav,sys0031,voicemos2024-track2-sys0031-utt0049,5.0
/fs/ess/PAS2301/Data/Speech/MOS_datasets/singmos/DATA/wav/voicemos2024-track2-sys0031-utt0051.wav,sys0031,voicemos2024-track2-sys0031-utt0051,5.0
/fs/ess/PAS2301/Data/Speech/MOS_datasets/singmos/DATA/wav/voicemos2024-track2-sys0031-utt0052.wav,sys0031,voicemos2024-track2-sys0031-utt0052,5.0
/fs/ess/PAS2301/Data/Speech/MOS_datasets/singmos/DATA/wav/voicemos2024-track2-sys0031-utt0053.wav,sys0031,voicemos2024-track2-sys0031-utt0053,5.0
/fs/ess/PAS2301/Data/Speech/MOS_datasets/singmos/DATA/wav/voicemos2024-track2-sys0031-utt0055.wav,sys0031,voicemos2024-track2-sys0031-utt0055,5.0
/fs/ess/PAS2301/Data/Speech/MOS_datasets/singmos/DATA/wav/voicemos2024-track2-sys0031-utt0056.wav,sys0031,voicemos2024-track2-sys0031-utt0056,5.0
/fs/ess/PAS2301/Data/Speech/MOS_datasets/singmos/DATA/wav/voicemos2024-track2-sys0031-utt0059.wav,sys0031,voicemos2024-track2-sys0031-utt0059,5.0
/fs/ess/PAS2301/Data/Speech/MOS_datasets/singmos/DATA/wav/voicemos2024-track2-sys0031-utt0060.wav,sys0031,voicemos2024-track2-sys0031-utt0060,5.0
/fs/ess/PAS2301/Data/Speech/MOS_datasets/singmos/DATA/wav/voicemos2024-track2-sys0031-utt0061.wav,sys0031,voicemos2024-track2-sys0031-utt0061,4.0
/fs/ess/PAS2301/Data/Speech/MOS_datasets/singmos/DATA/wav/voicemos2024-track2-sys0031-utt0062.wav,sys0031,voicemos2024-track2-sys0031-utt0062,4.2
/fs/ess/PAS2301/Data/Speech/MOS_datasets/singmos/DATA/wav/voicemos2024-track2-sys0031-utt0063.wav,sys0031,voicemos2024-track2-sys0031-utt0063,5.0
/fs/ess/PAS2301/Data/Speech/MOS_datasets/singmos/DATA/wav/voicemos2024-track2-sys0031-utt0064.wav,sys0031,voicemos2024-track2-sys0031-utt0064,4.8
/fs/ess/PAS2301/Data/Speech/MOS_datasets/singmos/DATA/wav/voicemos2024-track2-sys0031-utt0065.wav,sys0031,voicemos2024-track2-sys0031-utt0065,5.0
/fs/ess/PAS2301/Data/Speech/MOS_datasets/singmos/DATA/wav/voicemos2024-track2-sys0031-utt0066.wav,sys0031,voicemos2024-track2-sys0031-utt0066,5.0
/fs/ess/PAS2301/Data/Speech/MOS_datasets/singmos/DATA/wav/voicemos2024-track2-sys0031-utt0069.wav,sys0031,voicemos2024-track2-sys0031-utt0069,5.0
/fs/ess/PAS2301/Data/Speech/MOS_datasets/singmos/DATA/wav/voicemos2024-track2-sys0031-utt0070.wav,sys0031,voicemos2024-track2-sys0031-utt0070,4.6
/fs/ess/PAS2301/Data/Speech/MOS_datasets/singmos/DATA/wav/voicemos2024-track2-sys0031-utt0071.wav,sys0031,voicemos2024-track2-sys0031-utt0071,5.0
/fs/ess/PAS2301/Data/Speech/MOS_datasets/singmos/DATA/wav/voicemos2024-track2-sys0031-utt0074.wav,sys0031,voicemos2024-track2-sys0031-utt0074,5.0
/fs/ess/PAS2301/Data/Speech/MOS_datasets/singmos/DATA/wav/voicemos2024-track2-sys0031-utt0076.wav,sys0031,voicemos2024-track2-sys0031-utt0076,4.0
/fs/ess/PAS2301/Data/Speech/MOS_datasets/singmos/DATA/wav/voicemos2024-track2-sys0031-utt0077.wav,sys0031,voicemos2024-track2-sys0031-utt0077,5.0
/fs/ess/PAS2301/Data/Speech/MOS_datasets/singmos/DATA/wav/voicemos2024-track2-sys0031-utt0079.wav,sys0031,voicemos2024-track2-sys0031-utt0079,5.0
/fs/ess/PAS2301/Data/Speech/MOS_datasets/singmos/DATA/wav/voicemos2024-track2-sys0031-utt0082.wav,sys0031,voicemos2024-track2-sys0031-utt0082,5.0
/fs/ess/PAS2301/Data/Speech/MOS_datasets/singmos/DATA/wav/voicemos2024-track2-sys0031-utt0084.wav,sys0031,voicemos2024-track2-sys0031-utt0084,5.0
/fs/ess/PAS2301/Data/Speech/MOS_datasets/singmos/DATA/wav/voicemos2024-track2-sys0031-utt0085.wav,sys0031,voicemos2024-track2-sys0031-utt0085,5.0
/fs/ess/PAS2301/Data/Speech/MOS_datasets/singmos/DATA/wav/voicemos2024-track2-sys0031-utt0087.wav,sys0031,voicemos2024-track2-sys0031-utt0087,5.0
/fs/ess/PAS2301/Data/Speech/MOS_datasets/singmos/DATA/wav/voicemos2024-track2-sys0031-utt0088.wav,sys0031,voicemos2024-track2-sys0031-utt0088,5.0
/fs/ess/PAS2301/Data/Speech/MOS_datasets/singmos/DATA/wav/voicemos2024-track2-sys0031-utt0089.wav,sys0031,voicemos2024-track2-sys0031-utt0089,5.0
/fs/ess/PAS2301/Data/Speech/MOS_datasets/singmos/DATA/wav/voicemos2024-track2-sys0031-utt0092.wav,sys0031,voicemos2024-track2-sys0031-utt0092,5.0
/fs/ess/PAS2301/Data/Speech/MOS_datasets/singmos/DATA/wav/voicemos2024-track2-sys0031-utt0093.wav,sys0031,voicemos2024-track2-sys0031-utt0093,5.0
/fs/ess/PAS2301/Data/Speech/MOS_datasets/singmos/DATA/wav/voicemos2024-track2-sys0031-utt0094.wav,sys0031,voicemos2024-track2-sys0031-utt0094,5.0
/fs/ess/PAS2301/Data/Speech/MOS_datasets/singmos/DATA/wav/voicemos2024-track2-sys0031-utt0095.wav,sys0031,voicemos2024-track2-sys0031-utt0095,5.0
/fs/ess/PAS2301/Data/Speech/MOS_datasets/singmos/DATA/wav/voicemos2024-track2-sys0031-utt0096.wav,sys0031,voicemos2024-track2-sys0031-utt0096,5.0
/fs/ess/PAS2301/Data/Speech/MOS_datasets/singmos/DATA/wav/voicemos2024-track2-sys0031-utt0097.wav,sys0031,voicemos2024-track2-sys0031-utt0097,4.0
/fs/ess/PAS2301/Data/Speech/MOS_datasets/singmos/DATA/wav/voicemos2024-track2-sys0032-utt0001.wav,sys0032,voicemos2024-track2-sys0032-utt0001,3.2
/fs/ess/PAS2301/Data/Speech/MOS_datasets/singmos/DATA/wav/voicemos2024-track2-sys0032-utt0002.wav,sys0032,voicemos2024-track2-sys0032-utt0002,3.0
/fs/ess/PAS2301/Data/Speech/MOS_datasets/singmos/DATA/wav/voicemos2024-track2-sys0032-utt0003.wav,sys0032,voicemos2024-track2-sys0032-utt0003,3.2
/fs/ess/PAS2301/Data/Speech/MOS_datasets/singmos/DATA/wav/voicemos2024-track2-sys0032-utt0006.wav,sys0032,voicemos2024-track2-sys0032-utt0006,3.0
/fs/ess/PAS2301/Data/Speech/MOS_datasets/singmos/DATA/wav/voicemos2024-track2-sys0032-utt0009.wav,sys0032,voicemos2024-track2-sys0032-utt0009,4.0
/fs/ess/PAS2301/Data/Speech/MOS_datasets/singmos/DATA/wav/voicemos2024-track2-sys0032-utt0010.wav,sys0032,voicemos2024-track2-sys0032-utt0010,4.0
/fs/ess/PAS2301/Data/Speech/MOS_datasets/singmos/DATA/wav/voicemos2024-track2-sys0032-utt0011.wav,sys0032,voicemos2024-track2-sys0032-utt0011,3.0
/fs/ess/PAS2301/Data/Speech/MOS_datasets/singmos/DATA/wav/voicemos2024-track2-sys0032-utt0012.wav,sys0032,voicemos2024-track2-sys0032-utt0012,4.0
/fs/ess/PAS2301/Data/Speech/MOS_datasets/singmos/DATA/wav/voicemos2024-track2-sys0032-utt0013.wav,sys0032,voicemos2024-track2-sys0032-utt0013,3.4
/fs/ess/PAS2301/Data/Speech/MOS_datasets/singmos/DATA/wav/voicemos2024-track2-sys0032-utt0015.wav,sys0032,voicemos2024-track2-sys0032-utt0015,3.0
/fs/ess/PAS2301/Data/Speech/MOS_datasets/singmos/DATA/wav/voicemos2024-track2-sys0032-utt0016.wav,sys0032,voicemos2024-track2-sys0032-utt0016,4.0
/fs/ess/PAS2301/Data/Speech/MOS_datasets/singmos/DATA/wav/voicemos2024-track2-sys0032-utt0017.wav,sys0032,voicemos2024-track2-sys0032-utt0017,4.4
/fs/ess/PAS2301/Data/Speech/MOS_datasets/singmos/DATA/wav/voicemos2024-track2-sys0032-utt0018.wav,sys0032,voicemos2024-track2-sys0032-utt0018,4.4
/fs/ess/PAS2301/Data/Speech/MOS_datasets/singmos/DATA/wav/voicemos2024-track2-sys0032-utt0020.wav,sys0032,voicemos2024-track2-sys0032-utt0020,5.0
/fs/ess/PAS2301/Data/Speech/MOS_datasets/singmos/DATA/wav/voicemos2024-track2-sys0032-utt0021.wav,sys0032,voicemos2024-track2-sys0032-utt0021,4.0
/fs/ess/PAS2301/Data/Speech/MOS_datasets/singmos/DATA/wav/voicemos2024-track2-sys0032-utt0022.wav,sys0032,voicemos2024-track2-sys0032-utt0022,3.0
/fs/ess/PAS2301/Data/Speech/MOS_datasets/singmos/DATA/wav/voicemos2024-track2-sys0032-utt0023.wav,sys0032,voicemos2024-track2-sys0032-utt0023,5.0
/fs/ess/PAS2301/Data/Speech/MOS_datasets/singmos/DATA/wav/voicemos2024-track2-sys0032-utt0025.wav,sys0032,voicemos2024-track2-sys0032-utt0025,3.6
/fs/ess/PAS2301/Data/Speech/MOS_datasets/singmos/DATA/wav/voicemos2024-track2-sys0032-utt0026.wav,sys0032,voicemos2024-track2-sys0032-utt0026,4.0
/fs/ess/PAS2301/Data/Speech/MOS_datasets/singmos/DATA/wav/voicemos2024-track2-sys0032-utt0028.wav,sys0032,voicemos2024-track2-sys0032-utt0028,3.0
/fs/ess/PAS2301/Data/Speech/MOS_datasets/singmos/DATA/wav/voicemos2024-track2-sys0032-utt0029.wav,sys0032,voicemos2024-track2-sys0032-utt0029,4.0
/fs/ess/PAS2301/Data/Speech/MOS_datasets/singmos/DATA/wav/voicemos2024-track2-sys0032-utt0030.wav,sys0032,voicemos2024-track2-sys0032-utt0030,3.8
/fs/ess/PAS2301/Data/Speech/MOS_datasets/singmos/DATA/wav/voicemos2024-track2-sys0032-utt0031.wav,sys0032,voicemos2024-track2-sys0032-utt0031,3.0
/fs/ess/PAS2301/Data/Speech/MOS_datasets/singmos/DATA/wav/voicemos2024-track2-sys0032-utt0032.wav,sys0032,voicemos2024-track2-sys0032-utt0032,4.0
/fs/ess/PAS2301/Data/Speech/MOS_datasets/singmos/DATA/wav/voicemos2024-track2-sys0032-utt0033.wav,sys0032,voicemos2024-track2-sys0032-utt0033,4.0
/fs/ess/PAS2301/Data/Speech/MOS_datasets/singmos/DATA/wav/voicemos2024-track2-sys0032-utt0034.wav,sys0032,voicemos2024-track2-sys0032-utt0034,4.0
/fs/ess/PAS2301/Data/Speech/MOS_datasets/singmos/DATA/wav/voicemos2024-track2-sys0032-utt0035.wav,sys0032,voicemos2024-track2-sys0032-utt0035,3.4
/fs/ess/PAS2301/Data/Speech/MOS_datasets/singmos/DATA/wav/voicemos2024-track2-sys0032-utt0036.wav,sys0032,voicemos2024-track2-sys0032-utt0036,4.0
/fs/ess/PAS2301/Data/Speech/MOS_datasets/singmos/DATA/wav/voicemos2024-track2-sys0032-utt0037.wav,sys0032,voicemos2024-track2-sys0032-utt0037,3.6
/fs/ess/PAS2301/Data/Speech/MOS_datasets/singmos/DATA/wav/voicemos2024-track2-sys0032-utt0040.wav,sys0032,voicemos2024-track2-sys0032-utt0040,5.0
/fs/ess/PAS2301/Data/Speech/MOS_datasets/singmos/DATA/wav/voicemos2024-track2-sys0032-utt0041.wav,sys0032,voicemos2024-track2-sys0032-utt0041,4.0
/fs/ess/PAS2301/Data/Speech/MOS_datasets/singmos/DATA/wav/voicemos2024-track2-sys0032-utt0042.wav,sys0032,voicemos2024-track2-sys0032-utt0042,5.0
/fs/ess/PAS2301/Data/Speech/MOS_datasets/singmos/DATA/wav/voicemos2024-track2-sys0032-utt0043.wav,sys0032,voicemos2024-track2-sys0032-utt0043,4.0
/fs/ess/PAS2301/Data/Speech/MOS_datasets/singmos/DATA/wav/voicemos2024-track2-sys0032-utt0044.wav,sys0032,voicemos2024-track2-sys0032-utt0044,4.4
/fs/ess/PAS2301/Data/Speech/MOS_datasets/singmos/DATA/wav/voicemos2024-track2-sys0032-utt0047.wav,sys0032,voicemos2024-track2-sys0032-utt0047,4.4
/fs/ess/PAS2301/Data/Speech/MOS_datasets/singmos/DATA/wav/voicemos2024-track2-sys0032-utt0048.wav,sys0032,voicemos2024-track2-sys0032-utt0048,3.6
/fs/ess/PAS2301/Data/Speech/MOS_datasets/singmos/DATA/wav/voicemos2024-track2-sys0032-utt0049.wav,sys0032,voicemos2024-track2-sys0032-utt0049,3.2
/fs/ess/PAS2301/Data/Speech/MOS_datasets/singmos/DATA/wav/voicemos2024-track2-sys0032-utt0051.wav,sys0032,voicemos2024-track2-sys0032-utt0051,5.0
/fs/ess/PAS2301/Data/Speech/MOS_datasets/singmos/DATA/wav/voicemos2024-track2-sys0032-utt0052.wav,sys0032,voicemos2024-track2-sys0032-utt0052,4.0
/fs/ess/PAS2301/Data/Speech/MOS_datasets/singmos/DATA/wav/voicemos2024-track2-sys0032-utt0053.wav,sys0032,voicemos2024-track2-sys0032-utt0053,4.4
/fs/ess/PAS2301/Data/Speech/MOS_datasets/singmos/DATA/wav/voicemos2024-track2-sys0032-utt0054.wav,sys0032,voicemos2024-track2-sys0032-utt0054,4.0
/fs/ess/PAS2301/Data/Speech/MOS_datasets/singmos/DATA/wav/voicemos2024-track2-sys0032-utt0055.wav,sys0032,voicemos2024-track2-sys0032-utt0055,5.0
/fs/ess/PAS2301/Data/Speech/MOS_datasets/singmos/DATA/wav/voicemos2024-track2-sys0032-utt0056.wav,sys0032,voicemos2024-track2-sys0032-utt0056,3.8
/fs/ess/PAS2301/Data/Speech/MOS_datasets/singmos/DATA/wav/voicemos2024-track2-sys0032-utt0057.wav,sys0032,voicemos2024-track2-sys0032-utt0057,5.0
/fs/ess/PAS2301/Data/Speech/MOS_datasets/singmos/DATA/wav/voicemos2024-track2-sys0032-utt0058.wav,sys0032,voicemos2024-track2-sys0032-utt0058,5.0
/fs/ess/PAS2301/Data/Speech/MOS_datasets/singmos/DATA/wav/voicemos2024-track2-sys0032-utt0059.wav,sys0032,voicemos2024-track2-sys0032-utt0059,4.0
/fs/ess/PAS2301/Data/Speech/MOS_datasets/singmos/DATA/wav/voicemos2024-track2-sys0032-utt0060.wav,sys0032,voicemos2024-track2-sys0032-utt0060,5.0
/fs/ess/PAS2301/Data/Speech/MOS_datasets/singmos/DATA/wav/voicemos2024-track2-sys0032-utt0061.wav,sys0032,voicemos2024-track2-sys0032-utt0061,4.0
/fs/ess/PAS2301/Data/Speech/MOS_datasets/singmos/DATA/wav/voicemos2024-track2-sys0032-utt0062.wav,sys0032,voicemos2024-track2-sys0032-utt0062,3.2
/fs/ess/PAS2301/Data/Speech/MOS_datasets/singmos/DATA/wav/voicemos2024-track2-sys0032-utt0064.wav,sys0032,voicemos2024-track2-sys0032-utt0064,3.0
/fs/ess/PAS2301/Data/Speech/MOS_datasets/singmos/DATA/wav/voicemos2024-track2-sys0032-utt0065.wav,sys0032,voicemos2024-track2-sys0032-utt0065,3.0
/fs/ess/PAS2301/Data/Speech/MOS_datasets/singmos/DATA/wav/voicemos2024-track2-sys0032-utt0066.wav,sys0032,voicemos2024-track2-sys0032-utt0066,4.2
/fs/ess/PAS2301/Data/Speech/MOS_datasets/singmos/DATA/wav/voicemos2024-track2-sys0032-utt0068.wav,sys0032,voicemos2024-track2-sys0032-utt0068,3.0
/fs/ess/PAS2301/Data/Speech/MOS_datasets/singmos/DATA/wav/voicemos2024-track2-sys0032-utt0070.wav,sys0032,voicemos2024-track2-sys0032-utt0070,3.8
/fs/ess/PAS2301/Data/Speech/MOS_datasets/singmos/DATA/wav/voicemos2024-track2-sys0032-utt0072.wav,sys0032,voicemos2024-track2-sys0032-utt0072,3.8
/fs/ess/PAS2301/Data/Speech/MOS_datasets/singmos/DATA/wav/voicemos2024-track2-sys0032-utt0073.wav,sys0032,voicemos2024-track2-sys0032-utt0073,5.0
/fs/ess/PAS2301/Data/Speech/MOS_datasets/singmos/DATA/wav/voicemos2024-track2-sys0032-utt0077.wav,sys0032,voicemos2024-track2-sys0032-utt0077,3.0
/fs/ess/PAS2301/Data/Speech/MOS_datasets/singmos/DATA/wav/voicemos2024-track2-sys0032-utt0079.wav,sys0032,voicemos2024-track2-sys0032-utt0079,3.0
/fs/ess/PAS2301/Data/Speech/MOS_datasets/singmos/DATA/wav/voicemos2024-track2-sys0032-utt0080.wav,sys0032,voicemos2024-track2-sys0032-utt0080,3.4
/fs/ess/PAS2301/Data/Speech/MOS_datasets/singmos/DATA/wav/voicemos2024-track2-sys0032-utt0081.wav,sys0032,voicemos2024-track2-sys0032-utt0081,4.4
/fs/ess/PAS2301/Data/Speech/MOS_datasets/singmos/DATA/wav/voicemos2024-track2-sys0032-utt0083.wav,sys0032,voicemos2024-track2-sys0032-utt0083,3.2
/fs/ess/PAS2301/Data/Speech/MOS_datasets/singmos/DATA/wav/voicemos2024-track2-sys0032-utt0084.wav,sys0032,voicemos2024-track2-sys0032-utt0084,4.4
/fs/ess/PAS2301/Data/Speech/MOS_datasets/singmos/DATA/wav/voicemos2024-track2-sys0032-utt0087.wav,sys0032,voicemos2024-track2-sys0032-utt0087,4.6
/fs/ess/PAS2301/Data/Speech/MOS_datasets/singmos/DATA/wav/voicemos2024-track2-sys0032-utt0088.wav,sys0032,voicemos2024-track2-sys0032-utt0088,4.0
/fs/ess/PAS2301/Data/Speech/MOS_datasets/singmos/DATA/wav/voicemos2024-track2-sys0032-utt0089.wav,sys0032,voicemos2024-track2-sys0032-utt0089,5.0
/fs/ess/PAS2301/Data/Speech/MOS_datasets/singmos/DATA/wav/voicemos2024-track2-sys0032-utt0090.wav,sys0032,voicemos2024-track2-sys0032-utt0090,3.0
/fs/ess/PAS2301/Data/Speech/MOS_datasets/singmos/DATA/wav/voicemos2024-track2-sys0032-utt0092.wav,sys0032,voicemos2024-track2-sys0032-utt0092,3.6
/fs/ess/PAS2301/Data/Speech/MOS_datasets/singmos/DATA/wav/voicemos2024-track2-sys0032-utt0093.wav,sys0032,voicemos2024-track2-sys0032-utt0093,4.4
/fs/ess/PAS2301/Data/Speech/MOS_datasets/singmos/DATA/wav/voicemos2024-track2-sys0033-utt0001.wav,sys0033,voicemos2024-track2-sys0033-utt0001,5.0
/fs/ess/PAS2301/Data/Speech/MOS_datasets/singmos/DATA/wav/voicemos2024-track2-sys0033-utt0002.wav,sys0033,voicemos2024-track2-sys0033-utt0002,3.0
/fs/ess/PAS2301/Data/Speech/MOS_datasets/singmos/DATA/wav/voicemos2024-track2-sys0033-utt0003.wav,sys0033,voicemos2024-track2-sys0033-utt0003,4.2
/fs/ess/PAS2301/Data/Speech/MOS_datasets/singmos/DATA/wav/voicemos2024-track2-sys0033-utt0004.wav,sys0033,voicemos2024-track2-sys0033-utt0004,3.6
/fs/ess/PAS2301/Data/Speech/MOS_datasets/singmos/DATA/wav/voicemos2024-track2-sys0033-utt0005.wav,sys0033,voicemos2024-track2-sys0033-utt0005,4.0
/fs/ess/PAS2301/Data/Speech/MOS_datasets/singmos/DATA/wav/voicemos2024-track2-sys0033-utt0006.wav,sys0033,voicemos2024-track2-sys0033-utt0006,3.6
/fs/ess/PAS2301/Data/Speech/MOS_datasets/singmos/DATA/wav/voicemos2024-track2-sys0033-utt0007.wav,sys0033,voicemos2024-track2-sys0033-utt0007,4.0
/fs/ess/PAS2301/Data/Speech/MOS_datasets/singmos/DATA/wav/voicemos2024-track2-sys0033-utt0009.wav,sys0033,voicemos2024-track2-sys0033-utt0009,4.6
/fs/ess/PAS2301/Data/Speech/MOS_datasets/singmos/DATA/wav/voicemos2024-track2-sys0033-utt0010.wav,sys0033,voicemos2024-track2-sys0033-utt0010,4.2
/fs/ess/PAS2301/Data/Speech/MOS_datasets/singmos/DATA/wav/voicemos2024-track2-sys0033-utt0011.wav,sys0033,voicemos2024-track2-sys0033-utt0011,4.0
/fs/ess/PAS2301/Data/Speech/MOS_datasets/singmos/DATA/wav/voicemos2024-track2-sys0033-utt0012.wav,sys0033,voicemos2024-track2-sys0033-utt0012,4.0
/fs/ess/PAS2301/Data/Speech/MOS_datasets/singmos/DATA/wav/voicemos2024-track2-sys0033-utt0013.wav,sys0033,voicemos2024-track2-sys0033-utt0013,4.0
/fs/ess/PAS2301/Data/Speech/MOS_datasets/singmos/DATA/wav/voicemos2024-track2-sys0033-utt0014.wav,sys0033,voicemos2024-track2-sys0033-utt0014,4.0
/fs/ess/PAS2301/Data/Speech/MOS_datasets/singmos/DATA/wav/voicemos2024-track2-sys0033-utt0015.wav,sys0033,voicemos2024-track2-sys0033-utt0015,3.6
/fs/ess/PAS2301/Data/Speech/MOS_datasets/singmos/DATA/wav/voicemos2024-track2-sys0033-utt0016.wav,sys0033,voicemos2024-track2-sys0033-utt0016,3.6
/fs/ess/PAS2301/Data/Speech/MOS_datasets/singmos/DATA/wav/voicemos2024-track2-sys0033-utt0017.wav,sys0033,voicemos2024-track2-sys0033-utt0017,4.0
/fs/ess/PAS2301/Data/Speech/MOS_datasets/singmos/DATA/wav/voicemos2024-track2-sys0033-utt0018.wav,sys0033,voicemos2024-track2-sys0033-utt0018,5.0
/fs/ess/PAS2301/Data/Speech/MOS_datasets/singmos/DATA/wav/voicemos2024-track2-sys0033-utt0020.wav,sys0033,voicemos2024-track2-sys0033-utt0020,3.4
/fs/ess/PAS2301/Data/Speech/MOS_datasets/singmos/DATA/wav/voicemos2024-track2-sys0033-utt0021.wav,sys0033,voicemos2024-track2-sys0033-utt0021,5.0
/fs/ess/PAS2301/Data/Speech/MOS_datasets/singmos/DATA/wav/voicemos2024-track2-sys0033-utt0022.wav,sys0033,voicemos2024-track2-sys0033-utt0022,4.0
/fs/ess/PAS2301/Data/Speech/MOS_datasets/singmos/DATA/wav/voicemos2024-track2-sys0033-utt0023.wav,sys0033,voicemos2024-track2-sys0033-utt0023,4.6
/fs/ess/PAS2301/Data/Speech/MOS_datasets/singmos/DATA/wav/voicemos2024-track2-sys0033-utt0025.wav,sys0033,voicemos2024-track2-sys0033-utt0025,4.0
/fs/ess/PAS2301/Data/Speech/MOS_datasets/singmos/DATA/wav/voicemos2024-track2-sys0033-utt0028.wav,sys0033,voicemos2024-track2-sys0033-utt0028,4.0
/fs/ess/PAS2301/Data/Speech/MOS_datasets/singmos/DATA/wav/voicemos2024-track2-sys0033-utt0029.wav,sys0033,voicemos2024-track2-sys0033-utt0029,4.0
/fs/ess/PAS2301/Data/Speech/MOS_datasets/singmos/DATA/wav/voicemos2024-track2-sys0033-utt0030.wav,sys0033,voicemos2024-track2-sys0033-utt0030,4.0
/fs/ess/PAS2301/Data/Speech/MOS_datasets/singmos/DATA/wav/voicemos2024-track2-sys0033-utt0032.wav,sys0033,voicemos2024-track2-sys0033-utt0032,5.0
/fs/ess/PAS2301/Data/Speech/MOS_datasets/singmos/DATA/wav/voicemos2024-track2-sys0033-utt0033.wav,sys0033,voicemos2024-track2-sys0033-utt0033,4.2
/fs/ess/PAS2301/Data/Speech/MOS_datasets/singmos/DATA/wav/voicemos2024-track2-sys0033-utt0035.wav,sys0033,voicemos2024-track2-sys0033-utt0035,4.0
/fs/ess/PAS2301/Data/Speech/MOS_datasets/singmos/DATA/wav/voicemos2024-track2-sys0033-utt0036.wav,sys0033,voicemos2024-track2-sys0033-utt0036,4.0
/fs/ess/PAS2301/Data/Speech/MOS_datasets/singmos/DATA/wav/voicemos2024-track2-sys0033-utt0038.wav,sys0033,voicemos2024-track2-sys0033-utt0038,4.0
/fs/ess/PAS2301/Data/Speech/MOS_datasets/singmos/DATA/wav/voicemos2024-track2-sys0033-utt0039.wav,sys0033,voicemos2024-track2-sys0033-utt0039,4.0
/fs/ess/PAS2301/Data/Speech/MOS_datasets/singmos/DATA/wav/voicemos2024-track2-sys0033-utt0041.wav,sys0033,voicemos2024-track2-sys0033-utt0041,4.8
/fs/ess/PAS2301/Data/Speech/MOS_datasets/singmos/DATA/wav/voicemos2024-track2-sys0033-utt0043.wav,sys0033,voicemos2024-track2-sys0033-utt0043,5.0
/fs/ess/PAS2301/Data/Speech/MOS_datasets/singmos/DATA/wav/voicemos2024-track2-sys0033-utt0044.wav,sys0033,voicemos2024-track2-sys0033-utt0044,4.2
/fs/ess/PAS2301/Data/Speech/MOS_datasets/singmos/DATA/wav/voicemos2024-track2-sys0033-utt0045.wav,sys0033,voicemos2024-track2-sys0033-utt0045,3.0
/fs/ess/PAS2301/Data/Speech/MOS_datasets/singmos/DATA/wav/voicemos2024-track2-sys0033-utt0046.wav,sys0033,voicemos2024-track2-sys0033-utt0046,4.0
/fs/ess/PAS2301/Data/Speech/MOS_datasets/singmos/DATA/wav/voicemos2024-track2-sys0033-utt0047.wav,sys0033,voicemos2024-track2-sys0033-utt0047,5.0
/fs/ess/PAS2301/Data/Speech/MOS_datasets/singmos/DATA/wav/voicemos2024-track2-sys0033-utt0048.wav,sys0033,voicemos2024-track2-sys0033-utt0048,5.0
/fs/ess/PAS2301/Data/Speech/MOS_datasets/singmos/DATA/wav/voicemos2024-track2-sys0033-utt0049.wav,sys0033,voicemos2024-track2-sys0033-utt0049,4.0
/fs/ess/PAS2301/Data/Speech/MOS_datasets/singmos/DATA/wav/voicemos2024-track2-sys0033-utt0052.wav,sys0033,voicemos2024-track2-sys0033-utt0052,5.0
/fs/ess/PAS2301/Data/Speech/MOS_datasets/singmos/DATA/wav/voicemos2024-track2-sys0033-utt0054.wav,sys0033,voicemos2024-track2-sys0033-utt0054,4.0
/fs/ess/PAS2301/Data/Speech/MOS_datasets/singmos/DATA/wav/voicemos2024-track2-sys0033-utt0059.wav,sys0033,voicemos2024-track2-sys0033-utt0059,4.8
/fs/ess/PAS2301/Data/Speech/MOS_datasets/singmos/DATA/wav/voicemos2024-track2-sys0033-utt0061.wav,sys0033,voicemos2024-track2-sys0033-utt0061,3.2
/fs/ess/PAS2301/Data/Speech/MOS_datasets/singmos/DATA/wav/voicemos2024-track2-sys0033-utt0063.wav,sys0033,voicemos2024-track2-sys0033-utt0063,4.0
/fs/ess/PAS2301/Data/Speech/MOS_datasets/singmos/DATA/wav/voicemos2024-track2-sys0033-utt0065.wav,sys0033,voicemos2024-track2-sys0033-utt0065,4.0
/fs/ess/PAS2301/Data/Speech/MOS_datasets/singmos/DATA/wav/voicemos2024-track2-sys0033-utt0067.wav,sys0033,voicemos2024-track2-sys0033-utt0067,4.2
/fs/ess/PAS2301/Data/Speech/MOS_datasets/singmos/DATA/wav/voicemos2024-track2-sys0033-utt0069.wav,sys0033,voicemos2024-track2-sys0033-utt0069,4.6
/fs/ess/PAS2301/Data/Speech/MOS_datasets/singmos/DATA/wav/voicemos2024-track2-sys0033-utt0070.wav,sys0033,voicemos2024-track2-sys0033-utt0070,4.2
/fs/ess/PAS2301/Data/Speech/MOS_datasets/singmos/DATA/wav/voicemos2024-track2-sys0033-utt0071.wav,sys0033,voicemos2024-track2-sys0033-utt0071,4.8
/fs/ess/PAS2301/Data/Speech/MOS_datasets/singmos/DATA/wav/voicemos2024-track2-sys0033-utt0072.wav,sys0033,voicemos2024-track2-sys0033-utt0072,5.0
/fs/ess/PAS2301/Data/Speech/MOS_datasets/singmos/DATA/wav/voicemos2024-track2-sys0033-utt0073.wav,sys0033,voicemos2024-track2-sys0033-utt0073,4.0
/fs/ess/PAS2301/Data/Speech/MOS_datasets/singmos/DATA/wav/voicemos2024-track2-sys0033-utt0074.wav,sys0033,voicemos2024-track2-sys0033-utt0074,5.0
/fs/ess/PAS2301/Data/Speech/MOS_datasets/singmos/DATA/wav/voicemos2024-track2-sys0033-utt0075.wav,sys0033,voicemos2024-track2-sys0033-utt0075,5.0
/fs/ess/PAS2301/Data/Speech/MOS_datasets/singmos/DATA/wav/voicemos2024-track2-sys0033-utt0076.wav,sys0033,voicemos2024-track2-sys0033-utt0076,3.0
/fs/ess/PAS2301/Data/Speech/MOS_datasets/singmos/DATA/wav/voicemos2024-track2-sys0033-utt0079.wav,sys0033,voicemos2024-track2-sys0033-utt0079,4.0
/fs/ess/PAS2301/Data/Speech/MOS_datasets/singmos/DATA/wav/voicemos2024-track2-sys0033-utt0080.wav,sys0033,voicemos2024-track2-sys0033-utt0080,4.0
/fs/ess/PAS2301/Data/Speech/MOS_datasets/singmos/DATA/wav/voicemos2024-track2-sys0033-utt0081.wav,sys0033,voicemos2024-track2-sys0033-utt0081,4.4
/fs/ess/PAS2301/Data/Speech/MOS_datasets/singmos/DATA/wav/voicemos2024-track2-sys0033-utt0082.wav,sys0033,voicemos2024-track2-sys0033-utt0082,4.0
/fs/ess/PAS2301/Data/Speech/MOS_datasets/singmos/DATA/wav/voicemos2024-track2-sys0033-utt0083.wav,sys0033,voicemos2024-track2-sys0033-utt0083,5.0
/fs/ess/PAS2301/Data/Speech/MOS_datasets/singmos/DATA/wav/voicemos2024-track2-sys0033-utt0084.wav,sys0033,voicemos2024-track2-sys0033-utt0084,5.0
/fs/ess/PAS2301/Data/Speech/MOS_datasets/singmos/DATA/wav/voicemos2024-track2-sys0033-utt0085.wav,sys0033,voicemos2024-track2-sys0033-utt0085,5.0
/fs/ess/PAS2301/Data/Speech/MOS_datasets/singmos/DATA/wav/voicemos2024-track2-sys0033-utt0086.wav,sys0033,voicemos2024-track2-sys0033-utt0086,5.0
/fs/ess/PAS2301/Data/Speech/MOS_datasets/singmos/DATA/wav/voicemos2024-track2-sys0033-utt0087.wav,sys0033,voicemos2024-track2-sys0033-utt0087,5.0
/fs/ess/PAS2301/Data/Speech/MOS_datasets/singmos/DATA/wav/voicemos2024-track2-sys0033-utt0089.wav,sys0033,voicemos2024-track2-sys0033-utt0089,4.0
/fs/ess/PAS2301/Data/Speech/MOS_datasets/singmos/DATA/wav/voicemos2024-track2-sys0033-utt0090.wav,sys0033,voicemos2024-track2-sys0033-utt0090,4.2
/fs/ess/PAS2301/Data/Speech/MOS_datasets/singmos/DATA/wav/voicemos2024-track2-sys0033-utt0092.wav,sys0033,voicemos2024-track2-sys0033-utt0092,4.0
/fs/ess/PAS2301/Data/Speech/MOS_datasets/singmos/DATA/wav/voicemos2024-track2-sys0033-utt0093.wav,sys0033,voicemos2024-track2-sys0033-utt0093,4.6
/fs/ess/PAS2301/Data/Speech/MOS_datasets/singmos/DATA/wav/voicemos2024-track2-sys0033-utt0094.wav,sys0033,voicemos2024-track2-sys0033-utt0094,3.0
/fs/ess/PAS2301/Data/Speech/MOS_datasets/singmos/DATA/wav/voicemos2024-track2-sys0033-utt0095.wav,sys0033,voicemos2024-track2-sys0033-utt0095,4.4
/fs/ess/PAS2301/Data/Speech/MOS_datasets/singmos/DATA/wav/voicemos2024-track2-sys0033-utt0096.wav,sys0033,voicemos2024-track2-sys0033-utt0096,4.4
/fs/ess/PAS2301/Data/Speech/MOS_datasets/singmos/DATA/wav/voicemos2024-track2-sys0033-utt0097.wav,sys0033,voicemos2024-track2-sys0033-utt0097,4.0
/fs/ess/PAS2301/Data/Speech/MOS_datasets/singmos/DATA/wav/voicemos2024-track2-sys0034-utt0001.wav,sys0034,voicemos2024-track2-sys0034-utt0001,3.0
/fs/ess/PAS2301/Data/Speech/MOS_datasets/singmos/DATA/wav/voicemos2024-track2-sys0034-utt0003.wav,sys0034,voicemos2024-track2-sys0034-utt0003,3.4
/fs/ess/PAS2301/Data/Speech/MOS_datasets/singmos/DATA/wav/voicemos2024-track2-sys0034-utt0004.wav,sys0034,voicemos2024-track2-sys0034-utt0004,4.0
/fs/ess/PAS2301/Data/Speech/MOS_datasets/singmos/DATA/wav/voicemos2024-track2-sys0034-utt0005.wav,sys0034,voicemos2024-track2-sys0034-utt0005,5.0
/fs/ess/PAS2301/Data/Speech/MOS_datasets/singmos/DATA/wav/voicemos2024-track2-sys0034-utt0007.wav,sys0034,voicemos2024-track2-sys0034-utt0007,3.0
/fs/ess/PAS2301/Data/Speech/MOS_datasets/singmos/DATA/wav/voicemos2024-track2-sys0034-utt0008.wav,sys0034,voicemos2024-track2-sys0034-utt0008,5.0
/fs/ess/PAS2301/Data/Speech/MOS_datasets/singmos/DATA/wav/voicemos2024-track2-sys0034-utt0010.wav,sys0034,voicemos2024-track2-sys0034-utt0010,5.0
/fs/ess/PAS2301/Data/Speech/MOS_datasets/singmos/DATA/wav/voicemos2024-track2-sys0034-utt0013.wav,sys0034,voicemos2024-track2-sys0034-utt0013,3.2
/fs/ess/PAS2301/Data/Speech/MOS_datasets/singmos/DATA/wav/voicemos2024-track2-sys0034-utt0015.wav,sys0034,voicemos2024-track2-sys0034-utt0015,4.0
/fs/ess/PAS2301/Data/Speech/MOS_datasets/singmos/DATA/wav/voicemos2024-track2-sys0034-utt0017.wav,sys0034,voicemos2024-track2-sys0034-utt0017,2.6
/fs/ess/PAS2301/Data/Speech/MOS_datasets/singmos/DATA/wav/voicemos2024-track2-sys0034-utt0022.wav,sys0034,voicemos2024-track2-sys0034-utt0022,3.4
/fs/ess/PAS2301/Data/Speech/MOS_datasets/singmos/DATA/wav/voicemos2024-track2-sys0034-utt0024.wav,sys0034,voicemos2024-track2-sys0034-utt0024,4.6
/fs/ess/PAS2301/Data/Speech/MOS_datasets/singmos/DATA/wav/voicemos2024-track2-sys0034-utt0025.wav,sys0034,voicemos2024-track2-sys0034-utt0025,3.0
/fs/ess/PAS2301/Data/Speech/MOS_datasets/singmos/DATA/wav/voicemos2024-track2-sys0034-utt0027.wav,sys0034,voicemos2024-track2-sys0034-utt0027,3.4
/fs/ess/PAS2301/Data/Speech/MOS_datasets/singmos/DATA/wav/voicemos2024-track2-sys0034-utt0028.wav,sys0034,voicemos2024-track2-sys0034-utt0028,5.0
/fs/ess/PAS2301/Data/Speech/MOS_datasets/singmos/DATA/wav/voicemos2024-track2-sys0034-utt0030.wav,sys0034,voicemos2024-track2-sys0034-utt0030,4.0
/fs/ess/PAS2301/Data/Speech/MOS_datasets/singmos/DATA/wav/voicemos2024-track2-sys0034-utt0036.wav,sys0034,voicemos2024-track2-sys0034-utt0036,4.8
/fs/ess/PAS2301/Data/Speech/MOS_datasets/singmos/DATA/wav/voicemos2024-track2-sys0034-utt0037.wav,sys0034,voicemos2024-track2-sys0034-utt0037,4.0
/fs/ess/PAS2301/Data/Speech/MOS_datasets/singmos/DATA/wav/voicemos2024-track2-sys0034-utt0039.wav,sys0034,voicemos2024-track2-sys0034-utt0039,5.0
/fs/ess/PAS2301/Data/Speech/MOS_datasets/singmos/DATA/wav/voicemos2024-track2-sys0034-utt0042.wav,sys0034,voicemos2024-track2-sys0034-utt0042,4.0
/fs/ess/PAS2301/Data/Speech/MOS_datasets/singmos/DATA/wav/voicemos2024-track2-sys0034-utt0043.wav,sys0034,voicemos2024-track2-sys0034-utt0043,5.0
/fs/ess/PAS2301/Data/Speech/MOS_datasets/singmos/DATA/wav/voicemos2024-track2-sys0034-utt0044.wav,sys0034,voicemos2024-track2-sys0034-utt0044,3.0
/fs/ess/PAS2301/Data/Speech/MOS_datasets/singmos/DATA/wav/voicemos2024-track2-sys0034-utt0045.wav,sys0034,voicemos2024-track2-sys0034-utt0045,4.0
/fs/ess/PAS2301/Data/Speech/MOS_datasets/singmos/DATA/wav/voicemos2024-track2-sys0034-utt0046.wav,sys0034,voicemos2024-track2-sys0034-utt0046,5.0
/fs/ess/PAS2301/Data/Speech/MOS_datasets/singmos/DATA/wav/voicemos2024-track2-sys0034-utt0047.wav,sys0034,voicemos2024-track2-sys0034-utt0047,4.0
/fs/ess/PAS2301/Data/Speech/MOS_datasets/singmos/DATA/wav/voicemos2024-track2-sys0034-utt0048.wav,sys0034,voicemos2024-track2-sys0034-utt0048,3.2
/fs/ess/PAS2301/Data/Speech/MOS_datasets/singmos/DATA/wav/voicemos2024-track2-sys0034-utt0050.wav,sys0034,voicemos2024-track2-sys0034-utt0050,4.4
/fs/ess/PAS2301/Data/Speech/MOS_datasets/singmos/DATA/wav/voicemos2024-track2-sys0034-utt0054.wav,sys0034,voicemos2024-track2-sys0034-utt0054,5.0
/fs/ess/PAS2301/Data/Speech/MOS_datasets/singmos/DATA/wav/voicemos2024-track2-sys0034-utt0056.wav,sys0034,voicemos2024-track2-sys0034-utt0056,4.2
/fs/ess/PAS2301/Data/Speech/MOS_datasets/singmos/DATA/wav/voicemos2024-track2-sys0034-utt0059.wav,sys0034,voicemos2024-track2-sys0034-utt0059,3.0
/fs/ess/PAS2301/Data/Speech/MOS_datasets/singmos/DATA/wav/voicemos2024-track2-sys0034-utt0063.wav,sys0034,voicemos2024-track2-sys0034-utt0063,3.2
/fs/ess/PAS2301/Data/Speech/MOS_datasets/singmos/DATA/wav/voicemos2024-track2-sys0034-utt0064.wav,sys0034,voicemos2024-track2-sys0034-utt0064,3.4
/fs/ess/PAS2301/Data/Speech/MOS_datasets/singmos/DATA/wav/voicemos2024-track2-sys0034-utt0065.wav,sys0034,voicemos2024-track2-sys0034-utt0065,3.0
/fs/ess/PAS2301/Data/Speech/MOS_datasets/singmos/DATA/wav/voicemos2024-track2-sys0034-utt0067.wav,sys0034,voicemos2024-track2-sys0034-utt0067,4.8
/fs/ess/PAS2301/Data/Speech/MOS_datasets/singmos/DATA/wav/voicemos2024-track2-sys0034-utt0068.wav,sys0034,voicemos2024-track2-sys0034-utt0068,3.0
/fs/ess/PAS2301/Data/Speech/MOS_datasets/singmos/DATA/wav/voicemos2024-track2-sys0034-utt0069.wav,sys0034,voicemos2024-track2-sys0034-utt0069,3.2
/fs/ess/PAS2301/Data/Speech/MOS_datasets/singmos/DATA/wav/voicemos2024-track2-sys0034-utt0070.wav,sys0034,voicemos2024-track2-sys0034-utt0070,3.2
/fs/ess/PAS2301/Data/Speech/MOS_datasets/singmos/DATA/wav/voicemos2024-track2-sys0034-utt0072.wav,sys0034,voicemos2024-track2-sys0034-utt0072,3.4
/fs/ess/PAS2301/Data/Speech/MOS_datasets/singmos/DATA/wav/voicemos2024-track2-sys0034-utt0073.wav,sys0034,voicemos2024-track2-sys0034-utt0073,3.6
/fs/ess/PAS2301/Data/Speech/MOS_datasets/singmos/DATA/wav/voicemos2024-track2-sys0034-utt0074.wav,sys0034,voicemos2024-track2-sys0034-utt0074,4.2
/fs/ess/PAS2301/Data/Speech/MOS_datasets/singmos/DATA/wav/voicemos2024-track2-sys0034-utt0075.wav,sys0034,voicemos2024-track2-sys0034-utt0075,3.4
/fs/ess/PAS2301/Data/Speech/MOS_datasets/singmos/DATA/wav/voicemos2024-track2-sys0034-utt0076.wav,sys0034,voicemos2024-track2-sys0034-utt0076,3.0
/fs/ess/PAS2301/Data/Speech/MOS_datasets/singmos/DATA/wav/voicemos2024-track2-sys0034-utt0082.wav,sys0034,voicemos2024-track2-sys0034-utt0082,3.0
/fs/ess/PAS2301/Data/Speech/MOS_datasets/singmos/DATA/wav/voicemos2024-track2-sys0034-utt0085.wav,sys0034,voicemos2024-track2-sys0034-utt0085,5.0
/fs/ess/PAS2301/Data/Speech/MOS_datasets/singmos/DATA/wav/voicemos2024-track2-sys0034-utt0086.wav,sys0034,voicemos2024-track2-sys0034-utt0086,5.0
/fs/ess/PAS2301/Data/Speech/MOS_datasets/singmos/DATA/wav/voicemos2024-track2-sys0034-utt0087.wav,sys0034,voicemos2024-track2-sys0034-utt0087,4.4
/fs/ess/PAS2301/Data/Speech/MOS_datasets/singmos/DATA/wav/voicemos2024-track2-sys0034-utt0088.wav,sys0034,voicemos2024-track2-sys0034-utt0088,5.0
/fs/ess/PAS2301/Data/Speech/MOS_datasets/singmos/DATA/wav/voicemos2024-track2-sys0034-utt0090.wav,sys0034,voicemos2024-track2-sys0034-utt0090,4.0
/fs/ess/PAS2301/Data/Speech/MOS_datasets/singmos/DATA/wav/voicemos2024-track2-sys0034-utt0091.wav,sys0034,voicemos2024-track2-sys0034-utt0091,4.0
/fs/ess/PAS2301/Data/Speech/MOS_datasets/singmos/DATA/wav/voicemos2024-track2-sys0034-utt0092.wav,sys0034,voicemos2024-track2-sys0034-utt0092,4.0
/fs/ess/PAS2301/Data/Speech/MOS_datasets/singmos/DATA/wav/voicemos2024-track2-sys0034-utt0093.wav,sys0034,voicemos2024-track2-sys0034-utt0093,4.4
/fs/ess/PAS2301/Data/Speech/MOS_datasets/singmos/DATA/wav/voicemos2024-track2-sys0034-utt0094.wav,sys0034,voicemos2024-track2-sys0034-utt0094,5.0
/fs/ess/PAS2301/Data/Speech/MOS_datasets/singmos/DATA/wav/voicemos2024-track2-sys0034-utt0095.wav,sys0034,voicemos2024-track2-sys0034-utt0095,3.0
/fs/ess/PAS2301/Data/Speech/MOS_datasets/singmos/DATA/wav/voicemos2024-track2-sys0034-utt0098.wav,sys0034,voicemos2024-track2-sys0034-utt0098,5.0
/fs/ess/PAS2301/Data/Speech/MOS_datasets/singmos/DATA/wav/voicemos2024-track2-sys0035-utt0001.wav,sys0035,voicemos2024-track2-sys0035-utt0001,5.0
/fs/ess/PAS2301/Data/Speech/MOS_datasets/singmos/DATA/wav/voicemos2024-track2-sys0035-utt0002.wav,sys0035,voicemos2024-track2-sys0035-utt0002,4.0
/fs/ess/PAS2301/Data/Speech/MOS_datasets/singmos/DATA/wav/voicemos2024-track2-sys0035-utt0003.wav,sys0035,voicemos2024-track2-sys0035-utt0003,4.2
/fs/ess/PAS2301/Data/Speech/MOS_datasets/singmos/DATA/wav/voicemos2024-track2-sys0035-utt0004.wav,sys0035,voicemos2024-track2-sys0035-utt0004,5.0
/fs/ess/PAS2301/Data/Speech/MOS_datasets/singmos/DATA/wav/voicemos2024-track2-sys0035-utt0005.wav,sys0035,voicemos2024-track2-sys0035-utt0005,4.8
/fs/ess/PAS2301/Data/Speech/MOS_datasets/singmos/DATA/wav/voicemos2024-track2-sys0035-utt0006.wav,sys0035,voicemos2024-track2-sys0035-utt0006,5.0
/fs/ess/PAS2301/Data/Speech/MOS_datasets/singmos/DATA/wav/voicemos2024-track2-sys0035-utt0009.wav,sys0035,voicemos2024-track2-sys0035-utt0009,5.0
/fs/ess/PAS2301/Data/Speech/MOS_datasets/singmos/DATA/wav/voicemos2024-track2-sys0035-utt0010.wav,sys0035,voicemos2024-track2-sys0035-utt0010,4.0
/fs/ess/PAS2301/Data/Speech/MOS_datasets/singmos/DATA/wav/voicemos2024-track2-sys0035-utt0011.wav,sys0035,voicemos2024-track2-sys0035-utt0011,3.0
/fs/ess/PAS2301/Data/Speech/MOS_datasets/singmos/DATA/wav/voicemos2024-track2-sys0035-utt0012.wav,sys0035,voicemos2024-track2-sys0035-utt0012,4.0
/fs/ess/PAS2301/Data/Speech/MOS_datasets/singmos/DATA/wav/voicemos2024-track2-sys0035-utt0013.wav,sys0035,voicemos2024-track2-sys0035-utt0013,3.0
/fs/ess/PAS2301/Data/Speech/MOS_datasets/singmos/DATA/wav/voicemos2024-track2-sys0035-utt0015.wav,sys0035,voicemos2024-track2-sys0035-utt0015,4.4
/fs/ess/PAS2301/Data/Speech/MOS_datasets/singmos/DATA/wav/voicemos2024-track2-sys0035-utt0016.wav,sys0035,voicemos2024-track2-sys0035-utt0016,4.0
/fs/ess/PAS2301/Data/Speech/MOS_datasets/singmos/DATA/wav/voicemos2024-track2-sys0035-utt0017.wav,sys0035,voicemos2024-track2-sys0035-utt0017,4.6
/fs/ess/PAS2301/Data/Speech/MOS_datasets/singmos/DATA/wav/voicemos2024-track2-sys0035-utt0018.wav,sys0035,voicemos2024-track2-sys0035-utt0018,4.0
/fs/ess/PAS2301/Data/Speech/MOS_datasets/singmos/DATA/wav/voicemos2024-track2-sys0035-utt0019.wav,sys0035,voicemos2024-track2-sys0035-utt0019,5.0
/fs/ess/PAS2301/Data/Speech/MOS_datasets/singmos/DATA/wav/voicemos2024-track2-sys0035-utt0020.wav,sys0035,voicemos2024-track2-sys0035-utt0020,4.6
/fs/ess/PAS2301/Data/Speech/MOS_datasets/singmos/DATA/wav/voicemos2024-track2-sys0035-utt0021.wav,sys0035,voicemos2024-track2-sys0035-utt0021,5.0
/fs/ess/PAS2301/Data/Speech/MOS_datasets/singmos/DATA/wav/voicemos2024-track2-sys0035-utt0022.wav,sys0035,voicemos2024-track2-sys0035-utt0022,4.0
/fs/ess/PAS2301/Data/Speech/MOS_datasets/singmos/DATA/wav/voicemos2024-track2-sys0035-utt0023.wav,sys0035,voicemos2024-track2-sys0035-utt0023,4.0
/fs/ess/PAS2301/Data/Speech/MOS_datasets/singmos/DATA/wav/voicemos2024-track2-sys0035-utt0024.wav,sys0035,voicemos2024-track2-sys0035-utt0024,4.6
/fs/ess/PAS2301/Data/Speech/MOS_datasets/singmos/DATA/wav/voicemos2024-track2-sys0035-utt0027.wav,sys0035,voicemos2024-track2-sys0035-utt0027,4.0
/fs/ess/PAS2301/Data/Speech/MOS_datasets/singmos/DATA/wav/voicemos2024-track2-sys0035-utt0029.wav,sys0035,voicemos2024-track2-sys0035-utt0029,4.4
/fs/ess/PAS2301/Data/Speech/MOS_datasets/singmos/DATA/wav/voicemos2024-track2-sys0035-utt0031.wav,sys0035,voicemos2024-track2-sys0035-utt0031,4.4
/fs/ess/PAS2301/Data/Speech/MOS_datasets/singmos/DATA/wav/voicemos2024-track2-sys0035-utt0032.wav,sys0035,voicemos2024-track2-sys0035-utt0032,4.0
/fs/ess/PAS2301/Data/Speech/MOS_datasets/singmos/DATA/wav/voicemos2024-track2-sys0035-utt0033.wav,sys0035,voicemos2024-track2-sys0035-utt0033,5.0
/fs/ess/PAS2301/Data/Speech/MOS_datasets/singmos/DATA/wav/voicemos2024-track2-sys0035-utt0034.wav,sys0035,voicemos2024-track2-sys0035-utt0034,5.0
/fs/ess/PAS2301/Data/Speech/MOS_datasets/singmos/DATA/wav/voicemos2024-track2-sys0035-utt0035.wav,sys0035,voicemos2024-track2-sys0035-utt0035,5.0
/fs/ess/PAS2301/Data/Speech/MOS_datasets/singmos/DATA/wav/voicemos2024-track2-sys0035-utt0037.wav,sys0035,voicemos2024-track2-sys0035-utt0037,4.0
/fs/ess/PAS2301/Data/Speech/MOS_datasets/singmos/DATA/wav/voicemos2024-track2-sys0035-utt0038.wav,sys0035,voicemos2024-track2-sys0035-utt0038,5.0
/fs/ess/PAS2301/Data/Speech/MOS_datasets/singmos/DATA/wav/voicemos2024-track2-sys0035-utt0040.wav,sys0035,voicemos2024-track2-sys0035-utt0040,4.0
/fs/ess/PAS2301/Data/Speech/MOS_datasets/singmos/DATA/wav/voicemos2024-track2-sys0035-utt0041.wav,sys0035,voicemos2024-track2-sys0035-utt0041,4.0
/fs/ess/PAS2301/Data/Speech/MOS_datasets/singmos/DATA/wav/voicemos2024-track2-sys0035-utt0045.wav,sys0035,voicemos2024-track2-sys0035-utt0045,4.6
/fs/ess/PAS2301/Data/Speech/MOS_datasets/singmos/DATA/wav/voicemos2024-track2-sys0035-utt0046.wav,sys0035,voicemos2024-track2-sys0035-utt0046,5.0
/fs/ess/PAS2301/Data/Speech/MOS_datasets/singmos/DATA/wav/voicemos2024-track2-sys0035-utt0048.wav,sys0035,voicemos2024-track2-sys0035-utt0048,5.0
/fs/ess/PAS2301/Data/Speech/MOS_datasets/singmos/DATA/wav/voicemos2024-track2-sys0035-utt0049.wav,sys0035,voicemos2024-track2-sys0035-utt0049,5.0
/fs/ess/PAS2301/Data/Speech/MOS_datasets/singmos/DATA/wav/voicemos2024-track2-sys0035-utt0051.wav,sys0035,voicemos2024-track2-sys0035-utt0051,4.0
/fs/ess/PAS2301/Data/Speech/MOS_datasets/singmos/DATA/wav/voicemos2024-track2-sys0035-utt0052.wav,sys0035,voicemos2024-track2-sys0035-utt0052,4.0
/fs/ess/PAS2301/Data/Speech/MOS_datasets/singmos/DATA/wav/voicemos2024-track2-sys0035-utt0053.wav,sys0035,voicemos2024-track2-sys0035-utt0053,5.0
/fs/ess/PAS2301/Data/Speech/MOS_datasets/singmos/DATA/wav/voicemos2024-track2-sys0035-utt0055.wav,sys0035,voicemos2024-track2-sys0035-utt0055,5.0
/fs/ess/PAS2301/Data/Speech/MOS_datasets/singmos/DATA/wav/voicemos2024-track2-sys0035-utt0056.wav,sys0035,voicemos2024-track2-sys0035-utt0056,5.0
/fs/ess/PAS2301/Data/Speech/MOS_datasets/singmos/DATA/wav/voicemos2024-track2-sys0035-utt0057.wav,sys0035,voicemos2024-track2-sys0035-utt0057,5.0
/fs/ess/PAS2301/Data/Speech/MOS_datasets/singmos/DATA/wav/voicemos2024-track2-sys0035-utt0059.wav,sys0035,voicemos2024-track2-sys0035-utt0059,3.0
/fs/ess/PAS2301/Data/Speech/MOS_datasets/singmos/DATA/wav/voicemos2024-track2-sys0035-utt0061.wav,sys0035,voicemos2024-track2-sys0035-utt0061,4.2
/fs/ess/PAS2301/Data/Speech/MOS_datasets/singmos/DATA/wav/voicemos2024-track2-sys0035-utt0062.wav,sys0035,voicemos2024-track2-sys0035-utt0062,4.2
/fs/ess/PAS2301/Data/Speech/MOS_datasets/singmos/DATA/wav/voicemos2024-track2-sys0035-utt0063.wav,sys0035,voicemos2024-track2-sys0035-utt0063,3.2
/fs/ess/PAS2301/Data/Speech/MOS_datasets/singmos/DATA/wav/voicemos2024-track2-sys0035-utt0066.wav,sys0035,voicemos2024-track2-sys0035-utt0066,4.2
/fs/ess/PAS2301/Data/Speech/MOS_datasets/singmos/DATA/wav/voicemos2024-track2-sys0035-utt0068.wav,sys0035,voicemos2024-track2-sys0035-utt0068,5.0
/fs/ess/PAS2301/Data/Speech/MOS_datasets/singmos/DATA/wav/voicemos2024-track2-sys0035-utt0069.wav,sys0035,voicemos2024-track2-sys0035-utt0069,3.8
/fs/ess/PAS2301/Data/Speech/MOS_datasets/singmos/DATA/wav/voicemos2024-track2-sys0035-utt0070.wav,sys0035,voicemos2024-track2-sys0035-utt0070,4.0
/fs/ess/PAS2301/Data/Speech/MOS_datasets/singmos/DATA/wav/voicemos2024-track2-sys0035-utt0071.wav,sys0035,voicemos2024-track2-sys0035-utt0071,4.0
/fs/ess/PAS2301/Data/Speech/MOS_datasets/singmos/DATA/wav/voicemos2024-track2-sys0035-utt0072.wav,sys0035,voicemos2024-track2-sys0035-utt0072,5.0
/fs/ess/PAS2301/Data/Speech/MOS_datasets/singmos/DATA/wav/voicemos2024-track2-sys0035-utt0073.wav,sys0035,voicemos2024-track2-sys0035-utt0073,4.2
/fs/ess/PAS2301/Data/Speech/MOS_datasets/singmos/DATA/wav/voicemos2024-track2-sys0035-utt0074.wav,sys0035,voicemos2024-track2-sys0035-utt0074,4.0
/fs/ess/PAS2301/Data/Speech/MOS_datasets/singmos/DATA/wav/voicemos2024-track2-sys0035-utt0075.wav,sys0035,voicemos2024-track2-sys0035-utt0075,3.8
/fs/ess/PAS2301/Data/Speech/MOS_datasets/singmos/DATA/wav/voicemos2024-track2-sys0035-utt0076.wav,sys0035,voicemos2024-track2-sys0035-utt0076,3.0
/fs/ess/PAS2301/Data/Speech/MOS_datasets/singmos/DATA/wav/voicemos2024-track2-sys0035-utt0078.wav,sys0035,voicemos2024-track2-sys0035-utt0078,3.2
/fs/ess/PAS2301/Data/Speech/MOS_datasets/singmos/DATA/wav/voicemos2024-track2-sys0035-utt0080.wav,sys0035,voicemos2024-track2-sys0035-utt0080,5.0
/fs/ess/PAS2301/Data/Speech/MOS_datasets/singmos/DATA/wav/voicemos2024-track2-sys0035-utt0082.wav,sys0035,voicemos2024-track2-sys0035-utt0082,4.6
/fs/ess/PAS2301/Data/Speech/MOS_datasets/singmos/DATA/wav/voicemos2024-track2-sys0035-utt0083.wav,sys0035,voicemos2024-track2-sys0035-utt0083,4.4
/fs/ess/PAS2301/Data/Speech/MOS_datasets/singmos/DATA/wav/voicemos2024-track2-sys0035-utt0084.wav,sys0035,voicemos2024-track2-sys0035-utt0084,5.0
/fs/ess/PAS2301/Data/Speech/MOS_datasets/singmos/DATA/wav/voicemos2024-track2-sys0035-utt0085.wav,sys0035,voicemos2024-track2-sys0035-utt0085,5.0
/fs/ess/PAS2301/Data/Speech/MOS_datasets/singmos/DATA/wav/voicemos2024-track2-sys0035-utt0086.wav,sys0035,voicemos2024-track2-sys0035-utt0086,4.6
/fs/ess/PAS2301/Data/Speech/MOS_datasets/singmos/DATA/wav/voicemos2024-track2-sys0035-utt0087.wav,sys0035,voicemos2024-track2-sys0035-utt0087,4.6
/fs/ess/PAS2301/Data/Speech/MOS_datasets/singmos/DATA/wav/voicemos2024-track2-sys0035-utt0093.wav,sys0035,voicemos2024-track2-sys0035-utt0093,5.0
/fs/ess/PAS2301/Data/Speech/MOS_datasets/singmos/DATA/wav/voicemos2024-track2-sys0035-utt0094.wav,sys0035,voicemos2024-track2-sys0035-utt0094,4.0
/fs/ess/PAS2301/Data/Speech/MOS_datasets/singmos/DATA/wav/voicemos2024-track2-sys0035-utt0095.wav,sys0035,voicemos2024-track2-sys0035-utt0095,4.0
/fs/ess/PAS2301/Data/Speech/MOS_datasets/singmos/DATA/wav/voicemos2024-track2-sys0035-utt0096.wav,sys0035,voicemos2024-track2-sys0035-utt0096,4.6
