wav_path,system_id,sample_id,score,listener_id,domain_idx
/fs/ess/PAS2301/Data/Speech/MOS_datasets/nisqa/NISQA_TRAIN_LIVE/deg_16000/book_00000_chp_0009_reader_06709_17_seg_live_phone_1.wav,1.0,book_00000_chp_0009_reader_06709_17_seg_live_phone_1,2.75,,1
/fs/ess/PAS2301/Data/Speech/MOS_datasets/nisqa/NISQA_TRAIN_LIVE/deg_16000/book_00000_chp_0009_reader_06709_17_seg_live_phone_600.wav,2.0,book_00000_chp_0009_reader_06709_17_seg_live_phone_600,2.8,,1
/fs/ess/PAS2301/Data/Speech/MOS_datasets/nisqa/NISQA_TRAIN_LIVE/deg_16000/book_00000_chp_0009_reader_06709_17_seg_live_skype_1.wav,3.0,book_00000_chp_0009_reader_06709_17_seg_live_skype_1,3.2,,1
/fs/ess/PAS2301/Data/Speech/MOS_datasets/nisqa/NISQA_TRAIN_LIVE/deg_16000/book_00000_chp_0009_reader_06709_17_seg_live_skype_600.wav,4.0,book_00000_chp_0009_reader_06709_17_seg_live_skype_600,3.4,,1
/fs/ess/PAS2301/Data/Speech/MOS_datasets/nisqa/NISQA_TRAIN_LIVE/deg_16000/book_00007_chp_0008_reader_01326_58_seg_live_phone_2.wav,5.0,book_00007_chp_0008_reader_01326_58_seg_live_phone_2,1.8,,1
/fs/ess/PAS2301/Data/Speech/MOS_datasets/nisqa/NISQA_TRAIN_LIVE/deg_16000/book_00007_chp_0008_reader_01326_58_seg_live_phone_601.wav,6.0,book_00007_chp_0008_reader_01326_58_seg_live_phone_601,1.0,,1
/fs/ess/PAS2301/Data/Speech/MOS_datasets/nisqa/NISQA_TRAIN_LIVE/deg_16000/book_00007_chp_0008_reader_01326_58_seg_live_skype_2.wav,7.0,book_00007_chp_0008_reader_01326_58_seg_live_skype_2,2.0,,1
/fs/ess/PAS2301/Data/Speech/MOS_datasets/nisqa/NISQA_TRAIN_LIVE/deg_16000/book_00007_chp_0008_reader_01326_58_seg_live_skype_601.wav,8.0,book_00007_chp_0008_reader_01326_58_seg_live_skype_601,1.4,,1
/fs/ess/PAS2301/Data/Speech/MOS_datasets/nisqa/NISQA_TRAIN_LIVE/deg_16000/book_00007_chp_0008_reader_01326_7_seg_live_phone_3.wav,9.0,book_00007_chp_0008_reader_01326_7_seg_live_phone_3,2.8,,1
/fs/ess/PAS2301/Data/Speech/MOS_datasets/nisqa/NISQA_TRAIN_LIVE/deg_16000/book_00007_chp_0008_reader_01326_7_seg_live_phone_602.wav,10.0,book_00007_chp_0008_reader_01326_7_seg_live_phone_602,1.4,,1
/fs/ess/PAS2301/Data/Speech/MOS_datasets/nisqa/NISQA_TRAIN_LIVE/deg_16000/book_00007_chp_0008_reader_01326_7_seg_live_skype_3.wav,11.0,book_00007_chp_0008_reader_01326_7_seg_live_skype_3,1.6,,1
/fs/ess/PAS2301/Data/Speech/MOS_datasets/nisqa/NISQA_TRAIN_LIVE/deg_16000/book_00007_chp_0008_reader_01326_7_seg_live_skype_602.wav,12.0,book_00007_chp_0008_reader_01326_7_seg_live_skype_602,2.2,,1
/fs/ess/PAS2301/Data/Speech/MOS_datasets/nisqa/NISQA_TRAIN_LIVE/deg_16000/book_00028_chp_0015_reader_08897_0_seg_live_phone_4.wav,13.0,book_00028_chp_0015_reader_08897_0_seg_live_phone_4,2.0,,1
/fs/ess/PAS2301/Data/Speech/MOS_datasets/nisqa/NISQA_TRAIN_LIVE/deg_16000/book_00028_chp_0015_reader_08897_0_seg_live_phone_603.wav,14.0,book_00028_chp_0015_reader_08897_0_seg_live_phone_603,2.0,,1
/fs/ess/PAS2301/Data/Speech/MOS_datasets/nisqa/NISQA_TRAIN_LIVE/deg_16000/book_00028_chp_0015_reader_08897_0_seg_live_skype_4.wav,15.0,book_00028_chp_0015_reader_08897_0_seg_live_skype_4,2.2,,1
/fs/ess/PAS2301/Data/Speech/MOS_datasets/nisqa/NISQA_TRAIN_LIVE/deg_16000/book_00028_chp_0015_reader_08897_0_seg_live_skype_603.wav,16.0,book_00028_chp_0015_reader_08897_0_seg_live_skype_603,1.8,,1
/fs/ess/PAS2301/Data/Speech/MOS_datasets/nisqa/NISQA_TRAIN_LIVE/deg_16000/book_00053_chp_0013_reader_05953_12_seg_live_phone_5.wav,17.0,book_00053_chp_0013_reader_05953_12_seg_live_phone_5,2.8,,1
/fs/ess/PAS2301/Data/Speech/MOS_datasets/nisqa/NISQA_TRAIN_LIVE/deg_16000/book_00053_chp_0013_reader_05953_12_seg_live_phone_604.wav,18.0,book_00053_chp_0013_reader_05953_12_seg_live_phone_604,1.4,,1
/fs/ess/PAS2301/Data/Speech/MOS_datasets/nisqa/NISQA_TRAIN_LIVE/deg_16000/book_00053_chp_0013_reader_05953_12_seg_live_skype_5.wav,19.0,book_00053_chp_0013_reader_05953_12_seg_live_skype_5,2.8,,1
/fs/ess/PAS2301/Data/Speech/MOS_datasets/nisqa/NISQA_TRAIN_LIVE/deg_16000/book_00053_chp_0013_reader_05953_12_seg_live_skype_604.wav,20.0,book_00053_chp_0013_reader_05953_12_seg_live_skype_604,1.2,,1
/fs/ess/PAS2301/Data/Speech/MOS_datasets/nisqa/NISQA_TRAIN_LIVE/deg_16000/book_00081_chp_0018_reader_01595_26_seg_live_phone_606.wav,21.0,book_00081_chp_0018_reader_01595_26_seg_live_phone_606,2.6,,1
/fs/ess/PAS2301/Data/Speech/MOS_datasets/nisqa/NISQA_TRAIN_LIVE/deg_16000/book_00081_chp_0018_reader_01595_26_seg_live_phone_7.wav,22.0,book_00081_chp_0018_reader_01595_26_seg_live_phone_7,2.0,,1
/fs/ess/PAS2301/Data/Speech/MOS_datasets/nisqa/NISQA_TRAIN_LIVE/deg_16000/book_00081_chp_0018_reader_01595_26_seg_live_skype_606.wav,23.0,book_00081_chp_0018_reader_01595_26_seg_live_skype_606,2.875,,1
/fs/ess/PAS2301/Data/Speech/MOS_datasets/nisqa/NISQA_TRAIN_LIVE/deg_16000/book_00081_chp_0018_reader_01595_26_seg_live_skype_7.wav,24.0,book_00081_chp_0018_reader_01595_26_seg_live_skype_7,2.0,,1
/fs/ess/PAS2301/Data/Speech/MOS_datasets/nisqa/NISQA_TRAIN_LIVE/deg_16000/book_00084_chp_0006_reader_04891_15_seg_live_phone_607.wav,25.0,book_00084_chp_0006_reader_04891_15_seg_live_phone_607,1.25,,1
/fs/ess/PAS2301/Data/Speech/MOS_datasets/nisqa/NISQA_TRAIN_LIVE/deg_16000/book_00084_chp_0006_reader_04891_15_seg_live_phone_8.wav,26.0,book_00084_chp_0006_reader_04891_15_seg_live_phone_8,1.77777777777778,,1
/fs/ess/PAS2301/Data/Speech/MOS_datasets/nisqa/NISQA_TRAIN_LIVE/deg_16000/book_00084_chp_0006_reader_04891_15_seg_live_skype_607.wav,27.0,book_00084_chp_0006_reader_04891_15_seg_live_skype_607,1.6,,1
/fs/ess/PAS2301/Data/Speech/MOS_datasets/nisqa/NISQA_TRAIN_LIVE/deg_16000/book_00084_chp_0006_reader_04891_15_seg_live_skype_8.wav,28.0,book_00084_chp_0006_reader_04891_15_seg_live_skype_8,1.4,,1
/fs/ess/PAS2301/Data/Speech/MOS_datasets/nisqa/NISQA_TRAIN_LIVE/deg_16000/book_00084_chp_0006_reader_04891_43_seg_live_phone_608.wav,29.0,book_00084_chp_0006_reader_04891_43_seg_live_phone_608,1.4,,1
/fs/ess/PAS2301/Data/Speech/MOS_datasets/nisqa/NISQA_TRAIN_LIVE/deg_16000/book_00084_chp_0006_reader_04891_43_seg_live_phone_9.wav,30.0,book_00084_chp_0006_reader_04891_43_seg_live_phone_9,1.75,,1
/fs/ess/PAS2301/Data/Speech/MOS_datasets/nisqa/NISQA_TRAIN_LIVE/deg_16000/book_00084_chp_0006_reader_04891_43_seg_live_skype_608.wav,31.0,book_00084_chp_0006_reader_04891_43_seg_live_skype_608,1.0,,1
/fs/ess/PAS2301/Data/Speech/MOS_datasets/nisqa/NISQA_TRAIN_LIVE/deg_16000/book_00084_chp_0006_reader_04891_43_seg_live_skype_9.wav,32.0,book_00084_chp_0006_reader_04891_43_seg_live_skype_9,1.2,,1
/fs/ess/PAS2301/Data/Speech/MOS_datasets/nisqa/NISQA_TRAIN_LIVE/deg_16000/book_00128_chp_0064_reader_00927_19_seg_live_phone_11.wav,33.0,book_00128_chp_0064_reader_00927_19_seg_live_phone_11,1.7,,1
/fs/ess/PAS2301/Data/Speech/MOS_datasets/nisqa/NISQA_TRAIN_LIVE/deg_16000/book_00128_chp_0064_reader_00927_19_seg_live_phone_610.wav,34.0,book_00128_chp_0064_reader_00927_19_seg_live_phone_610,1.6,,1
/fs/ess/PAS2301/Data/Speech/MOS_datasets/nisqa/NISQA_TRAIN_LIVE/deg_16000/book_00128_chp_0064_reader_00927_19_seg_live_skype_11.wav,35.0,book_00128_chp_0064_reader_00927_19_seg_live_skype_11,2.0,,1
/fs/ess/PAS2301/Data/Speech/MOS_datasets/nisqa/NISQA_TRAIN_LIVE/deg_16000/book_00128_chp_0064_reader_00927_19_seg_live_skype_610.wav,36.0,book_00128_chp_0064_reader_00927_19_seg_live_skype_610,2.2,,1
/fs/ess/PAS2301/Data/Speech/MOS_datasets/nisqa/NISQA_TRAIN_LIVE/deg_16000/book_00162_chp_0028_reader_08756_4_seg_live_phone_12.wav,37.0,book_00162_chp_0028_reader_08756_4_seg_live_phone_12,2.85714285714286,,1
/fs/ess/PAS2301/Data/Speech/MOS_datasets/nisqa/NISQA_TRAIN_LIVE/deg_16000/book_00162_chp_0028_reader_08756_4_seg_live_phone_611.wav,38.0,book_00162_chp_0028_reader_08756_4_seg_live_phone_611,1.8,,1
/fs/ess/PAS2301/Data/Speech/MOS_datasets/nisqa/NISQA_TRAIN_LIVE/deg_16000/book_00162_chp_0028_reader_08756_4_seg_live_skype_12.wav,39.0,book_00162_chp_0028_reader_08756_4_seg_live_skype_12,2.4,,1
/fs/ess/PAS2301/Data/Speech/MOS_datasets/nisqa/NISQA_TRAIN_LIVE/deg_16000/book_00162_chp_0028_reader_08756_4_seg_live_skype_611.wav,40.0,book_00162_chp_0028_reader_08756_4_seg_live_skype_611,1.5,,1
/fs/ess/PAS2301/Data/Speech/MOS_datasets/nisqa/NISQA_TRAIN_LIVE/deg_16000/book_00164_chp_0011_reader_07639_3_seg_live_phone_13.wav,41.0,book_00164_chp_0011_reader_07639_3_seg_live_phone_13,2.4,,1
/fs/ess/PAS2301/Data/Speech/MOS_datasets/nisqa/NISQA_TRAIN_LIVE/deg_16000/book_00164_chp_0011_reader_07639_3_seg_live_phone_612.wav,42.0,book_00164_chp_0011_reader_07639_3_seg_live_phone_612,2.0,,1
/fs/ess/PAS2301/Data/Speech/MOS_datasets/nisqa/NISQA_TRAIN_LIVE/deg_16000/book_00164_chp_0011_reader_07639_3_seg_live_skype_13.wav,43.0,book_00164_chp_0011_reader_07639_3_seg_live_skype_13,3.0,,1
/fs/ess/PAS2301/Data/Speech/MOS_datasets/nisqa/NISQA_TRAIN_LIVE/deg_16000/book_00164_chp_0011_reader_07639_3_seg_live_skype_612.wav,44.0,book_00164_chp_0011_reader_07639_3_seg_live_skype_612,2.2,,1
/fs/ess/PAS2301/Data/Speech/MOS_datasets/nisqa/NISQA_TRAIN_LIVE/deg_16000/book_00166_chp_0026_reader_01339_0_seg_live_phone_14.wav,45.0,book_00166_chp_0026_reader_01339_0_seg_live_phone_14,1.8,,1
/fs/ess/PAS2301/Data/Speech/MOS_datasets/nisqa/NISQA_TRAIN_LIVE/deg_16000/book_00166_chp_0026_reader_01339_0_seg_live_phone_613.wav,46.0,book_00166_chp_0026_reader_01339_0_seg_live_phone_613,1.6,,1
/fs/ess/PAS2301/Data/Speech/MOS_datasets/nisqa/NISQA_TRAIN_LIVE/deg_16000/book_00166_chp_0026_reader_01339_0_seg_live_skype_14.wav,47.0,book_00166_chp_0026_reader_01339_0_seg_live_skype_14,1.5,,1
/fs/ess/PAS2301/Data/Speech/MOS_datasets/nisqa/NISQA_TRAIN_LIVE/deg_16000/book_00166_chp_0026_reader_01339_0_seg_live_skype_613.wav,48.0,book_00166_chp_0026_reader_01339_0_seg_live_skype_613,1.8,,1
/fs/ess/PAS2301/Data/Speech/MOS_datasets/nisqa/NISQA_TRAIN_LIVE/deg_16000/book_00167_chp_0022_reader_10001_5_seg_live_phone_15.wav,49.0,book_00167_chp_0022_reader_10001_5_seg_live_phone_15,2.2,,1
/fs/ess/PAS2301/Data/Speech/MOS_datasets/nisqa/NISQA_TRAIN_LIVE/deg_16000/book_00167_chp_0022_reader_10001_5_seg_live_phone_614.wav,50.0,book_00167_chp_0022_reader_10001_5_seg_live_phone_614,1.6,,1
/fs/ess/PAS2301/Data/Speech/MOS_datasets/nisqa/NISQA_TRAIN_LIVE/deg_16000/book_00167_chp_0022_reader_10001_5_seg_live_skype_15.wav,51.0,book_00167_chp_0022_reader_10001_5_seg_live_skype_15,1.42857142857143,,1
/fs/ess/PAS2301/Data/Speech/MOS_datasets/nisqa/NISQA_TRAIN_LIVE/deg_16000/book_00167_chp_0022_reader_10001_5_seg_live_skype_614.wav,52.0,book_00167_chp_0022_reader_10001_5_seg_live_skype_614,2.0,,1
/fs/ess/PAS2301/Data/Speech/MOS_datasets/nisqa/NISQA_TRAIN_LIVE/deg_16000/book_00194_chp_0064_reader_09510_2_seg_live_phone_16.wav,53.0,book_00194_chp_0064_reader_09510_2_seg_live_phone_16,2.0,,1
/fs/ess/PAS2301/Data/Speech/MOS_datasets/nisqa/NISQA_TRAIN_LIVE/deg_16000/book_00194_chp_0064_reader_09510_2_seg_live_phone_615.wav,54.0,book_00194_chp_0064_reader_09510_2_seg_live_phone_615,1.0,,1
/fs/ess/PAS2301/Data/Speech/MOS_datasets/nisqa/NISQA_TRAIN_LIVE/deg_16000/book_00194_chp_0064_reader_09510_2_seg_live_skype_16.wav,55.0,book_00194_chp_0064_reader_09510_2_seg_live_skype_16,2.2,,1
/fs/ess/PAS2301/Data/Speech/MOS_datasets/nisqa/NISQA_TRAIN_LIVE/deg_16000/book_00194_chp_0064_reader_09510_2_seg_live_skype_615.wav,56.0,book_00194_chp_0064_reader_09510_2_seg_live_skype_615,1.6,,1
/fs/ess/PAS2301/Data/Speech/MOS_datasets/nisqa/NISQA_TRAIN_LIVE/deg_16000/book_00194_chp_0071_reader_00639_3_seg_live_phone_17.wav,57.0,book_00194_chp_0071_reader_00639_3_seg_live_phone_17,3.2,,1
/fs/ess/PAS2301/Data/Speech/MOS_datasets/nisqa/NISQA_TRAIN_LIVE/deg_16000/book_00194_chp_0071_reader_00639_3_seg_live_phone_616.wav,58.0,book_00194_chp_0071_reader_00639_3_seg_live_phone_616,1.2,,1
/fs/ess/PAS2301/Data/Speech/MOS_datasets/nisqa/NISQA_TRAIN_LIVE/deg_16000/book_00194_chp_0071_reader_00639_3_seg_live_skype_17.wav,59.0,book_00194_chp_0071_reader_00639_3_seg_live_skype_17,3.0,,1
/fs/ess/PAS2301/Data/Speech/MOS_datasets/nisqa/NISQA_TRAIN_LIVE/deg_16000/book_00194_chp_0071_reader_00639_3_seg_live_skype_616.wav,60.0,book_00194_chp_0071_reader_00639_3_seg_live_skype_616,1.4,,1
/fs/ess/PAS2301/Data/Speech/MOS_datasets/nisqa/NISQA_TRAIN_LIVE/deg_16000/book_00199_chp_0010_reader_05540_1_seg_live_phone_18.wav,61.0,book_00199_chp_0010_reader_05540_1_seg_live_phone_18,1.25,,1
/fs/ess/PAS2301/Data/Speech/MOS_datasets/nisqa/NISQA_TRAIN_LIVE/deg_16000/book_00199_chp_0010_reader_05540_1_seg_live_phone_617.wav,62.0,book_00199_chp_0010_reader_05540_1_seg_live_phone_617,1.2,,1
/fs/ess/PAS2301/Data/Speech/MOS_datasets/nisqa/NISQA_TRAIN_LIVE/deg_16000/book_00199_chp_0010_reader_05540_1_seg_live_skype_18.wav,63.0,book_00199_chp_0010_reader_05540_1_seg_live_skype_18,1.6,,1
/fs/ess/PAS2301/Data/Speech/MOS_datasets/nisqa/NISQA_TRAIN_LIVE/deg_16000/book_00199_chp_0010_reader_05540_1_seg_live_skype_617.wav,64.0,book_00199_chp_0010_reader_05540_1_seg_live_skype_617,1.22222222222222,,1
/fs/ess/PAS2301/Data/Speech/MOS_datasets/nisqa/NISQA_TRAIN_LIVE/deg_16000/book_00255_chp_0010_reader_04471_3_seg_live_phone_19.wav,65.0,book_00255_chp_0010_reader_04471_3_seg_live_phone_19,1.5,,1
/fs/ess/PAS2301/Data/Speech/MOS_datasets/nisqa/NISQA_TRAIN_LIVE/deg_16000/book_00255_chp_0010_reader_04471_3_seg_live_phone_618.wav,66.0,book_00255_chp_0010_reader_04471_3_seg_live_phone_618,1.2,,1
/fs/ess/PAS2301/Data/Speech/MOS_datasets/nisqa/NISQA_TRAIN_LIVE/deg_16000/book_00255_chp_0010_reader_04471_3_seg_live_skype_19.wav,67.0,book_00255_chp_0010_reader_04471_3_seg_live_skype_19,1.625,,1
/fs/ess/PAS2301/Data/Speech/MOS_datasets/nisqa/NISQA_TRAIN_LIVE/deg_16000/book_00255_chp_0010_reader_04471_3_seg_live_skype_618.wav,68.0,book_00255_chp_0010_reader_04471_3_seg_live_skype_618,1.6,,1
/fs/ess/PAS2301/Data/Speech/MOS_datasets/nisqa/NISQA_TRAIN_LIVE/deg_16000/book_00326_chp_0021_reader_01025_17_seg_live_phone_20.wav,69.0,book_00326_chp_0021_reader_01025_17_seg_live_phone_20,2.6,,1
/fs/ess/PAS2301/Data/Speech/MOS_datasets/nisqa/NISQA_TRAIN_LIVE/deg_16000/book_00326_chp_0021_reader_01025_17_seg_live_phone_619.wav,70.0,book_00326_chp_0021_reader_01025_17_seg_live_phone_619,1.0,,1
/fs/ess/PAS2301/Data/Speech/MOS_datasets/nisqa/NISQA_TRAIN_LIVE/deg_16000/book_00326_chp_0021_reader_01025_17_seg_live_skype_20.wav,71.0,book_00326_chp_0021_reader_01025_17_seg_live_skype_20,2.4,,1
/fs/ess/PAS2301/Data/Speech/MOS_datasets/nisqa/NISQA_TRAIN_LIVE/deg_16000/book_00326_chp_0021_reader_01025_17_seg_live_skype_619.wav,72.0,book_00326_chp_0021_reader_01025_17_seg_live_skype_619,2.4,,1
/fs/ess/PAS2301/Data/Speech/MOS_datasets/nisqa/NISQA_TRAIN_LIVE/deg_16000/book_00334_chp_0004_reader_01098_4_seg_live_phone_21.wav,73.0,book_00334_chp_0004_reader_01098_4_seg_live_phone_21,2.4,,1
/fs/ess/PAS2301/Data/Speech/MOS_datasets/nisqa/NISQA_TRAIN_LIVE/deg_16000/book_00334_chp_0004_reader_01098_4_seg_live_phone_620.wav,74.0,book_00334_chp_0004_reader_01098_4_seg_live_phone_620,1.0,,1
/fs/ess/PAS2301/Data/Speech/MOS_datasets/nisqa/NISQA_TRAIN_LIVE/deg_16000/book_00334_chp_0004_reader_01098_4_seg_live_skype_21.wav,75.0,book_00334_chp_0004_reader_01098_4_seg_live_skype_21,2.8,,1
/fs/ess/PAS2301/Data/Speech/MOS_datasets/nisqa/NISQA_TRAIN_LIVE/deg_16000/book_00334_chp_0004_reader_01098_4_seg_live_skype_620.wav,76.0,book_00334_chp_0004_reader_01098_4_seg_live_skype_620,2.0,,1
/fs/ess/PAS2301/Data/Speech/MOS_datasets/nisqa/NISQA_TRAIN_LIVE/deg_16000/book_00344_chp_0001_reader_06220_1_seg_live_phone_22.wav,77.0,book_00344_chp_0001_reader_06220_1_seg_live_phone_22,3.0,,1
/fs/ess/PAS2301/Data/Speech/MOS_datasets/nisqa/NISQA_TRAIN_LIVE/deg_16000/book_00344_chp_0001_reader_06220_1_seg_live_phone_621.wav,78.0,book_00344_chp_0001_reader_06220_1_seg_live_phone_621,1.0,,1
/fs/ess/PAS2301/Data/Speech/MOS_datasets/nisqa/NISQA_TRAIN_LIVE/deg_16000/book_00344_chp_0001_reader_06220_1_seg_live_skype_22.wav,79.0,book_00344_chp_0001_reader_06220_1_seg_live_skype_22,2.4,,1
/fs/ess/PAS2301/Data/Speech/MOS_datasets/nisqa/NISQA_TRAIN_LIVE/deg_16000/book_00344_chp_0001_reader_06220_1_seg_live_skype_621.wav,80.0,book_00344_chp_0001_reader_06220_1_seg_live_skype_621,1.0,,1
/fs/ess/PAS2301/Data/Speech/MOS_datasets/nisqa/NISQA_TRAIN_LIVE/deg_16000/book_00346_chp_0034_reader_06353_8_seg_live_phone_23.wav,81.0,book_00346_chp_0034_reader_06353_8_seg_live_phone_23,3.2,,1
/fs/ess/PAS2301/Data/Speech/MOS_datasets/nisqa/NISQA_TRAIN_LIVE/deg_16000/book_00346_chp_0034_reader_06353_8_seg_live_skype_23.wav,82.0,book_00346_chp_0034_reader_06353_8_seg_live_skype_23,3.2,,1
/fs/ess/PAS2301/Data/Speech/MOS_datasets/nisqa/NISQA_TRAIN_LIVE/deg_16000/book_00346_chp_0034_reader_06353_8_seg_live_skype_622.wav,83.0,book_00346_chp_0034_reader_06353_8_seg_live_skype_622,2.6,,1
/fs/ess/PAS2301/Data/Speech/MOS_datasets/nisqa/NISQA_TRAIN_LIVE/deg_16000/book_00352_chp_0045_reader_07465_28_seg_live_phone_24.wav,84.0,book_00352_chp_0045_reader_07465_28_seg_live_phone_24,2.4,,1
/fs/ess/PAS2301/Data/Speech/MOS_datasets/nisqa/NISQA_TRAIN_LIVE/deg_16000/book_00352_chp_0045_reader_07465_28_seg_live_skype_24.wav,85.0,book_00352_chp_0045_reader_07465_28_seg_live_skype_24,2.8,,1
/fs/ess/PAS2301/Data/Speech/MOS_datasets/nisqa/NISQA_TRAIN_LIVE/deg_16000/book_00352_chp_0045_reader_07465_28_seg_live_skype_623.wav,86.0,book_00352_chp_0045_reader_07465_28_seg_live_skype_623,1.55555555555556,,1
/fs/ess/PAS2301/Data/Speech/MOS_datasets/nisqa/NISQA_TRAIN_LIVE/deg_16000/book_00375_chp_0004_reader_01282_50_seg_live_phone_25.wav,87.0,book_00375_chp_0004_reader_01282_50_seg_live_phone_25,2.6,,1
/fs/ess/PAS2301/Data/Speech/MOS_datasets/nisqa/NISQA_TRAIN_LIVE/deg_16000/book_00375_chp_0004_reader_01282_50_seg_live_skype_25.wav,88.0,book_00375_chp_0004_reader_01282_50_seg_live_skype_25,2.8,,1
/fs/ess/PAS2301/Data/Speech/MOS_datasets/nisqa/NISQA_TRAIN_LIVE/deg_16000/book_00375_chp_0004_reader_01282_50_seg_live_skype_624.wav,89.0,book_00375_chp_0004_reader_01282_50_seg_live_skype_624,3.0,,1
/fs/ess/PAS2301/Data/Speech/MOS_datasets/nisqa/NISQA_TRAIN_LIVE/deg_16000/book_00375_chp_0017_reader_05076_31_seg_live_phone_26.wav,90.0,book_00375_chp_0017_reader_05076_31_seg_live_phone_26,3.4,,1
/fs/ess/PAS2301/Data/Speech/MOS_datasets/nisqa/NISQA_TRAIN_LIVE/deg_16000/book_00375_chp_0017_reader_05076_31_seg_live_skype_26.wav,91.0,book_00375_chp_0017_reader_05076_31_seg_live_skype_26,2.8,,1
/fs/ess/PAS2301/Data/Speech/MOS_datasets/nisqa/NISQA_TRAIN_LIVE/deg_16000/book_00375_chp_0017_reader_05076_31_seg_live_skype_625.wav,92.0,book_00375_chp_0017_reader_05076_31_seg_live_skype_625,2.6,,1
/fs/ess/PAS2301/Data/Speech/MOS_datasets/nisqa/NISQA_TRAIN_LIVE/deg_16000/book_00384_chp_0022_reader_07500_2_seg_live_phone_27.wav,93.0,book_00384_chp_0022_reader_07500_2_seg_live_phone_27,3.2,,1
/fs/ess/PAS2301/Data/Speech/MOS_datasets/nisqa/NISQA_TRAIN_LIVE/deg_16000/book_00384_chp_0022_reader_07500_2_seg_live_skype_27.wav,94.0,book_00384_chp_0022_reader_07500_2_seg_live_skype_27,3.4,,1
/fs/ess/PAS2301/Data/Speech/MOS_datasets/nisqa/NISQA_TRAIN_LIVE/deg_16000/book_00384_chp_0022_reader_07500_2_seg_live_skype_626.wav,95.0,book_00384_chp_0022_reader_07500_2_seg_live_skype_626,2.2,,1
/fs/ess/PAS2301/Data/Speech/MOS_datasets/nisqa/NISQA_TRAIN_LIVE/deg_16000/book_00396_chp_0024_reader_11416_4_seg_live_phone_29.wav,96.0,book_00396_chp_0024_reader_11416_4_seg_live_phone_29,2.55555555555556,,1
/fs/ess/PAS2301/Data/Speech/MOS_datasets/nisqa/NISQA_TRAIN_LIVE/deg_16000/book_00396_chp_0024_reader_11416_4_seg_live_skype_29.wav,97.0,book_00396_chp_0024_reader_11416_4_seg_live_skype_29,2.6,,1
/fs/ess/PAS2301/Data/Speech/MOS_datasets/nisqa/NISQA_TRAIN_LIVE/deg_16000/book_00396_chp_0024_reader_11416_4_seg_live_skype_628.wav,98.0,book_00396_chp_0024_reader_11416_4_seg_live_skype_628,2.2,,1
/fs/ess/PAS2301/Data/Speech/MOS_datasets/nisqa/NISQA_TRAIN_LIVE/deg_16000/book_00412_chp_0002_reader_10589_3_seg_live_phone_30.wav,99.0,book_00412_chp_0002_reader_10589_3_seg_live_phone_30,3.0,,1
/fs/ess/PAS2301/Data/Speech/MOS_datasets/nisqa/NISQA_TRAIN_LIVE/deg_16000/book_00412_chp_0002_reader_10589_3_seg_live_skype_30.wav,100.0,book_00412_chp_0002_reader_10589_3_seg_live_skype_30,2.8,,1
/fs/ess/PAS2301/Data/Speech/MOS_datasets/nisqa/NISQA_TRAIN_LIVE/deg_16000/book_00412_chp_0002_reader_10589_3_seg_live_skype_629.wav,101.0,book_00412_chp_0002_reader_10589_3_seg_live_skype_629,1.75,,1
/fs/ess/PAS2301/Data/Speech/MOS_datasets/nisqa/NISQA_TRAIN_LIVE/deg_16000/book_00423_chp_0005_reader_10531_42_seg_live_phone_31.wav,102.0,book_00423_chp_0005_reader_10531_42_seg_live_phone_31,1.6,,1
/fs/ess/PAS2301/Data/Speech/MOS_datasets/nisqa/NISQA_TRAIN_LIVE/deg_16000/book_00423_chp_0005_reader_10531_42_seg_live_skype_31.wav,103.0,book_00423_chp_0005_reader_10531_42_seg_live_skype_31,1.2,,1
/fs/ess/PAS2301/Data/Speech/MOS_datasets/nisqa/NISQA_TRAIN_LIVE/deg_16000/book_00423_chp_0005_reader_10531_42_seg_live_skype_630.wav,104.0,book_00423_chp_0005_reader_10531_42_seg_live_skype_630,1.4,,1
/fs/ess/PAS2301/Data/Speech/MOS_datasets/nisqa/NISQA_TRAIN_LIVE/deg_16000/book_00436_chp_0003_reader_07728_17_seg_live_phone_32.wav,105.0,book_00436_chp_0003_reader_07728_17_seg_live_phone_32,2.4,,1
/fs/ess/PAS2301/Data/Speech/MOS_datasets/nisqa/NISQA_TRAIN_LIVE/deg_16000/book_00436_chp_0003_reader_07728_17_seg_live_skype_32.wav,106.0,book_00436_chp_0003_reader_07728_17_seg_live_skype_32,2.1111111111111103,,1
/fs/ess/PAS2301/Data/Speech/MOS_datasets/nisqa/NISQA_TRAIN_LIVE/deg_16000/book_00436_chp_0003_reader_07728_17_seg_live_skype_631.wav,107.0,book_00436_chp_0003_reader_07728_17_seg_live_skype_631,2.4,,1
/fs/ess/PAS2301/Data/Speech/MOS_datasets/nisqa/NISQA_TRAIN_LIVE/deg_16000/book_00441_chp_0028_reader_06407_13_seg_live_phone_33.wav,108.0,book_00441_chp_0028_reader_06407_13_seg_live_phone_33,2.0,,1
/fs/ess/PAS2301/Data/Speech/MOS_datasets/nisqa/NISQA_TRAIN_LIVE/deg_16000/book_00441_chp_0028_reader_06407_13_seg_live_skype_33.wav,109.0,book_00441_chp_0028_reader_06407_13_seg_live_skype_33,3.0,,1
/fs/ess/PAS2301/Data/Speech/MOS_datasets/nisqa/NISQA_TRAIN_LIVE/deg_16000/book_00441_chp_0028_reader_06407_13_seg_live_skype_632.wav,110.0,book_00441_chp_0028_reader_06407_13_seg_live_skype_632,2.4,,1
/fs/ess/PAS2301/Data/Speech/MOS_datasets/nisqa/NISQA_TRAIN_LIVE/deg_16000/book_00472_chp_0009_reader_11450_15_seg_live_phone_34.wav,111.0,book_00472_chp_0009_reader_11450_15_seg_live_phone_34,2.4,,1
/fs/ess/PAS2301/Data/Speech/MOS_datasets/nisqa/NISQA_TRAIN_LIVE/deg_16000/book_00472_chp_0009_reader_11450_15_seg_live_skype_34.wav,112.0,book_00472_chp_0009_reader_11450_15_seg_live_skype_34,2.6,,1
/fs/ess/PAS2301/Data/Speech/MOS_datasets/nisqa/NISQA_TRAIN_LIVE/deg_16000/book_00472_chp_0009_reader_11450_15_seg_live_skype_633.wav,113.0,book_00472_chp_0009_reader_11450_15_seg_live_skype_633,2.6,,1
/fs/ess/PAS2301/Data/Speech/MOS_datasets/nisqa/NISQA_TRAIN_LIVE/deg_16000/book_00488_chp_0003_reader_11581_16_seg_live_phone_36.wav,114.0,book_00488_chp_0003_reader_11581_16_seg_live_phone_36,3.6,,1
/fs/ess/PAS2301/Data/Speech/MOS_datasets/nisqa/NISQA_TRAIN_LIVE/deg_16000/book_00488_chp_0003_reader_11581_16_seg_live_skype_36.wav,115.0,book_00488_chp_0003_reader_11581_16_seg_live_skype_36,2.8,,1
/fs/ess/PAS2301/Data/Speech/MOS_datasets/nisqa/NISQA_TRAIN_LIVE/deg_16000/book_00488_chp_0003_reader_11581_16_seg_live_skype_635.wav,116.0,book_00488_chp_0003_reader_11581_16_seg_live_skype_635,2.6,,1
/fs/ess/PAS2301/Data/Speech/MOS_datasets/nisqa/NISQA_TRAIN_LIVE/deg_16000/book_00518_chp_0034_reader_08347_3_seg_live_phone_37.wav,117.0,book_00518_chp_0034_reader_08347_3_seg_live_phone_37,2.2,,1
/fs/ess/PAS2301/Data/Speech/MOS_datasets/nisqa/NISQA_TRAIN_LIVE/deg_16000/book_00518_chp_0034_reader_08347_3_seg_live_skype_37.wav,118.0,book_00518_chp_0034_reader_08347_3_seg_live_skype_37,2.4,,1
/fs/ess/PAS2301/Data/Speech/MOS_datasets/nisqa/NISQA_TRAIN_LIVE/deg_16000/book_00518_chp_0034_reader_08347_3_seg_live_skype_636.wav,119.0,book_00518_chp_0034_reader_08347_3_seg_live_skype_636,2.2,,1
/fs/ess/PAS2301/Data/Speech/MOS_datasets/nisqa/NISQA_TRAIN_LIVE/deg_16000/book_00550_chp_0011_reader_10068_2_seg_live_phone_38.wav,120.0,book_00550_chp_0011_reader_10068_2_seg_live_phone_38,3.0,,1
/fs/ess/PAS2301/Data/Speech/MOS_datasets/nisqa/NISQA_TRAIN_LIVE/deg_16000/book_00550_chp_0011_reader_10068_2_seg_live_skype_38.wav,121.0,book_00550_chp_0011_reader_10068_2_seg_live_skype_38,2.8,,1
/fs/ess/PAS2301/Data/Speech/MOS_datasets/nisqa/NISQA_TRAIN_LIVE/deg_16000/book_00550_chp_0011_reader_10068_2_seg_live_skype_637.wav,122.0,book_00550_chp_0011_reader_10068_2_seg_live_skype_637,3.2,,1
/fs/ess/PAS2301/Data/Speech/MOS_datasets/nisqa/NISQA_TRAIN_LIVE/deg_16000/book_00564_chp_0015_reader_11458_37_seg_live_phone_39.wav,123.0,book_00564_chp_0015_reader_11458_37_seg_live_phone_39,3.2,,1
/fs/ess/PAS2301/Data/Speech/MOS_datasets/nisqa/NISQA_TRAIN_LIVE/deg_16000/book_00564_chp_0015_reader_11458_37_seg_live_skype_39.wav,124.0,book_00564_chp_0015_reader_11458_37_seg_live_skype_39,3.0,,1
/fs/ess/PAS2301/Data/Speech/MOS_datasets/nisqa/NISQA_TRAIN_LIVE/deg_16000/book_00564_chp_0015_reader_11458_37_seg_live_skype_638.wav,125.0,book_00564_chp_0015_reader_11458_37_seg_live_skype_638,3.28571428571429,,1
/fs/ess/PAS2301/Data/Speech/MOS_datasets/nisqa/NISQA_TRAIN_LIVE/deg_16000/book_00583_chp_0019_reader_04346_5_seg_live_phone_41.wav,126.0,book_00583_chp_0019_reader_04346_5_seg_live_phone_41,2.0,,1
/fs/ess/PAS2301/Data/Speech/MOS_datasets/nisqa/NISQA_TRAIN_LIVE/deg_16000/book_00583_chp_0019_reader_04346_5_seg_live_skype_41.wav,127.0,book_00583_chp_0019_reader_04346_5_seg_live_skype_41,1.8,,1
/fs/ess/PAS2301/Data/Speech/MOS_datasets/nisqa/NISQA_TRAIN_LIVE/deg_16000/book_00590_chp_0017_reader_05720_9_seg_live_phone_42.wav,128.0,book_00590_chp_0017_reader_05720_9_seg_live_phone_42,3.0,,1
/fs/ess/PAS2301/Data/Speech/MOS_datasets/nisqa/NISQA_TRAIN_LIVE/deg_16000/book_00590_chp_0017_reader_05720_9_seg_live_skype_42.wav,129.0,book_00590_chp_0017_reader_05720_9_seg_live_skype_42,2.8,,1
/fs/ess/PAS2301/Data/Speech/MOS_datasets/nisqa/NISQA_TRAIN_LIVE/deg_16000/book_00590_chp_0017_reader_05720_9_seg_live_skype_641.wav,130.0,book_00590_chp_0017_reader_05720_9_seg_live_skype_641,1.8,,1
/fs/ess/PAS2301/Data/Speech/MOS_datasets/nisqa/NISQA_TRAIN_LIVE/deg_16000/book_00599_chp_0043_reader_03063_9_seg_live_phone_43.wav,131.0,book_00599_chp_0043_reader_03063_9_seg_live_phone_43,2.6,,1
/fs/ess/PAS2301/Data/Speech/MOS_datasets/nisqa/NISQA_TRAIN_LIVE/deg_16000/book_00599_chp_0043_reader_03063_9_seg_live_skype_43.wav,132.0,book_00599_chp_0043_reader_03063_9_seg_live_skype_43,2.4,,1
/fs/ess/PAS2301/Data/Speech/MOS_datasets/nisqa/NISQA_TRAIN_LIVE/deg_16000/book_00611_chp_0004_reader_03573_3_seg_live_phone_44.wav,133.0,book_00611_chp_0004_reader_03573_3_seg_live_phone_44,2.6,,1
/fs/ess/PAS2301/Data/Speech/MOS_datasets/nisqa/NISQA_TRAIN_LIVE/deg_16000/book_00611_chp_0004_reader_03573_3_seg_live_skype_44.wav,134.0,book_00611_chp_0004_reader_03573_3_seg_live_skype_44,2.6,,1
/fs/ess/PAS2301/Data/Speech/MOS_datasets/nisqa/NISQA_TRAIN_LIVE/deg_16000/book_00622_chp_0007_reader_10606_1_seg_live_phone_45.wav,135.0,book_00622_chp_0007_reader_10606_1_seg_live_phone_45,3.0,,1
/fs/ess/PAS2301/Data/Speech/MOS_datasets/nisqa/NISQA_TRAIN_LIVE/deg_16000/book_00622_chp_0007_reader_10606_1_seg_live_skype_45.wav,136.0,book_00622_chp_0007_reader_10606_1_seg_live_skype_45,2.2,,1
/fs/ess/PAS2301/Data/Speech/MOS_datasets/nisqa/NISQA_TRAIN_LIVE/deg_16000/book_00630_chp_0001_reader_08593_31_seg_live_phone_47.wav,137.0,book_00630_chp_0001_reader_08593_31_seg_live_phone_47,2.875,,1
/fs/ess/PAS2301/Data/Speech/MOS_datasets/nisqa/NISQA_TRAIN_LIVE/deg_16000/book_00630_chp_0001_reader_08593_31_seg_live_skype_47.wav,138.0,book_00630_chp_0001_reader_08593_31_seg_live_skype_47,2.6666666666666696,,1
/fs/ess/PAS2301/Data/Speech/MOS_datasets/nisqa/NISQA_TRAIN_LIVE/deg_16000/book_00648_chp_0004_reader_11560_27_seg_live_phone_48.wav,139.0,book_00648_chp_0004_reader_11560_27_seg_live_phone_48,2.25,,1
/fs/ess/PAS2301/Data/Speech/MOS_datasets/nisqa/NISQA_TRAIN_LIVE/deg_16000/book_00648_chp_0004_reader_11560_27_seg_live_skype_48.wav,140.0,book_00648_chp_0004_reader_11560_27_seg_live_skype_48,2.4,,1
/fs/ess/PAS2301/Data/Speech/MOS_datasets/nisqa/NISQA_TRAIN_LIVE/deg_16000/book_00701_chp_0012_reader_02603_39_seg_live_phone_50.wav,141.0,book_00701_chp_0012_reader_02603_39_seg_live_phone_50,2.8,,1
/fs/ess/PAS2301/Data/Speech/MOS_datasets/nisqa/NISQA_TRAIN_LIVE/deg_16000/book_00701_chp_0012_reader_02603_39_seg_live_skype_50.wav,142.0,book_00701_chp_0012_reader_02603_39_seg_live_skype_50,3.2,,1
/fs/ess/PAS2301/Data/Speech/MOS_datasets/nisqa/NISQA_TRAIN_LIVE/deg_16000/book_00702_chp_0022_reader_09751_11_seg_live_phone_51.wav,143.0,book_00702_chp_0022_reader_09751_11_seg_live_phone_51,2.0,,1
/fs/ess/PAS2301/Data/Speech/MOS_datasets/nisqa/NISQA_TRAIN_LIVE/deg_16000/book_00702_chp_0022_reader_09751_11_seg_live_skype_51.wav,144.0,book_00702_chp_0022_reader_09751_11_seg_live_skype_51,2.4,,1
/fs/ess/PAS2301/Data/Speech/MOS_datasets/nisqa/NISQA_TRAIN_LIVE/deg_16000/book_00728_chp_0001_reader_04364_14_seg_live_phone_52.wav,145.0,book_00728_chp_0001_reader_04364_14_seg_live_phone_52,2.0,,1
/fs/ess/PAS2301/Data/Speech/MOS_datasets/nisqa/NISQA_TRAIN_LIVE/deg_16000/book_00728_chp_0001_reader_04364_14_seg_live_skype_52.wav,146.0,book_00728_chp_0001_reader_04364_14_seg_live_skype_52,2.6,,1
/fs/ess/PAS2301/Data/Speech/MOS_datasets/nisqa/NISQA_TRAIN_LIVE/deg_16000/book_00735_chp_0002_reader_01798_3_seg_live_phone_53.wav,147.0,book_00735_chp_0002_reader_01798_3_seg_live_phone_53,2.8,,1
/fs/ess/PAS2301/Data/Speech/MOS_datasets/nisqa/NISQA_TRAIN_LIVE/deg_16000/book_00735_chp_0002_reader_01798_3_seg_live_skype_53.wav,148.0,book_00735_chp_0002_reader_01798_3_seg_live_skype_53,2.6,,1
/fs/ess/PAS2301/Data/Speech/MOS_datasets/nisqa/NISQA_TRAIN_LIVE/deg_16000/book_00789_chp_0002_reader_09579_27_seg_live_phone_54.wav,149.0,book_00789_chp_0002_reader_09579_27_seg_live_phone_54,1.85714285714286,,1
/fs/ess/PAS2301/Data/Speech/MOS_datasets/nisqa/NISQA_TRAIN_LIVE/deg_16000/book_00789_chp_0002_reader_09579_27_seg_live_skype_54.wav,150.0,book_00789_chp_0002_reader_09579_27_seg_live_skype_54,2.0,,1
/fs/ess/PAS2301/Data/Speech/MOS_datasets/nisqa/NISQA_TRAIN_LIVE/deg_16000/book_00798_chp_0020_reader_09807_7_seg_live_phone_55.wav,151.0,book_00798_chp_0020_reader_09807_7_seg_live_phone_55,3.2,,1
/fs/ess/PAS2301/Data/Speech/MOS_datasets/nisqa/NISQA_TRAIN_LIVE/deg_16000/book_00798_chp_0020_reader_09807_7_seg_live_skype_55.wav,152.0,book_00798_chp_0020_reader_09807_7_seg_live_skype_55,2.2,,1
/fs/ess/PAS2301/Data/Speech/MOS_datasets/nisqa/NISQA_TRAIN_LIVE/deg_16000/book_00816_chp_0005_reader_10609_2_seg_live_phone_56.wav,153.0,book_00816_chp_0005_reader_10609_2_seg_live_phone_56,3.2,,1
/fs/ess/PAS2301/Data/Speech/MOS_datasets/nisqa/NISQA_TRAIN_LIVE/deg_16000/book_00816_chp_0005_reader_10609_2_seg_live_skype_56.wav,154.0,book_00816_chp_0005_reader_10609_2_seg_live_skype_56,3.0,,1
/fs/ess/PAS2301/Data/Speech/MOS_datasets/nisqa/NISQA_TRAIN_LIVE/deg_16000/book_00927_chp_0017_reader_08172_6_seg_live_phone_57.wav,155.0,book_00927_chp_0017_reader_08172_6_seg_live_phone_57,2.6,,1
/fs/ess/PAS2301/Data/Speech/MOS_datasets/nisqa/NISQA_TRAIN_LIVE/deg_16000/book_00927_chp_0017_reader_08172_6_seg_live_skype_57.wav,156.0,book_00927_chp_0017_reader_08172_6_seg_live_skype_57,1.8,,1
/fs/ess/PAS2301/Data/Speech/MOS_datasets/nisqa/NISQA_TRAIN_LIVE/deg_16000/book_00932_chp_0014_reader_11056_0_seg_live_phone_58.wav,157.0,book_00932_chp_0014_reader_11056_0_seg_live_phone_58,2.4,,1
/fs/ess/PAS2301/Data/Speech/MOS_datasets/nisqa/NISQA_TRAIN_LIVE/deg_16000/book_00932_chp_0014_reader_11056_0_seg_live_skype_58.wav,158.0,book_00932_chp_0014_reader_11056_0_seg_live_skype_58,2.4,,1
/fs/ess/PAS2301/Data/Speech/MOS_datasets/nisqa/NISQA_TRAIN_LIVE/deg_16000/book_00948_chp_0076_reader_08219_0_seg_live_phone_59.wav,159.0,book_00948_chp_0076_reader_08219_0_seg_live_phone_59,2.6,,1
/fs/ess/PAS2301/Data/Speech/MOS_datasets/nisqa/NISQA_TRAIN_LIVE/deg_16000/book_00948_chp_0076_reader_08219_0_seg_live_skype_59.wav,160.0,book_00948_chp_0076_reader_08219_0_seg_live_skype_59,3.0,,1
/fs/ess/PAS2301/Data/Speech/MOS_datasets/nisqa/NISQA_TRAIN_LIVE/deg_16000/book_00948_chp_0076_reader_08219_13_seg_live_phone_60.wav,161.0,book_00948_chp_0076_reader_08219_13_seg_live_phone_60,3.4,,1
/fs/ess/PAS2301/Data/Speech/MOS_datasets/nisqa/NISQA_TRAIN_LIVE/deg_16000/book_00948_chp_0076_reader_08219_13_seg_live_skype_60.wav,162.0,book_00948_chp_0076_reader_08219_13_seg_live_skype_60,2.4,,1
/fs/ess/PAS2301/Data/Speech/MOS_datasets/nisqa/NISQA_TRAIN_LIVE/deg_16000/book_00963_chp_0011_reader_00886_60_seg_live_phone_61.wav,163.0,book_00963_chp_0011_reader_00886_60_seg_live_phone_61,2.2,,1
/fs/ess/PAS2301/Data/Speech/MOS_datasets/nisqa/NISQA_TRAIN_LIVE/deg_16000/book_00963_chp_0011_reader_00886_60_seg_live_skype_61.wav,164.0,book_00963_chp_0011_reader_00886_60_seg_live_skype_61,2.1666666666666696,,1
/fs/ess/PAS2301/Data/Speech/MOS_datasets/nisqa/NISQA_TRAIN_LIVE/deg_16000/book_00966_chp_0015_reader_02780_22_seg_live_phone_62.wav,165.0,book_00966_chp_0015_reader_02780_22_seg_live_phone_62,2.2,,1
/fs/ess/PAS2301/Data/Speech/MOS_datasets/nisqa/NISQA_TRAIN_LIVE/deg_16000/book_00966_chp_0015_reader_02780_22_seg_live_skype_62.wav,166.0,book_00966_chp_0015_reader_02780_22_seg_live_skype_62,2.2,,1
/fs/ess/PAS2301/Data/Speech/MOS_datasets/nisqa/NISQA_TRAIN_LIVE/deg_16000/book_01004_chp_0157_reader_06725_9_seg_live_phone_63.wav,167.0,book_01004_chp_0157_reader_06725_9_seg_live_phone_63,2.6,,1
/fs/ess/PAS2301/Data/Speech/MOS_datasets/nisqa/NISQA_TRAIN_LIVE/deg_16000/book_01004_chp_0157_reader_06725_9_seg_live_skype_63.wav,168.0,book_01004_chp_0157_reader_06725_9_seg_live_skype_63,2.6,,1
/fs/ess/PAS2301/Data/Speech/MOS_datasets/nisqa/NISQA_TRAIN_LIVE/deg_16000/book_01097_chp_0022_reader_10826_3_seg_live_phone_64.wav,169.0,book_01097_chp_0022_reader_10826_3_seg_live_phone_64,2.4,,1
/fs/ess/PAS2301/Data/Speech/MOS_datasets/nisqa/NISQA_TRAIN_LIVE/deg_16000/book_01097_chp_0022_reader_10826_3_seg_live_skype_64.wav,170.0,book_01097_chp_0022_reader_10826_3_seg_live_skype_64,2.4,,1
/fs/ess/PAS2301/Data/Speech/MOS_datasets/nisqa/NISQA_TRAIN_LIVE/deg_16000/book_01106_chp_0002_reader_09230_7_seg_live_phone_65.wav,171.0,book_01106_chp_0002_reader_09230_7_seg_live_phone_65,1.8,,1
/fs/ess/PAS2301/Data/Speech/MOS_datasets/nisqa/NISQA_TRAIN_LIVE/deg_16000/book_01106_chp_0002_reader_09230_7_seg_live_skype_65.wav,172.0,book_01106_chp_0002_reader_09230_7_seg_live_skype_65,1.6,,1
/fs/ess/PAS2301/Data/Speech/MOS_datasets/nisqa/NISQA_TRAIN_LIVE/deg_16000/book_01138_chp_0017_reader_09798_8_seg_live_phone_66.wav,173.0,book_01138_chp_0017_reader_09798_8_seg_live_phone_66,3.4,,1
/fs/ess/PAS2301/Data/Speech/MOS_datasets/nisqa/NISQA_TRAIN_LIVE/deg_16000/book_01138_chp_0017_reader_09798_8_seg_live_skype_66.wav,174.0,book_01138_chp_0017_reader_09798_8_seg_live_skype_66,3.4,,1
/fs/ess/PAS2301/Data/Speech/MOS_datasets/nisqa/NISQA_TRAIN_LIVE/deg_16000/book_01168_chp_0044_reader_02364_8_seg_live_phone_67.wav,175.0,book_01168_chp_0044_reader_02364_8_seg_live_phone_67,3.2,,1
/fs/ess/PAS2301/Data/Speech/MOS_datasets/nisqa/NISQA_TRAIN_LIVE/deg_16000/book_01168_chp_0044_reader_02364_8_seg_live_skype_67.wav,176.0,book_01168_chp_0044_reader_02364_8_seg_live_skype_67,3.4,,1
/fs/ess/PAS2301/Data/Speech/MOS_datasets/nisqa/NISQA_TRAIN_LIVE/deg_16000/book_01186_chp_0001_reader_08337_10_seg_live_phone_68.wav,177.0,book_01186_chp_0001_reader_08337_10_seg_live_phone_68,2.6,,1
/fs/ess/PAS2301/Data/Speech/MOS_datasets/nisqa/NISQA_TRAIN_LIVE/deg_16000/book_01186_chp_0001_reader_08337_10_seg_live_skype_68.wav,178.0,book_01186_chp_0001_reader_08337_10_seg_live_skype_68,2.75,,1
/fs/ess/PAS2301/Data/Speech/MOS_datasets/nisqa/NISQA_TRAIN_LIVE/deg_16000/book_01187_chp_0019_reader_01929_24_seg_live_phone_69.wav,179.0,book_01187_chp_0019_reader_01929_24_seg_live_phone_69,2.6,,1
/fs/ess/PAS2301/Data/Speech/MOS_datasets/nisqa/NISQA_TRAIN_LIVE/deg_16000/book_01187_chp_0019_reader_01929_24_seg_live_skype_69.wav,180.0,book_01187_chp_0019_reader_01929_24_seg_live_skype_69,2.5,,1
/fs/ess/PAS2301/Data/Speech/MOS_datasets/nisqa/NISQA_TRAIN_LIVE/deg_16000/book_01208_chp_0051_reader_05653_22_seg_live_phone_70.wav,181.0,book_01208_chp_0051_reader_05653_22_seg_live_phone_70,2.4,,1
/fs/ess/PAS2301/Data/Speech/MOS_datasets/nisqa/NISQA_TRAIN_LIVE/deg_16000/book_01208_chp_0051_reader_05653_22_seg_live_skype_70.wav,182.0,book_01208_chp_0051_reader_05653_22_seg_live_skype_70,2.75,,1
/fs/ess/PAS2301/Data/Speech/MOS_datasets/nisqa/NISQA_TRAIN_LIVE/deg_16000/book_01220_chp_0003_reader_09382_58_seg_live_phone_71.wav,183.0,book_01220_chp_0003_reader_09382_58_seg_live_phone_71,2.8,,1
/fs/ess/PAS2301/Data/Speech/MOS_datasets/nisqa/NISQA_TRAIN_LIVE/deg_16000/book_01220_chp_0003_reader_09382_58_seg_live_skype_71.wav,184.0,book_01220_chp_0003_reader_09382_58_seg_live_skype_71,1.8,,1
/fs/ess/PAS2301/Data/Speech/MOS_datasets/nisqa/NISQA_TRAIN_LIVE/deg_16000/book_01222_chp_0015_reader_01154_10_seg_live_phone_72.wav,185.0,book_01222_chp_0015_reader_01154_10_seg_live_phone_72,2.6,,1
/fs/ess/PAS2301/Data/Speech/MOS_datasets/nisqa/NISQA_TRAIN_LIVE/deg_16000/book_01222_chp_0015_reader_01154_10_seg_live_skype_72.wav,186.0,book_01222_chp_0015_reader_01154_10_seg_live_skype_72,2.2,,1
/fs/ess/PAS2301/Data/Speech/MOS_datasets/nisqa/NISQA_TRAIN_LIVE/deg_16000/book_01254_chp_0004_reader_06178_27_seg_live_phone_75.wav,187.0,book_01254_chp_0004_reader_06178_27_seg_live_phone_75,2.625,,1
/fs/ess/PAS2301/Data/Speech/MOS_datasets/nisqa/NISQA_TRAIN_LIVE/deg_16000/book_01254_chp_0004_reader_06178_27_seg_live_skype_75.wav,188.0,book_01254_chp_0004_reader_06178_27_seg_live_skype_75,2.2,,1
/fs/ess/PAS2301/Data/Speech/MOS_datasets/nisqa/NISQA_TRAIN_LIVE/deg_16000/book_01254_chp_0004_reader_06178_58_seg_live_phone_76.wav,189.0,book_01254_chp_0004_reader_06178_58_seg_live_phone_76,2.4,,1
/fs/ess/PAS2301/Data/Speech/MOS_datasets/nisqa/NISQA_TRAIN_LIVE/deg_16000/book_01254_chp_0004_reader_06178_58_seg_live_skype_76.wav,190.0,book_01254_chp_0004_reader_06178_58_seg_live_skype_76,2.25,,1
/fs/ess/PAS2301/Data/Speech/MOS_datasets/nisqa/NISQA_TRAIN_LIVE/deg_16000/book_01267_chp_0001_reader_07886_17_seg_live_phone_77.wav,191.0,book_01267_chp_0001_reader_07886_17_seg_live_phone_77,3.4,,1
/fs/ess/PAS2301/Data/Speech/MOS_datasets/nisqa/NISQA_TRAIN_LIVE/deg_16000/book_01267_chp_0001_reader_07886_17_seg_live_skype_77.wav,192.0,book_01267_chp_0001_reader_07886_17_seg_live_skype_77,3.0,,1
/fs/ess/PAS2301/Data/Speech/MOS_datasets/nisqa/NISQA_TRAIN_LIVE/deg_16000/book_01267_chp_0001_reader_07886_7_seg_live_phone_78.wav,193.0,book_01267_chp_0001_reader_07886_7_seg_live_phone_78,2.4,,1
/fs/ess/PAS2301/Data/Speech/MOS_datasets/nisqa/NISQA_TRAIN_LIVE/deg_16000/book_01267_chp_0001_reader_07886_7_seg_live_skype_78.wav,194.0,book_01267_chp_0001_reader_07886_7_seg_live_skype_78,3.4,,1
/fs/ess/PAS2301/Data/Speech/MOS_datasets/nisqa/NISQA_TRAIN_LIVE/deg_16000/book_01267_chp_0007_reader_03759_41_seg_live_phone_79.wav,195.0,book_01267_chp_0007_reader_03759_41_seg_live_phone_79,2.6,,1
/fs/ess/PAS2301/Data/Speech/MOS_datasets/nisqa/NISQA_TRAIN_LIVE/deg_16000/book_01267_chp_0007_reader_03759_41_seg_live_skype_79.wav,196.0,book_01267_chp_0007_reader_03759_41_seg_live_skype_79,2.4,,1
/fs/ess/PAS2301/Data/Speech/MOS_datasets/nisqa/NISQA_TRAIN_LIVE/deg_16000/book_01267_chp_0007_reader_03759_8_seg_live_phone_80.wav,197.0,book_01267_chp_0007_reader_03759_8_seg_live_phone_80,2.2,,1
/fs/ess/PAS2301/Data/Speech/MOS_datasets/nisqa/NISQA_TRAIN_LIVE/deg_16000/book_01267_chp_0007_reader_03759_8_seg_live_skype_80.wav,198.0,book_01267_chp_0007_reader_03759_8_seg_live_skype_80,2.75,,1
/fs/ess/PAS2301/Data/Speech/MOS_datasets/nisqa/NISQA_TRAIN_LIVE/deg_16000/book_01281_chp_0023_reader_09685_14_seg_live_phone_81.wav,199.0,book_01281_chp_0023_reader_09685_14_seg_live_phone_81,2.0,,1
/fs/ess/PAS2301/Data/Speech/MOS_datasets/nisqa/NISQA_TRAIN_LIVE/deg_16000/book_01281_chp_0023_reader_09685_14_seg_live_skype_81.wav,200.0,book_01281_chp_0023_reader_09685_14_seg_live_skype_81,2.8,,1
/fs/ess/PAS2301/Data/Speech/MOS_datasets/nisqa/NISQA_TRAIN_LIVE/deg_16000/book_01283_chp_0081_reader_06501_58_seg_live_phone_82.wav,201.0,book_01283_chp_0081_reader_06501_58_seg_live_phone_82,3.25,,1
/fs/ess/PAS2301/Data/Speech/MOS_datasets/nisqa/NISQA_TRAIN_LIVE/deg_16000/book_01283_chp_0081_reader_06501_58_seg_live_skype_82.wav,202.0,book_01283_chp_0081_reader_06501_58_seg_live_skype_82,2.6,,1
/fs/ess/PAS2301/Data/Speech/MOS_datasets/nisqa/NISQA_TRAIN_LIVE/deg_16000/book_01371_chp_0018_reader_05730_1_seg_live_phone_83.wav,203.0,book_01371_chp_0018_reader_05730_1_seg_live_phone_83,3.2,,1
/fs/ess/PAS2301/Data/Speech/MOS_datasets/nisqa/NISQA_TRAIN_LIVE/deg_16000/book_01371_chp_0018_reader_05730_1_seg_live_skype_83.wav,204.0,book_01371_chp_0018_reader_05730_1_seg_live_skype_83,3.4,,1
/fs/ess/PAS2301/Data/Speech/MOS_datasets/nisqa/NISQA_TRAIN_LIVE/deg_16000/book_01415_chp_0018_reader_07776_27_seg_live_phone_84.wav,205.0,book_01415_chp_0018_reader_07776_27_seg_live_phone_84,1.875,,1
/fs/ess/PAS2301/Data/Speech/MOS_datasets/nisqa/NISQA_TRAIN_LIVE/deg_16000/book_01415_chp_0018_reader_07776_27_seg_live_skype_84.wav,206.0,book_01415_chp_0018_reader_07776_27_seg_live_skype_84,1.8,,1
/fs/ess/PAS2301/Data/Speech/MOS_datasets/nisqa/NISQA_TRAIN_LIVE/deg_16000/book_01436_chp_0016_reader_04278_46_seg_live_phone_85.wav,207.0,book_01436_chp_0016_reader_04278_46_seg_live_phone_85,2.6,,1
/fs/ess/PAS2301/Data/Speech/MOS_datasets/nisqa/NISQA_TRAIN_LIVE/deg_16000/book_01436_chp_0016_reader_04278_46_seg_live_skype_85.wav,208.0,book_01436_chp_0016_reader_04278_46_seg_live_skype_85,1.8,,1
/fs/ess/PAS2301/Data/Speech/MOS_datasets/nisqa/NISQA_TRAIN_LIVE/deg_16000/book_01476_chp_0008_reader_06957_5_seg_live_phone_86.wav,209.0,book_01476_chp_0008_reader_06957_5_seg_live_phone_86,2.5,,1
/fs/ess/PAS2301/Data/Speech/MOS_datasets/nisqa/NISQA_TRAIN_LIVE/deg_16000/book_01476_chp_0008_reader_06957_5_seg_live_skype_86.wav,210.0,book_01476_chp_0008_reader_06957_5_seg_live_skype_86,2.4,,1
/fs/ess/PAS2301/Data/Speech/MOS_datasets/nisqa/NISQA_TRAIN_LIVE/deg_16000/book_01501_chp_0017_reader_06781_11_seg_live_phone_87.wav,211.0,book_01501_chp_0017_reader_06781_11_seg_live_phone_87,2.2,,1
/fs/ess/PAS2301/Data/Speech/MOS_datasets/nisqa/NISQA_TRAIN_LIVE/deg_16000/book_01501_chp_0017_reader_06781_11_seg_live_skype_87.wav,212.0,book_01501_chp_0017_reader_06781_11_seg_live_skype_87,2.5,,1
/fs/ess/PAS2301/Data/Speech/MOS_datasets/nisqa/NISQA_TRAIN_LIVE/deg_16000/book_01552_chp_0024_reader_07867_5_seg_live_phone_88.wav,213.0,book_01552_chp_0024_reader_07867_5_seg_live_phone_88,3.2,,1
/fs/ess/PAS2301/Data/Speech/MOS_datasets/nisqa/NISQA_TRAIN_LIVE/deg_16000/book_01552_chp_0024_reader_07867_5_seg_live_skype_88.wav,214.0,book_01552_chp_0024_reader_07867_5_seg_live_skype_88,2.8,,1
/fs/ess/PAS2301/Data/Speech/MOS_datasets/nisqa/NISQA_TRAIN_LIVE/deg_16000/book_01651_chp_0044_reader_06800_4_seg_live_phone_89.wav,215.0,book_01651_chp_0044_reader_06800_4_seg_live_phone_89,3.2,,1
/fs/ess/PAS2301/Data/Speech/MOS_datasets/nisqa/NISQA_TRAIN_LIVE/deg_16000/book_01651_chp_0044_reader_06800_4_seg_live_skype_89.wav,216.0,book_01651_chp_0044_reader_06800_4_seg_live_skype_89,3.2,,1
/fs/ess/PAS2301/Data/Speech/MOS_datasets/nisqa/NISQA_TRAIN_LIVE/deg_16000/book_01685_chp_0014_reader_06833_2_seg_live_phone_91.wav,217.0,book_01685_chp_0014_reader_06833_2_seg_live_phone_91,2.8,,1
/fs/ess/PAS2301/Data/Speech/MOS_datasets/nisqa/NISQA_TRAIN_LIVE/deg_16000/book_01685_chp_0014_reader_06833_2_seg_live_skype_91.wav,218.0,book_01685_chp_0014_reader_06833_2_seg_live_skype_91,2.75,,1
/fs/ess/PAS2301/Data/Speech/MOS_datasets/nisqa/NISQA_TRAIN_LIVE/deg_16000/book_01766_chp_0008_reader_05307_29_seg_live_phone_93.wav,219.0,book_01766_chp_0008_reader_05307_29_seg_live_phone_93,3.1666666666666696,,1
/fs/ess/PAS2301/Data/Speech/MOS_datasets/nisqa/NISQA_TRAIN_LIVE/deg_16000/book_01766_chp_0008_reader_05307_29_seg_live_skype_93.wav,220.0,book_01766_chp_0008_reader_05307_29_seg_live_skype_93,3.0,,1
/fs/ess/PAS2301/Data/Speech/MOS_datasets/nisqa/NISQA_TRAIN_LIVE/deg_16000/book_01799_chp_0001_reader_01179_1_seg_live_phone_95.wav,221.0,book_01799_chp_0001_reader_01179_1_seg_live_phone_95,3.2,,1
/fs/ess/PAS2301/Data/Speech/MOS_datasets/nisqa/NISQA_TRAIN_LIVE/deg_16000/book_01799_chp_0001_reader_01179_1_seg_live_skype_95.wav,222.0,book_01799_chp_0001_reader_01179_1_seg_live_skype_95,2.6,,1
/fs/ess/PAS2301/Data/Speech/MOS_datasets/nisqa/NISQA_TRAIN_LIVE/deg_16000/book_01799_chp_0012_reader_00349_12_seg_live_phone_96.wav,223.0,book_01799_chp_0012_reader_00349_12_seg_live_phone_96,1.8,,1
/fs/ess/PAS2301/Data/Speech/MOS_datasets/nisqa/NISQA_TRAIN_LIVE/deg_16000/book_01799_chp_0012_reader_00349_12_seg_live_skype_96.wav,224.0,book_01799_chp_0012_reader_00349_12_seg_live_skype_96,1.6,,1
/fs/ess/PAS2301/Data/Speech/MOS_datasets/nisqa/NISQA_TRAIN_LIVE/deg_16000/book_01806_chp_0013_reader_11223_53_seg_live_phone_97.wav,225.0,book_01806_chp_0013_reader_11223_53_seg_live_phone_97,1.4,,1
/fs/ess/PAS2301/Data/Speech/MOS_datasets/nisqa/NISQA_TRAIN_LIVE/deg_16000/book_01806_chp_0013_reader_11223_53_seg_live_skype_97.wav,226.0,book_01806_chp_0013_reader_11223_53_seg_live_skype_97,1.4,,1
/fs/ess/PAS2301/Data/Speech/MOS_datasets/nisqa/NISQA_TRAIN_LIVE/deg_16000/book_01843_chp_0015_reader_02860_0_seg_live_phone_98.wav,227.0,book_01843_chp_0015_reader_02860_0_seg_live_phone_98,2.125,,1
/fs/ess/PAS2301/Data/Speech/MOS_datasets/nisqa/NISQA_TRAIN_LIVE/deg_16000/book_01843_chp_0015_reader_02860_0_seg_live_skype_98.wav,228.0,book_01843_chp_0015_reader_02860_0_seg_live_skype_98,2.2,,1
/fs/ess/PAS2301/Data/Speech/MOS_datasets/nisqa/NISQA_TRAIN_LIVE/deg_16000/book_01857_chp_0006_reader_00415_45_seg_live_phone_99.wav,229.0,book_01857_chp_0006_reader_00415_45_seg_live_phone_99,2.4,,1
/fs/ess/PAS2301/Data/Speech/MOS_datasets/nisqa/NISQA_TRAIN_LIVE/deg_16000/book_01857_chp_0006_reader_00415_45_seg_live_skype_99.wav,230.0,book_01857_chp_0006_reader_00415_45_seg_live_skype_99,2.3,,1
/fs/ess/PAS2301/Data/Speech/MOS_datasets/nisqa/NISQA_TRAIN_LIVE/deg_16000/book_01921_chp_0008_reader_11927_4_seg_live_phone_100.wav,231.0,book_01921_chp_0008_reader_11927_4_seg_live_phone_100,2.6,,1
/fs/ess/PAS2301/Data/Speech/MOS_datasets/nisqa/NISQA_TRAIN_LIVE/deg_16000/book_01921_chp_0008_reader_11927_4_seg_live_skype_100.wav,232.0,book_01921_chp_0008_reader_11927_4_seg_live_skype_100,2.0,,1
/fs/ess/PAS2301/Data/Speech/MOS_datasets/nisqa/NISQA_TRAIN_LIVE/deg_16000/book_01941_chp_0011_reader_03638_8_seg_live_phone_101.wav,233.0,book_01941_chp_0011_reader_03638_8_seg_live_phone_101,2.0,,1
/fs/ess/PAS2301/Data/Speech/MOS_datasets/nisqa/NISQA_TRAIN_LIVE/deg_16000/book_01941_chp_0011_reader_03638_8_seg_live_skype_101.wav,234.0,book_01941_chp_0011_reader_03638_8_seg_live_skype_101,2.4,,1
/fs/ess/PAS2301/Data/Speech/MOS_datasets/nisqa/NISQA_TRAIN_LIVE/deg_16000/book_01951_chp_0014_reader_01623_10_seg_live_phone_102.wav,235.0,book_01951_chp_0014_reader_01623_10_seg_live_phone_102,2.8,,1
/fs/ess/PAS2301/Data/Speech/MOS_datasets/nisqa/NISQA_TRAIN_LIVE/deg_16000/book_01951_chp_0014_reader_01623_10_seg_live_skype_102.wav,236.0,book_01951_chp_0014_reader_01623_10_seg_live_skype_102,2.4,,1
/fs/ess/PAS2301/Data/Speech/MOS_datasets/nisqa/NISQA_TRAIN_LIVE/deg_16000/book_01957_chp_0002_reader_06448_1_seg_live_phone_103.wav,237.0,book_01957_chp_0002_reader_06448_1_seg_live_phone_103,3.2,,1
/fs/ess/PAS2301/Data/Speech/MOS_datasets/nisqa/NISQA_TRAIN_LIVE/deg_16000/book_01957_chp_0002_reader_06448_1_seg_live_skype_103.wav,238.0,book_01957_chp_0002_reader_06448_1_seg_live_skype_103,2.8,,1
/fs/ess/PAS2301/Data/Speech/MOS_datasets/nisqa/NISQA_TRAIN_LIVE/deg_16000/book_01990_chp_0070_reader_08647_4_seg_live_phone_104.wav,239.0,book_01990_chp_0070_reader_08647_4_seg_live_phone_104,2.8,,1
/fs/ess/PAS2301/Data/Speech/MOS_datasets/nisqa/NISQA_TRAIN_LIVE/deg_16000/book_01990_chp_0070_reader_08647_4_seg_live_skype_104.wav,240.0,book_01990_chp_0070_reader_08647_4_seg_live_skype_104,3.0,,1
/fs/ess/PAS2301/Data/Speech/MOS_datasets/nisqa/NISQA_TRAIN_LIVE/deg_16000/book_02038_chp_0009_reader_00056_3_seg_live_phone_105.wav,241.0,book_02038_chp_0009_reader_00056_3_seg_live_phone_105,3.4,,1
/fs/ess/PAS2301/Data/Speech/MOS_datasets/nisqa/NISQA_TRAIN_LIVE/deg_16000/book_02038_chp_0009_reader_00056_3_seg_live_skype_105.wav,242.0,book_02038_chp_0009_reader_00056_3_seg_live_skype_105,2.8,,1
/fs/ess/PAS2301/Data/Speech/MOS_datasets/nisqa/NISQA_TRAIN_LIVE/deg_16000/book_02132_chp_0076_reader_02419_53_seg_live_phone_110.wav,243.0,book_02132_chp_0076_reader_02419_53_seg_live_phone_110,2.8,,1
/fs/ess/PAS2301/Data/Speech/MOS_datasets/nisqa/NISQA_TRAIN_LIVE/deg_16000/book_02132_chp_0076_reader_02419_53_seg_live_skype_110.wav,244.0,book_02132_chp_0076_reader_02419_53_seg_live_skype_110,2.8,,1
/fs/ess/PAS2301/Data/Speech/MOS_datasets/nisqa/NISQA_TRAIN_LIVE/deg_16000/book_02173_chp_0037_reader_11352_35_seg_live_phone_111.wav,245.0,book_02173_chp_0037_reader_11352_35_seg_live_phone_111,2.8,,1
/fs/ess/PAS2301/Data/Speech/MOS_datasets/nisqa/NISQA_TRAIN_LIVE/deg_16000/book_02173_chp_0037_reader_11352_35_seg_live_skype_111.wav,246.0,book_02173_chp_0037_reader_11352_35_seg_live_skype_111,2.6,,1
/fs/ess/PAS2301/Data/Speech/MOS_datasets/nisqa/NISQA_TRAIN_LIVE/deg_16000/book_02210_chp_0006_reader_07484_20_seg_live_phone_112.wav,247.0,book_02210_chp_0006_reader_07484_20_seg_live_phone_112,2.6,,1
/fs/ess/PAS2301/Data/Speech/MOS_datasets/nisqa/NISQA_TRAIN_LIVE/deg_16000/book_02210_chp_0006_reader_07484_20_seg_live_skype_112.wav,248.0,book_02210_chp_0006_reader_07484_20_seg_live_skype_112,2.2,,1
/fs/ess/PAS2301/Data/Speech/MOS_datasets/nisqa/NISQA_TRAIN_LIVE/deg_16000/book_02221_chp_0006_reader_05093_49_seg_live_phone_113.wav,249.0,book_02221_chp_0006_reader_05093_49_seg_live_phone_113,3.0,,1
/fs/ess/PAS2301/Data/Speech/MOS_datasets/nisqa/NISQA_TRAIN_LIVE/deg_16000/book_02221_chp_0006_reader_05093_49_seg_live_skype_113.wav,250.0,book_02221_chp_0006_reader_05093_49_seg_live_skype_113,2.6,,1
/fs/ess/PAS2301/Data/Speech/MOS_datasets/nisqa/NISQA_TRAIN_LIVE/deg_16000/book_02229_chp_0006_reader_08214_17_seg_live_phone_115.wav,251.0,book_02229_chp_0006_reader_08214_17_seg_live_phone_115,2.8,,1
/fs/ess/PAS2301/Data/Speech/MOS_datasets/nisqa/NISQA_TRAIN_LIVE/deg_16000/book_02229_chp_0006_reader_08214_17_seg_live_skype_115.wav,252.0,book_02229_chp_0006_reader_08214_17_seg_live_skype_115,2.6,,1
/fs/ess/PAS2301/Data/Speech/MOS_datasets/nisqa/NISQA_TRAIN_LIVE/deg_16000/book_02252_chp_0003_reader_05928_16_seg_live_phone_116.wav,253.0,book_02252_chp_0003_reader_05928_16_seg_live_phone_116,2.125,,1
/fs/ess/PAS2301/Data/Speech/MOS_datasets/nisqa/NISQA_TRAIN_LIVE/deg_16000/book_02252_chp_0003_reader_05928_16_seg_live_skype_116.wav,254.0,book_02252_chp_0003_reader_05928_16_seg_live_skype_116,2.8,,1
/fs/ess/PAS2301/Data/Speech/MOS_datasets/nisqa/NISQA_TRAIN_LIVE/deg_16000/book_02285_chp_0002_reader_08871_11_seg_live_phone_118.wav,255.0,book_02285_chp_0002_reader_08871_11_seg_live_phone_118,2.4,,1
/fs/ess/PAS2301/Data/Speech/MOS_datasets/nisqa/NISQA_TRAIN_LIVE/deg_16000/book_02285_chp_0002_reader_08871_11_seg_live_skype_118.wav,256.0,book_02285_chp_0002_reader_08871_11_seg_live_skype_118,2.0,,1
/fs/ess/PAS2301/Data/Speech/MOS_datasets/nisqa/NISQA_TRAIN_LIVE/deg_16000/book_02285_chp_0003_reader_03316_2_seg_live_phone_119.wav,257.0,book_02285_chp_0003_reader_03316_2_seg_live_phone_119,2.375,,1
/fs/ess/PAS2301/Data/Speech/MOS_datasets/nisqa/NISQA_TRAIN_LIVE/deg_16000/book_02285_chp_0003_reader_03316_2_seg_live_skype_119.wav,258.0,book_02285_chp_0003_reader_03316_2_seg_live_skype_119,1.8,,1
/fs/ess/PAS2301/Data/Speech/MOS_datasets/nisqa/NISQA_TRAIN_LIVE/deg_16000/book_02285_chp_0004_reader_01108_24_seg_live_phone_120.wav,259.0,book_02285_chp_0004_reader_01108_24_seg_live_phone_120,1.4,,1
/fs/ess/PAS2301/Data/Speech/MOS_datasets/nisqa/NISQA_TRAIN_LIVE/deg_16000/book_02285_chp_0004_reader_01108_24_seg_live_skype_120.wav,260.0,book_02285_chp_0004_reader_01108_24_seg_live_skype_120,1.4,,1
/fs/ess/PAS2301/Data/Speech/MOS_datasets/nisqa/NISQA_TRAIN_LIVE/deg_16000/book_02323_chp_0001_reader_01091_10_seg_live_phone_121.wav,261.0,book_02323_chp_0001_reader_01091_10_seg_live_phone_121,1.6,,1
/fs/ess/PAS2301/Data/Speech/MOS_datasets/nisqa/NISQA_TRAIN_LIVE/deg_16000/book_02323_chp_0001_reader_01091_10_seg_live_skype_121.wav,262.0,book_02323_chp_0001_reader_01091_10_seg_live_skype_121,1.2,,1
/fs/ess/PAS2301/Data/Speech/MOS_datasets/nisqa/NISQA_TRAIN_LIVE/deg_16000/book_02329_chp_0039_reader_07883_1_seg_live_phone_122.wav,263.0,book_02329_chp_0039_reader_07883_1_seg_live_phone_122,1.6666666666666698,,1
/fs/ess/PAS2301/Data/Speech/MOS_datasets/nisqa/NISQA_TRAIN_LIVE/deg_16000/book_02329_chp_0039_reader_07883_1_seg_live_skype_122.wav,264.0,book_02329_chp_0039_reader_07883_1_seg_live_skype_122,1.6,,1
/fs/ess/PAS2301/Data/Speech/MOS_datasets/nisqa/NISQA_TRAIN_LIVE/deg_16000/book_02337_chp_0028_reader_11393_1_seg_live_phone_123.wav,265.0,book_02337_chp_0028_reader_11393_1_seg_live_phone_123,1.6,,1
/fs/ess/PAS2301/Data/Speech/MOS_datasets/nisqa/NISQA_TRAIN_LIVE/deg_16000/book_02337_chp_0028_reader_11393_1_seg_live_skype_123.wav,266.0,book_02337_chp_0028_reader_11393_1_seg_live_skype_123,2.4,,1
/fs/ess/PAS2301/Data/Speech/MOS_datasets/nisqa/NISQA_TRAIN_LIVE/deg_16000/book_02396_chp_0011_reader_11299_60_seg_live_phone_124.wav,267.0,book_02396_chp_0011_reader_11299_60_seg_live_phone_124,2.8,,1
/fs/ess/PAS2301/Data/Speech/MOS_datasets/nisqa/NISQA_TRAIN_LIVE/deg_16000/book_02396_chp_0011_reader_11299_60_seg_live_skype_124.wav,268.0,book_02396_chp_0011_reader_11299_60_seg_live_skype_124,2.2,,1
/fs/ess/PAS2301/Data/Speech/MOS_datasets/nisqa/NISQA_TRAIN_LIVE/deg_16000/book_02406_chp_0001_reader_03507_9_seg_live_phone_126.wav,269.0,book_02406_chp_0001_reader_03507_9_seg_live_phone_126,2.5,,1
/fs/ess/PAS2301/Data/Speech/MOS_datasets/nisqa/NISQA_TRAIN_LIVE/deg_16000/book_02406_chp_0001_reader_03507_9_seg_live_skype_126.wav,270.0,book_02406_chp_0001_reader_03507_9_seg_live_skype_126,1.6,,1
/fs/ess/PAS2301/Data/Speech/MOS_datasets/nisqa/NISQA_TRAIN_LIVE/deg_16000/book_02417_chp_0026_reader_02878_18_seg_live_phone_127.wav,271.0,book_02417_chp_0026_reader_02878_18_seg_live_phone_127,2.75,,1
/fs/ess/PAS2301/Data/Speech/MOS_datasets/nisqa/NISQA_TRAIN_LIVE/deg_16000/book_02417_chp_0026_reader_02878_18_seg_live_skype_127.wav,272.0,book_02417_chp_0026_reader_02878_18_seg_live_skype_127,3.2,,1
/fs/ess/PAS2301/Data/Speech/MOS_datasets/nisqa/NISQA_TRAIN_LIVE/deg_16000/book_02442_chp_0022_reader_02954_14_seg_live_phone_129.wav,273.0,book_02442_chp_0022_reader_02954_14_seg_live_phone_129,2.4,,1
/fs/ess/PAS2301/Data/Speech/MOS_datasets/nisqa/NISQA_TRAIN_LIVE/deg_16000/book_02442_chp_0022_reader_02954_14_seg_live_skype_129.wav,274.0,book_02442_chp_0022_reader_02954_14_seg_live_skype_129,2.2,,1
/fs/ess/PAS2301/Data/Speech/MOS_datasets/nisqa/NISQA_TRAIN_LIVE/deg_16000/book_02489_chp_0005_reader_02673_62_seg_live_phone_132.wav,275.0,book_02489_chp_0005_reader_02673_62_seg_live_phone_132,2.8,,1
/fs/ess/PAS2301/Data/Speech/MOS_datasets/nisqa/NISQA_TRAIN_LIVE/deg_16000/book_02489_chp_0005_reader_02673_62_seg_live_skype_132.wav,276.0,book_02489_chp_0005_reader_02673_62_seg_live_skype_132,3.4,,1
/fs/ess/PAS2301/Data/Speech/MOS_datasets/nisqa/NISQA_TRAIN_LIVE/deg_16000/book_02509_chp_0002_reader_03315_50_seg_live_phone_133.wav,277.0,book_02509_chp_0002_reader_03315_50_seg_live_phone_133,3.25,,1
/fs/ess/PAS2301/Data/Speech/MOS_datasets/nisqa/NISQA_TRAIN_LIVE/deg_16000/book_02509_chp_0002_reader_03315_50_seg_live_skype_133.wav,278.0,book_02509_chp_0002_reader_03315_50_seg_live_skype_133,2.8,,1
/fs/ess/PAS2301/Data/Speech/MOS_datasets/nisqa/NISQA_TRAIN_LIVE/deg_16000/book_02509_chp_0004_reader_00869_10_seg_live_phone_134.wav,279.0,book_02509_chp_0004_reader_00869_10_seg_live_phone_134,2.6,,1
/fs/ess/PAS2301/Data/Speech/MOS_datasets/nisqa/NISQA_TRAIN_LIVE/deg_16000/book_02509_chp_0004_reader_00869_10_seg_live_skype_134.wav,280.0,book_02509_chp_0004_reader_00869_10_seg_live_skype_134,2.25,,1
/fs/ess/PAS2301/Data/Speech/MOS_datasets/nisqa/NISQA_TRAIN_LIVE/deg_16000/book_02558_chp_0020_reader_02639_25_seg_live_phone_135.wav,281.0,book_02558_chp_0020_reader_02639_25_seg_live_phone_135,3.4,,1
/fs/ess/PAS2301/Data/Speech/MOS_datasets/nisqa/NISQA_TRAIN_LIVE/deg_16000/book_02558_chp_0020_reader_02639_25_seg_live_skype_135.wav,282.0,book_02558_chp_0020_reader_02639_25_seg_live_skype_135,3.2,,1
/fs/ess/PAS2301/Data/Speech/MOS_datasets/nisqa/NISQA_TRAIN_LIVE/deg_16000/book_02559_chp_0016_reader_07567_16_seg_live_phone_136.wav,283.0,book_02559_chp_0016_reader_07567_16_seg_live_phone_136,2.6,,1
/fs/ess/PAS2301/Data/Speech/MOS_datasets/nisqa/NISQA_TRAIN_LIVE/deg_16000/book_02559_chp_0016_reader_07567_16_seg_live_skype_136.wav,284.0,book_02559_chp_0016_reader_07567_16_seg_live_skype_136,2.6,,1
/fs/ess/PAS2301/Data/Speech/MOS_datasets/nisqa/NISQA_TRAIN_LIVE/deg_16000/book_02564_chp_0003_reader_03473_16_seg_live_phone_137.wav,285.0,book_02564_chp_0003_reader_03473_16_seg_live_phone_137,2.6,,1
/fs/ess/PAS2301/Data/Speech/MOS_datasets/nisqa/NISQA_TRAIN_LIVE/deg_16000/book_02564_chp_0003_reader_03473_16_seg_live_skype_137.wav,286.0,book_02564_chp_0003_reader_03473_16_seg_live_skype_137,2.2,,1
/fs/ess/PAS2301/Data/Speech/MOS_datasets/nisqa/NISQA_TRAIN_LIVE/deg_16000/book_02578_chp_0013_reader_11713_5_seg_live_phone_138.wav,287.0,book_02578_chp_0013_reader_11713_5_seg_live_phone_138,2.6,,1
/fs/ess/PAS2301/Data/Speech/MOS_datasets/nisqa/NISQA_TRAIN_LIVE/deg_16000/book_02578_chp_0013_reader_11713_5_seg_live_skype_138.wav,288.0,book_02578_chp_0013_reader_11713_5_seg_live_skype_138,2.0,,1
/fs/ess/PAS2301/Data/Speech/MOS_datasets/nisqa/NISQA_TRAIN_LIVE/deg_16000/book_02588_chp_0004_reader_02990_8_seg_live_phone_139.wav,289.0,book_02588_chp_0004_reader_02990_8_seg_live_phone_139,3.0,,1
/fs/ess/PAS2301/Data/Speech/MOS_datasets/nisqa/NISQA_TRAIN_LIVE/deg_16000/book_02588_chp_0004_reader_02990_8_seg_live_skype_139.wav,290.0,book_02588_chp_0004_reader_02990_8_seg_live_skype_139,2.6,,1
/fs/ess/PAS2301/Data/Speech/MOS_datasets/nisqa/NISQA_TRAIN_LIVE/deg_16000/book_02592_chp_0004_reader_03417_0_seg_live_phone_140.wav,291.0,book_02592_chp_0004_reader_03417_0_seg_live_phone_140,2.625,,1
/fs/ess/PAS2301/Data/Speech/MOS_datasets/nisqa/NISQA_TRAIN_LIVE/deg_16000/book_02592_chp_0004_reader_03417_0_seg_live_skype_140.wav,292.0,book_02592_chp_0004_reader_03417_0_seg_live_skype_140,3.2,,1
/fs/ess/PAS2301/Data/Speech/MOS_datasets/nisqa/NISQA_TRAIN_LIVE/deg_16000/book_02598_chp_0009_reader_02276_10_seg_live_phone_141.wav,293.0,book_02598_chp_0009_reader_02276_10_seg_live_phone_141,2.125,,1
/fs/ess/PAS2301/Data/Speech/MOS_datasets/nisqa/NISQA_TRAIN_LIVE/deg_16000/book_02598_chp_0009_reader_02276_10_seg_live_skype_141.wav,294.0,book_02598_chp_0009_reader_02276_10_seg_live_skype_141,2.875,,1
/fs/ess/PAS2301/Data/Speech/MOS_datasets/nisqa/NISQA_TRAIN_LIVE/deg_16000/book_02609_chp_0001_reader_04890_16_seg_live_phone_142.wav,295.0,book_02609_chp_0001_reader_04890_16_seg_live_phone_142,2.5,,1
/fs/ess/PAS2301/Data/Speech/MOS_datasets/nisqa/NISQA_TRAIN_LIVE/deg_16000/book_02609_chp_0001_reader_04890_16_seg_live_skype_142.wav,296.0,book_02609_chp_0001_reader_04890_16_seg_live_skype_142,2.0,,1
/fs/ess/PAS2301/Data/Speech/MOS_datasets/nisqa/NISQA_TRAIN_LIVE/deg_16000/book_02626_chp_0011_reader_02655_17_seg_live_phone_144.wav,297.0,book_02626_chp_0011_reader_02655_17_seg_live_phone_144,1.77777777777778,,1
/fs/ess/PAS2301/Data/Speech/MOS_datasets/nisqa/NISQA_TRAIN_LIVE/deg_16000/book_02626_chp_0011_reader_02655_17_seg_live_skype_144.wav,298.0,book_02626_chp_0011_reader_02655_17_seg_live_skype_144,1.4,,1
/fs/ess/PAS2301/Data/Speech/MOS_datasets/nisqa/NISQA_TRAIN_LIVE/deg_16000/book_02635_chp_0024_reader_11421_21_seg_live_phone_145.wav,299.0,book_02635_chp_0024_reader_11421_21_seg_live_phone_145,2.4,,1
/fs/ess/PAS2301/Data/Speech/MOS_datasets/nisqa/NISQA_TRAIN_LIVE/deg_16000/book_02635_chp_0024_reader_11421_21_seg_live_skype_145.wav,300.0,book_02635_chp_0024_reader_11421_21_seg_live_skype_145,2.2,,1
/fs/ess/PAS2301/Data/Speech/MOS_datasets/nisqa/NISQA_TRAIN_LIVE/deg_16000/book_02652_chp_0011_reader_06032_3_seg_live_phone_146.wav,301.0,book_02652_chp_0011_reader_06032_3_seg_live_phone_146,2.8,,1
/fs/ess/PAS2301/Data/Speech/MOS_datasets/nisqa/NISQA_TRAIN_LIVE/deg_16000/book_02652_chp_0011_reader_06032_3_seg_live_skype_146.wav,302.0,book_02652_chp_0011_reader_06032_3_seg_live_skype_146,3.0,,1
/fs/ess/PAS2301/Data/Speech/MOS_datasets/nisqa/NISQA_TRAIN_LIVE/deg_16000/book_02657_chp_0001_reader_06038_23_seg_live_phone_147.wav,303.0,book_02657_chp_0001_reader_06038_23_seg_live_phone_147,3.0,,1
/fs/ess/PAS2301/Data/Speech/MOS_datasets/nisqa/NISQA_TRAIN_LIVE/deg_16000/book_02657_chp_0001_reader_06038_23_seg_live_skype_147.wav,304.0,book_02657_chp_0001_reader_06038_23_seg_live_skype_147,2.5,,1
/fs/ess/PAS2301/Data/Speech/MOS_datasets/nisqa/NISQA_TRAIN_LIVE/deg_16000/book_02668_chp_0001_reader_06016_42_seg_live_phone_148.wav,305.0,book_02668_chp_0001_reader_06016_42_seg_live_phone_148,2.6,,1
/fs/ess/PAS2301/Data/Speech/MOS_datasets/nisqa/NISQA_TRAIN_LIVE/deg_16000/book_02668_chp_0001_reader_06016_42_seg_live_skype_148.wav,306.0,book_02668_chp_0001_reader_06016_42_seg_live_skype_148,2.6,,1
/fs/ess/PAS2301/Data/Speech/MOS_datasets/nisqa/NISQA_TRAIN_LIVE/deg_16000/book_02684_chp_0005_reader_02521_31_seg_live_phone_149.wav,307.0,book_02684_chp_0005_reader_02521_31_seg_live_phone_149,2.6,,1
/fs/ess/PAS2301/Data/Speech/MOS_datasets/nisqa/NISQA_TRAIN_LIVE/deg_16000/book_02684_chp_0005_reader_02521_31_seg_live_skype_149.wav,308.0,book_02684_chp_0005_reader_02521_31_seg_live_skype_149,3.22222222222222,,1
/fs/ess/PAS2301/Data/Speech/MOS_datasets/nisqa/NISQA_TRAIN_LIVE/deg_16000/book_02690_chp_0026_reader_02994_2_seg_live_phone_150.wav,309.0,book_02690_chp_0026_reader_02994_2_seg_live_phone_150,2.71428571428571,,1
/fs/ess/PAS2301/Data/Speech/MOS_datasets/nisqa/NISQA_TRAIN_LIVE/deg_16000/book_02690_chp_0026_reader_02994_2_seg_live_skype_150.wav,310.0,book_02690_chp_0026_reader_02994_2_seg_live_skype_150,3.0,,1
/fs/ess/PAS2301/Data/Speech/MOS_datasets/nisqa/NISQA_TRAIN_LIVE/deg_16000/book_02788_chp_0014_reader_09450_33_seg_live_phone_152.wav,311.0,book_02788_chp_0014_reader_09450_33_seg_live_phone_152,2.6,,1
/fs/ess/PAS2301/Data/Speech/MOS_datasets/nisqa/NISQA_TRAIN_LIVE/deg_16000/book_02788_chp_0014_reader_09450_33_seg_live_skype_152.wav,312.0,book_02788_chp_0014_reader_09450_33_seg_live_skype_152,2.8,,1
/fs/ess/PAS2301/Data/Speech/MOS_datasets/nisqa/NISQA_TRAIN_LIVE/deg_16000/book_02857_chp_0004_reader_00061_10_seg_live_phone_154.wav,313.0,book_02857_chp_0004_reader_00061_10_seg_live_phone_154,3.2,,1
/fs/ess/PAS2301/Data/Speech/MOS_datasets/nisqa/NISQA_TRAIN_LIVE/deg_16000/book_02857_chp_0004_reader_00061_10_seg_live_skype_154.wav,314.0,book_02857_chp_0004_reader_00061_10_seg_live_skype_154,3.25,,1
/fs/ess/PAS2301/Data/Speech/MOS_datasets/nisqa/NISQA_TRAIN_LIVE/deg_16000/book_02886_chp_0006_reader_01614_11_seg_live_phone_157.wav,315.0,book_02886_chp_0006_reader_01614_11_seg_live_phone_157,2.8,,1
/fs/ess/PAS2301/Data/Speech/MOS_datasets/nisqa/NISQA_TRAIN_LIVE/deg_16000/book_02886_chp_0006_reader_01614_11_seg_live_skype_157.wav,316.0,book_02886_chp_0006_reader_01614_11_seg_live_skype_157,2.8,,1
/fs/ess/PAS2301/Data/Speech/MOS_datasets/nisqa/NISQA_TRAIN_LIVE/deg_16000/book_02889_chp_0004_reader_11139_48_seg_live_phone_158.wav,317.0,book_02889_chp_0004_reader_11139_48_seg_live_phone_158,2.8,,1
/fs/ess/PAS2301/Data/Speech/MOS_datasets/nisqa/NISQA_TRAIN_LIVE/deg_16000/book_02889_chp_0004_reader_11139_48_seg_live_skype_158.wav,318.0,book_02889_chp_0004_reader_11139_48_seg_live_skype_158,2.5,,1
/fs/ess/PAS2301/Data/Speech/MOS_datasets/nisqa/NISQA_TRAIN_LIVE/deg_16000/book_02919_chp_0022_reader_03491_24_seg_live_phone_160.wav,319.0,book_02919_chp_0022_reader_03491_24_seg_live_phone_160,2.8,,1
/fs/ess/PAS2301/Data/Speech/MOS_datasets/nisqa/NISQA_TRAIN_LIVE/deg_16000/book_02919_chp_0022_reader_03491_24_seg_live_skype_160.wav,320.0,book_02919_chp_0022_reader_03491_24_seg_live_skype_160,2.4,,1
/fs/ess/PAS2301/Data/Speech/MOS_datasets/nisqa/NISQA_TRAIN_LIVE/deg_16000/book_02922_chp_0034_reader_06496_26_seg_live_phone_161.wav,321.0,book_02922_chp_0034_reader_06496_26_seg_live_phone_161,2.2,,1
/fs/ess/PAS2301/Data/Speech/MOS_datasets/nisqa/NISQA_TRAIN_LIVE/deg_16000/book_02922_chp_0034_reader_06496_26_seg_live_skype_161.wav,322.0,book_02922_chp_0034_reader_06496_26_seg_live_skype_161,2.2,,1
/fs/ess/PAS2301/Data/Speech/MOS_datasets/nisqa/NISQA_TRAIN_LIVE/deg_16000/book_02939_chp_0000_reader_08101_31_seg_live_phone_162.wav,323.0,book_02939_chp_0000_reader_08101_31_seg_live_phone_162,3.0,,1
/fs/ess/PAS2301/Data/Speech/MOS_datasets/nisqa/NISQA_TRAIN_LIVE/deg_16000/book_02939_chp_0000_reader_08101_31_seg_live_skype_162.wav,324.0,book_02939_chp_0000_reader_08101_31_seg_live_skype_162,2.8,,1
/fs/ess/PAS2301/Data/Speech/MOS_datasets/nisqa/NISQA_TRAIN_LIVE/deg_16000/book_02947_chp_0001_reader_10156_34_seg_live_phone_163.wav,325.0,book_02947_chp_0001_reader_10156_34_seg_live_phone_163,2.4,,1
/fs/ess/PAS2301/Data/Speech/MOS_datasets/nisqa/NISQA_TRAIN_LIVE/deg_16000/book_02947_chp_0001_reader_10156_34_seg_live_skype_163.wav,326.0,book_02947_chp_0001_reader_10156_34_seg_live_skype_163,2.6,,1
/fs/ess/PAS2301/Data/Speech/MOS_datasets/nisqa/NISQA_TRAIN_LIVE/deg_16000/book_02955_chp_0003_reader_01516_0_seg_live_phone_164.wav,327.0,book_02955_chp_0003_reader_01516_0_seg_live_phone_164,2.25,,1
/fs/ess/PAS2301/Data/Speech/MOS_datasets/nisqa/NISQA_TRAIN_LIVE/deg_16000/book_02955_chp_0003_reader_01516_0_seg_live_skype_164.wav,328.0,book_02955_chp_0003_reader_01516_0_seg_live_skype_164,2.6,,1
/fs/ess/PAS2301/Data/Speech/MOS_datasets/nisqa/NISQA_TRAIN_LIVE/deg_16000/book_02972_chp_0050_reader_02616_12_seg_live_phone_165.wav,329.0,book_02972_chp_0050_reader_02616_12_seg_live_phone_165,2.125,,1
/fs/ess/PAS2301/Data/Speech/MOS_datasets/nisqa/NISQA_TRAIN_LIVE/deg_16000/book_02972_chp_0050_reader_02616_12_seg_live_skype_165.wav,330.0,book_02972_chp_0050_reader_02616_12_seg_live_skype_165,3.2,,1
/fs/ess/PAS2301/Data/Speech/MOS_datasets/nisqa/NISQA_TRAIN_LIVE/deg_16000/book_02999_chp_0003_reader_07666_23_seg_live_phone_166.wav,331.0,book_02999_chp_0003_reader_07666_23_seg_live_phone_166,3.0,,1
/fs/ess/PAS2301/Data/Speech/MOS_datasets/nisqa/NISQA_TRAIN_LIVE/deg_16000/book_02999_chp_0003_reader_07666_23_seg_live_skype_166.wav,332.0,book_02999_chp_0003_reader_07666_23_seg_live_skype_166,3.2,,1
/fs/ess/PAS2301/Data/Speech/MOS_datasets/nisqa/NISQA_TRAIN_LIVE/deg_16000/book_03044_chp_0001_reader_08135_16_seg_live_phone_168.wav,333.0,book_03044_chp_0001_reader_08135_16_seg_live_phone_168,1.6,,1
/fs/ess/PAS2301/Data/Speech/MOS_datasets/nisqa/NISQA_TRAIN_LIVE/deg_16000/book_03044_chp_0001_reader_08135_16_seg_live_skype_168.wav,334.0,book_03044_chp_0001_reader_08135_16_seg_live_skype_168,1.75,,1
/fs/ess/PAS2301/Data/Speech/MOS_datasets/nisqa/NISQA_TRAIN_LIVE/deg_16000/book_03044_chp_0010_reader_10028_17_seg_live_phone_169.wav,335.0,book_03044_chp_0010_reader_10028_17_seg_live_phone_169,2.4,,1
/fs/ess/PAS2301/Data/Speech/MOS_datasets/nisqa/NISQA_TRAIN_LIVE/deg_16000/book_03044_chp_0010_reader_10028_17_seg_live_skype_169.wav,336.0,book_03044_chp_0010_reader_10028_17_seg_live_skype_169,2.75,,1
/fs/ess/PAS2301/Data/Speech/MOS_datasets/nisqa/NISQA_TRAIN_LIVE/deg_16000/book_03046_chp_0002_reader_10193_16_seg_live_phone_170.wav,337.0,book_03046_chp_0002_reader_10193_16_seg_live_phone_170,2.2,,1
/fs/ess/PAS2301/Data/Speech/MOS_datasets/nisqa/NISQA_TRAIN_LIVE/deg_16000/book_03046_chp_0002_reader_10193_16_seg_live_skype_170.wav,338.0,book_03046_chp_0002_reader_10193_16_seg_live_skype_170,1.6,,1
/fs/ess/PAS2301/Data/Speech/MOS_datasets/nisqa/NISQA_TRAIN_LIVE/deg_16000/book_03050_chp_0038_reader_01464_18_seg_live_phone_171.wav,339.0,book_03050_chp_0038_reader_01464_18_seg_live_phone_171,2.0,,1
/fs/ess/PAS2301/Data/Speech/MOS_datasets/nisqa/NISQA_TRAIN_LIVE/deg_16000/book_03050_chp_0038_reader_01464_18_seg_live_skype_171.wav,340.0,book_03050_chp_0038_reader_01464_18_seg_live_skype_171,2.2,,1
/fs/ess/PAS2301/Data/Speech/MOS_datasets/nisqa/NISQA_TRAIN_LIVE/deg_16000/book_03063_chp_0018_reader_07471_19_seg_live_phone_172.wav,341.0,book_03063_chp_0018_reader_07471_19_seg_live_phone_172,2.8,,1
/fs/ess/PAS2301/Data/Speech/MOS_datasets/nisqa/NISQA_TRAIN_LIVE/deg_16000/book_03063_chp_0018_reader_07471_19_seg_live_skype_172.wav,342.0,book_03063_chp_0018_reader_07471_19_seg_live_skype_172,3.0,,1
/fs/ess/PAS2301/Data/Speech/MOS_datasets/nisqa/NISQA_TRAIN_LIVE/deg_16000/book_03063_chp_0030_reader_07461_10_seg_live_phone_173.wav,343.0,book_03063_chp_0030_reader_07461_10_seg_live_phone_173,1.8,,1
/fs/ess/PAS2301/Data/Speech/MOS_datasets/nisqa/NISQA_TRAIN_LIVE/deg_16000/book_03063_chp_0030_reader_07461_10_seg_live_skype_173.wav,344.0,book_03063_chp_0030_reader_07461_10_seg_live_skype_173,2.2,,1
/fs/ess/PAS2301/Data/Speech/MOS_datasets/nisqa/NISQA_TRAIN_LIVE/deg_16000/book_03072_chp_0004_reader_01440_24_seg_live_phone_174.wav,345.0,book_03072_chp_0004_reader_01440_24_seg_live_phone_174,3.6,,1
/fs/ess/PAS2301/Data/Speech/MOS_datasets/nisqa/NISQA_TRAIN_LIVE/deg_16000/book_03072_chp_0004_reader_01440_24_seg_live_skype_174.wav,346.0,book_03072_chp_0004_reader_01440_24_seg_live_skype_174,3.0,,1
/fs/ess/PAS2301/Data/Speech/MOS_datasets/nisqa/NISQA_TRAIN_LIVE/deg_16000/book_03074_chp_0011_reader_08933_5_seg_live_phone_175.wav,347.0,book_03074_chp_0011_reader_08933_5_seg_live_phone_175,3.0,,1
/fs/ess/PAS2301/Data/Speech/MOS_datasets/nisqa/NISQA_TRAIN_LIVE/deg_16000/book_03074_chp_0011_reader_08933_5_seg_live_skype_175.wav,348.0,book_03074_chp_0011_reader_08933_5_seg_live_skype_175,2.6,,1
/fs/ess/PAS2301/Data/Speech/MOS_datasets/nisqa/NISQA_TRAIN_LIVE/deg_16000/book_03074_chp_0038_reader_09251_4_seg_live_phone_176.wav,349.0,book_03074_chp_0038_reader_09251_4_seg_live_phone_176,3.0,,1
/fs/ess/PAS2301/Data/Speech/MOS_datasets/nisqa/NISQA_TRAIN_LIVE/deg_16000/book_03074_chp_0038_reader_09251_4_seg_live_skype_176.wav,350.0,book_03074_chp_0038_reader_09251_4_seg_live_skype_176,3.0,,1
/fs/ess/PAS2301/Data/Speech/MOS_datasets/nisqa/NISQA_TRAIN_LIVE/deg_16000/book_03091_chp_0025_reader_00291_22_seg_live_phone_177.wav,351.0,book_03091_chp_0025_reader_00291_22_seg_live_phone_177,3.0,,1
/fs/ess/PAS2301/Data/Speech/MOS_datasets/nisqa/NISQA_TRAIN_LIVE/deg_16000/book_03091_chp_0025_reader_00291_22_seg_live_skype_177.wav,352.0,book_03091_chp_0025_reader_00291_22_seg_live_skype_177,2.8,,1
/fs/ess/PAS2301/Data/Speech/MOS_datasets/nisqa/NISQA_TRAIN_LIVE/deg_16000/book_03094_chp_0015_reader_00453_1_seg_live_phone_178.wav,353.0,book_03094_chp_0015_reader_00453_1_seg_live_phone_178,2.1666666666666696,,1
/fs/ess/PAS2301/Data/Speech/MOS_datasets/nisqa/NISQA_TRAIN_LIVE/deg_16000/book_03094_chp_0015_reader_00453_1_seg_live_skype_178.wav,354.0,book_03094_chp_0015_reader_00453_1_seg_live_skype_178,1.6,,1
/fs/ess/PAS2301/Data/Speech/MOS_datasets/nisqa/NISQA_TRAIN_LIVE/deg_16000/book_03111_chp_0004_reader_06682_2_seg_live_phone_179.wav,355.0,book_03111_chp_0004_reader_06682_2_seg_live_phone_179,2.4,,1
/fs/ess/PAS2301/Data/Speech/MOS_datasets/nisqa/NISQA_TRAIN_LIVE/deg_16000/book_03111_chp_0004_reader_06682_2_seg_live_skype_179.wav,356.0,book_03111_chp_0004_reader_06682_2_seg_live_skype_179,2.2,,1
/fs/ess/PAS2301/Data/Speech/MOS_datasets/nisqa/NISQA_TRAIN_LIVE/deg_16000/book_03134_chp_0001_reader_03640_24_seg_live_phone_180.wav,357.0,book_03134_chp_0001_reader_03640_24_seg_live_phone_180,2.6,,1
/fs/ess/PAS2301/Data/Speech/MOS_datasets/nisqa/NISQA_TRAIN_LIVE/deg_16000/book_03134_chp_0001_reader_03640_24_seg_live_skype_180.wav,358.0,book_03134_chp_0001_reader_03640_24_seg_live_skype_180,3.2,,1
/fs/ess/PAS2301/Data/Speech/MOS_datasets/nisqa/NISQA_TRAIN_LIVE/deg_16000/book_03152_chp_0023_reader_06007_7_seg_live_phone_181.wav,359.0,book_03152_chp_0023_reader_06007_7_seg_live_phone_181,2.8,,1
/fs/ess/PAS2301/Data/Speech/MOS_datasets/nisqa/NISQA_TRAIN_LIVE/deg_16000/book_03152_chp_0023_reader_06007_7_seg_live_skype_181.wav,360.0,book_03152_chp_0023_reader_06007_7_seg_live_skype_181,2.6,,1
/fs/ess/PAS2301/Data/Speech/MOS_datasets/nisqa/NISQA_TRAIN_LIVE/deg_16000/book_03156_chp_0002_reader_07870_11_seg_live_phone_182.wav,361.0,book_03156_chp_0002_reader_07870_11_seg_live_phone_182,2.57142857142857,,1
/fs/ess/PAS2301/Data/Speech/MOS_datasets/nisqa/NISQA_TRAIN_LIVE/deg_16000/book_03156_chp_0002_reader_07870_11_seg_live_skype_182.wav,362.0,book_03156_chp_0002_reader_07870_11_seg_live_skype_182,2.0,,1
/fs/ess/PAS2301/Data/Speech/MOS_datasets/nisqa/NISQA_TRAIN_LIVE/deg_16000/book_03172_chp_0028_reader_02258_11_seg_live_phone_183.wav,363.0,book_03172_chp_0028_reader_02258_11_seg_live_phone_183,2.22222222222222,,1
/fs/ess/PAS2301/Data/Speech/MOS_datasets/nisqa/NISQA_TRAIN_LIVE/deg_16000/book_03172_chp_0028_reader_02258_11_seg_live_skype_183.wav,364.0,book_03172_chp_0028_reader_02258_11_seg_live_skype_183,2.2,,1
/fs/ess/PAS2301/Data/Speech/MOS_datasets/nisqa/NISQA_TRAIN_LIVE/deg_16000/book_03191_chp_0005_reader_11346_26_seg_live_phone_184.wav,365.0,book_03191_chp_0005_reader_11346_26_seg_live_phone_184,2.6,,1
/fs/ess/PAS2301/Data/Speech/MOS_datasets/nisqa/NISQA_TRAIN_LIVE/deg_16000/book_03191_chp_0005_reader_11346_26_seg_live_skype_184.wav,366.0,book_03191_chp_0005_reader_11346_26_seg_live_skype_184,2.5,,1
/fs/ess/PAS2301/Data/Speech/MOS_datasets/nisqa/NISQA_TRAIN_LIVE/deg_16000/book_03227_chp_0059_reader_06518_5_seg_live_phone_185.wav,367.0,book_03227_chp_0059_reader_06518_5_seg_live_phone_185,3.0,,1
/fs/ess/PAS2301/Data/Speech/MOS_datasets/nisqa/NISQA_TRAIN_LIVE/deg_16000/book_03227_chp_0059_reader_06518_5_seg_live_skype_185.wav,368.0,book_03227_chp_0059_reader_06518_5_seg_live_skype_185,2.8,,1
/fs/ess/PAS2301/Data/Speech/MOS_datasets/nisqa/NISQA_TRAIN_LIVE/deg_16000/book_03227_chp_0097_reader_10785_4_seg_live_phone_186.wav,369.0,book_03227_chp_0097_reader_10785_4_seg_live_phone_186,2.6,,1
/fs/ess/PAS2301/Data/Speech/MOS_datasets/nisqa/NISQA_TRAIN_LIVE/deg_16000/book_03227_chp_0097_reader_10785_4_seg_live_skype_186.wav,370.0,book_03227_chp_0097_reader_10785_4_seg_live_skype_186,2.75,,1
/fs/ess/PAS2301/Data/Speech/MOS_datasets/nisqa/NISQA_TRAIN_LIVE/deg_16000/book_03273_chp_0012_reader_03308_11_seg_live_phone_188.wav,371.0,book_03273_chp_0012_reader_03308_11_seg_live_phone_188,2.57142857142857,,1
/fs/ess/PAS2301/Data/Speech/MOS_datasets/nisqa/NISQA_TRAIN_LIVE/deg_16000/book_03273_chp_0012_reader_03308_11_seg_live_skype_188.wav,372.0,book_03273_chp_0012_reader_03308_11_seg_live_skype_188,3.0,,1
/fs/ess/PAS2301/Data/Speech/MOS_datasets/nisqa/NISQA_TRAIN_LIVE/deg_16000/book_03280_chp_0012_reader_05618_15_seg_live_phone_189.wav,373.0,book_03280_chp_0012_reader_05618_15_seg_live_phone_189,2.6,,1
/fs/ess/PAS2301/Data/Speech/MOS_datasets/nisqa/NISQA_TRAIN_LIVE/deg_16000/book_03280_chp_0012_reader_05618_15_seg_live_skype_189.wav,374.0,book_03280_chp_0012_reader_05618_15_seg_live_skype_189,2.2,,1
/fs/ess/PAS2301/Data/Speech/MOS_datasets/nisqa/NISQA_TRAIN_LIVE/deg_16000/book_03282_chp_0023_reader_03269_45_seg_live_phone_190.wav,375.0,book_03282_chp_0023_reader_03269_45_seg_live_phone_190,2.2,,1
/fs/ess/PAS2301/Data/Speech/MOS_datasets/nisqa/NISQA_TRAIN_LIVE/deg_16000/book_03282_chp_0023_reader_03269_45_seg_live_skype_190.wav,376.0,book_03282_chp_0023_reader_03269_45_seg_live_skype_190,3.2,,1
/fs/ess/PAS2301/Data/Speech/MOS_datasets/nisqa/NISQA_TRAIN_LIVE/deg_16000/book_03350_chp_0011_reader_04046_13_seg_live_phone_193.wav,377.0,book_03350_chp_0011_reader_04046_13_seg_live_phone_193,2.0,,1
/fs/ess/PAS2301/Data/Speech/MOS_datasets/nisqa/NISQA_TRAIN_LIVE/deg_16000/book_03350_chp_0011_reader_04046_13_seg_live_skype_193.wav,378.0,book_03350_chp_0011_reader_04046_13_seg_live_skype_193,2.5,,1
/fs/ess/PAS2301/Data/Speech/MOS_datasets/nisqa/NISQA_TRAIN_LIVE/deg_16000/book_03350_chp_0012_reader_02646_9_seg_live_phone_194.wav,379.0,book_03350_chp_0012_reader_02646_9_seg_live_phone_194,2.8,,1
/fs/ess/PAS2301/Data/Speech/MOS_datasets/nisqa/NISQA_TRAIN_LIVE/deg_16000/book_03350_chp_0012_reader_02646_9_seg_live_skype_194.wav,380.0,book_03350_chp_0012_reader_02646_9_seg_live_skype_194,2.25,,1
/fs/ess/PAS2301/Data/Speech/MOS_datasets/nisqa/NISQA_TRAIN_LIVE/deg_16000/book_03363_chp_0006_reader_03399_17_seg_live_phone_195.wav,381.0,book_03363_chp_0006_reader_03399_17_seg_live_phone_195,2.6,,1
/fs/ess/PAS2301/Data/Speech/MOS_datasets/nisqa/NISQA_TRAIN_LIVE/deg_16000/book_03363_chp_0006_reader_03399_17_seg_live_skype_195.wav,382.0,book_03363_chp_0006_reader_03399_17_seg_live_skype_195,3.4,,1
/fs/ess/PAS2301/Data/Speech/MOS_datasets/nisqa/NISQA_TRAIN_LIVE/deg_16000/book_03376_chp_0006_reader_09116_34_seg_live_phone_196.wav,383.0,book_03376_chp_0006_reader_09116_34_seg_live_phone_196,2.8,,1
/fs/ess/PAS2301/Data/Speech/MOS_datasets/nisqa/NISQA_TRAIN_LIVE/deg_16000/book_03376_chp_0006_reader_09116_34_seg_live_skype_196.wav,384.0,book_03376_chp_0006_reader_09116_34_seg_live_skype_196,2.4,,1
/fs/ess/PAS2301/Data/Speech/MOS_datasets/nisqa/NISQA_TRAIN_LIVE/deg_16000/book_03395_chp_0013_reader_03482_0_seg_live_phone_197.wav,385.0,book_03395_chp_0013_reader_03482_0_seg_live_phone_197,3.4,,1
/fs/ess/PAS2301/Data/Speech/MOS_datasets/nisqa/NISQA_TRAIN_LIVE/deg_16000/book_03395_chp_0013_reader_03482_0_seg_live_skype_197.wav,386.0,book_03395_chp_0013_reader_03482_0_seg_live_skype_197,3.0,,1
/fs/ess/PAS2301/Data/Speech/MOS_datasets/nisqa/NISQA_TRAIN_LIVE/deg_16000/book_03499_chp_0000_reader_07179_28_seg_live_phone_198.wav,387.0,book_03499_chp_0000_reader_07179_28_seg_live_phone_198,2.6,,1
/fs/ess/PAS2301/Data/Speech/MOS_datasets/nisqa/NISQA_TRAIN_LIVE/deg_16000/book_03499_chp_0000_reader_07179_28_seg_live_skype_198.wav,388.0,book_03499_chp_0000_reader_07179_28_seg_live_skype_198,2.6,,1
/fs/ess/PAS2301/Data/Speech/MOS_datasets/nisqa/NISQA_TRAIN_LIVE/deg_16000/book_03510_chp_0024_reader_01936_26_seg_live_phone_199.wav,389.0,book_03510_chp_0024_reader_01936_26_seg_live_phone_199,2.71428571428571,,1
/fs/ess/PAS2301/Data/Speech/MOS_datasets/nisqa/NISQA_TRAIN_LIVE/deg_16000/book_03510_chp_0024_reader_01936_26_seg_live_skype_199.wav,390.0,book_03510_chp_0024_reader_01936_26_seg_live_skype_199,2.4,,1
/fs/ess/PAS2301/Data/Speech/MOS_datasets/nisqa/NISQA_TRAIN_LIVE/deg_16000/book_03549_chp_0001_reader_01297_2_seg_live_phone_200.wav,391.0,book_03549_chp_0001_reader_01297_2_seg_live_phone_200,2.8,,1
/fs/ess/PAS2301/Data/Speech/MOS_datasets/nisqa/NISQA_TRAIN_LIVE/deg_16000/book_03549_chp_0001_reader_01297_2_seg_live_skype_200.wav,392.0,book_03549_chp_0001_reader_01297_2_seg_live_skype_200,2.8,,1
/fs/ess/PAS2301/Data/Speech/MOS_datasets/nisqa/NISQA_TRAIN_LIVE/deg_16000/book_03549_chp_0002_reader_01296_7_seg_live_phone_201.wav,393.0,book_03549_chp_0002_reader_01296_7_seg_live_phone_201,2.4,,1
/fs/ess/PAS2301/Data/Speech/MOS_datasets/nisqa/NISQA_TRAIN_LIVE/deg_16000/book_03549_chp_0002_reader_01296_7_seg_live_skype_201.wav,394.0,book_03549_chp_0002_reader_01296_7_seg_live_skype_201,2.2,,1
/fs/ess/PAS2301/Data/Speech/MOS_datasets/nisqa/NISQA_TRAIN_LIVE/deg_16000/book_03549_chp_0003_reader_09053_15_seg_live_phone_202.wav,395.0,book_03549_chp_0003_reader_09053_15_seg_live_phone_202,2.6,,1
/fs/ess/PAS2301/Data/Speech/MOS_datasets/nisqa/NISQA_TRAIN_LIVE/deg_16000/book_03549_chp_0003_reader_09053_15_seg_live_skype_202.wav,396.0,book_03549_chp_0003_reader_09053_15_seg_live_skype_202,2.5,,1
/fs/ess/PAS2301/Data/Speech/MOS_datasets/nisqa/NISQA_TRAIN_LIVE/deg_16000/book_03549_chp_0005_reader_07726_1_seg_live_phone_203.wav,397.0,book_03549_chp_0005_reader_07726_1_seg_live_phone_203,2.6,,1
/fs/ess/PAS2301/Data/Speech/MOS_datasets/nisqa/NISQA_TRAIN_LIVE/deg_16000/book_03549_chp_0005_reader_07726_1_seg_live_skype_203.wav,398.0,book_03549_chp_0005_reader_07726_1_seg_live_skype_203,2.2,,1
/fs/ess/PAS2301/Data/Speech/MOS_datasets/nisqa/NISQA_TRAIN_LIVE/deg_16000/book_03576_chp_0017_reader_02708_17_seg_live_phone_206.wav,399.0,book_03576_chp_0017_reader_02708_17_seg_live_phone_206,2.0,,1
/fs/ess/PAS2301/Data/Speech/MOS_datasets/nisqa/NISQA_TRAIN_LIVE/deg_16000/book_03576_chp_0017_reader_02708_17_seg_live_skype_206.wav,400.0,book_03576_chp_0017_reader_02708_17_seg_live_skype_206,2.2,,1
/fs/ess/PAS2301/Data/Speech/MOS_datasets/nisqa/NISQA_TRAIN_LIVE/deg_16000/book_03598_chp_0012_reader_02414_8_seg_live_phone_207.wav,401.0,book_03598_chp_0012_reader_02414_8_seg_live_phone_207,2.2,,1
/fs/ess/PAS2301/Data/Speech/MOS_datasets/nisqa/NISQA_TRAIN_LIVE/deg_16000/book_03598_chp_0012_reader_02414_8_seg_live_skype_207.wav,402.0,book_03598_chp_0012_reader_02414_8_seg_live_skype_207,2.4,,1
/fs/ess/PAS2301/Data/Speech/MOS_datasets/nisqa/NISQA_TRAIN_LIVE/deg_16000/book_03607_chp_0030_reader_06524_7_seg_live_phone_208.wav,403.0,book_03607_chp_0030_reader_06524_7_seg_live_phone_208,3.0,,1
/fs/ess/PAS2301/Data/Speech/MOS_datasets/nisqa/NISQA_TRAIN_LIVE/deg_16000/book_03607_chp_0030_reader_06524_7_seg_live_skype_208.wav,404.0,book_03607_chp_0030_reader_06524_7_seg_live_skype_208,3.8,,1
/fs/ess/PAS2301/Data/Speech/MOS_datasets/nisqa/NISQA_TRAIN_LIVE/deg_16000/book_03629_chp_0010_reader_02691_15_seg_live_phone_209.wav,405.0,book_03629_chp_0010_reader_02691_15_seg_live_phone_209,2.4,,1
/fs/ess/PAS2301/Data/Speech/MOS_datasets/nisqa/NISQA_TRAIN_LIVE/deg_16000/book_03629_chp_0010_reader_02691_15_seg_live_skype_209.wav,406.0,book_03629_chp_0010_reader_02691_15_seg_live_skype_209,3.2,,1
/fs/ess/PAS2301/Data/Speech/MOS_datasets/nisqa/NISQA_TRAIN_LIVE/deg_16000/book_03629_chp_0016_reader_02385_12_seg_live_phone_210.wav,407.0,book_03629_chp_0016_reader_02385_12_seg_live_phone_210,2.4,,1
/fs/ess/PAS2301/Data/Speech/MOS_datasets/nisqa/NISQA_TRAIN_LIVE/deg_16000/book_03629_chp_0016_reader_02385_12_seg_live_skype_210.wav,408.0,book_03629_chp_0016_reader_02385_12_seg_live_skype_210,2.8,,1
/fs/ess/PAS2301/Data/Speech/MOS_datasets/nisqa/NISQA_TRAIN_LIVE/deg_16000/book_03644_chp_0023_reader_05462_24_seg_live_phone_211.wav,409.0,book_03644_chp_0023_reader_05462_24_seg_live_phone_211,1.4,,1
/fs/ess/PAS2301/Data/Speech/MOS_datasets/nisqa/NISQA_TRAIN_LIVE/deg_16000/book_03644_chp_0023_reader_05462_24_seg_live_skype_211.wav,410.0,book_03644_chp_0023_reader_05462_24_seg_live_skype_211,2.5,,1
/fs/ess/PAS2301/Data/Speech/MOS_datasets/nisqa/NISQA_TRAIN_LIVE/deg_16000/book_03651_chp_0003_reader_01358_13_seg_live_phone_212.wav,411.0,book_03651_chp_0003_reader_01358_13_seg_live_phone_212,2.875,,1
/fs/ess/PAS2301/Data/Speech/MOS_datasets/nisqa/NISQA_TRAIN_LIVE/deg_16000/book_03651_chp_0003_reader_01358_13_seg_live_skype_212.wav,412.0,book_03651_chp_0003_reader_01358_13_seg_live_skype_212,2.4,,1
/fs/ess/PAS2301/Data/Speech/MOS_datasets/nisqa/NISQA_TRAIN_LIVE/deg_16000/book_03665_chp_0005_reader_08460_25_seg_live_phone_213.wav,413.0,book_03665_chp_0005_reader_08460_25_seg_live_phone_213,2.6,,1
/fs/ess/PAS2301/Data/Speech/MOS_datasets/nisqa/NISQA_TRAIN_LIVE/deg_16000/book_03665_chp_0005_reader_08460_25_seg_live_skype_213.wav,414.0,book_03665_chp_0005_reader_08460_25_seg_live_skype_213,1.8,,1
/fs/ess/PAS2301/Data/Speech/MOS_datasets/nisqa/NISQA_TRAIN_LIVE/deg_16000/book_03668_chp_0016_reader_05276_39_seg_live_phone_214.wav,415.0,book_03668_chp_0016_reader_05276_39_seg_live_phone_214,2.25,,1
/fs/ess/PAS2301/Data/Speech/MOS_datasets/nisqa/NISQA_TRAIN_LIVE/deg_16000/book_03668_chp_0016_reader_05276_39_seg_live_skype_214.wav,416.0,book_03668_chp_0016_reader_05276_39_seg_live_skype_214,2.6,,1
/fs/ess/PAS2301/Data/Speech/MOS_datasets/nisqa/NISQA_TRAIN_LIVE/deg_16000/book_03783_chp_0056_reader_01309_21_seg_live_phone_215.wav,417.0,book_03783_chp_0056_reader_01309_21_seg_live_phone_215,2.2,,1
/fs/ess/PAS2301/Data/Speech/MOS_datasets/nisqa/NISQA_TRAIN_LIVE/deg_16000/book_03783_chp_0056_reader_01309_21_seg_live_skype_215.wav,418.0,book_03783_chp_0056_reader_01309_21_seg_live_skype_215,2.4,,1
/fs/ess/PAS2301/Data/Speech/MOS_datasets/nisqa/NISQA_TRAIN_LIVE/deg_16000/book_03795_chp_0013_reader_10577_6_seg_live_phone_216.wav,419.0,book_03795_chp_0013_reader_10577_6_seg_live_phone_216,2.0,,1
/fs/ess/PAS2301/Data/Speech/MOS_datasets/nisqa/NISQA_TRAIN_LIVE/deg_16000/book_03795_chp_0013_reader_10577_6_seg_live_skype_216.wav,420.0,book_03795_chp_0013_reader_10577_6_seg_live_skype_216,1.2,,1
/fs/ess/PAS2301/Data/Speech/MOS_datasets/nisqa/NISQA_TRAIN_LIVE/deg_16000/book_03812_chp_0024_reader_06217_8_seg_live_phone_217.wav,421.0,book_03812_chp_0024_reader_06217_8_seg_live_phone_217,2.0,,1
/fs/ess/PAS2301/Data/Speech/MOS_datasets/nisqa/NISQA_TRAIN_LIVE/deg_16000/book_03812_chp_0024_reader_06217_8_seg_live_skype_217.wav,422.0,book_03812_chp_0024_reader_06217_8_seg_live_skype_217,1.4,,1
/fs/ess/PAS2301/Data/Speech/MOS_datasets/nisqa/NISQA_TRAIN_LIVE/deg_16000/book_03815_chp_0001_reader_02525_5_seg_live_phone_218.wav,423.0,book_03815_chp_0001_reader_02525_5_seg_live_phone_218,2.0,,1
/fs/ess/PAS2301/Data/Speech/MOS_datasets/nisqa/NISQA_TRAIN_LIVE/deg_16000/book_03815_chp_0001_reader_02525_5_seg_live_skype_218.wav,424.0,book_03815_chp_0001_reader_02525_5_seg_live_skype_218,1.8,,1
/fs/ess/PAS2301/Data/Speech/MOS_datasets/nisqa/NISQA_TRAIN_LIVE/deg_16000/book_03820_chp_0005_reader_03266_0_seg_live_phone_219.wav,425.0,book_03820_chp_0005_reader_03266_0_seg_live_phone_219,2.4,,1
/fs/ess/PAS2301/Data/Speech/MOS_datasets/nisqa/NISQA_TRAIN_LIVE/deg_16000/book_03820_chp_0005_reader_03266_0_seg_live_skype_219.wav,426.0,book_03820_chp_0005_reader_03266_0_seg_live_skype_219,2.25,,1
/fs/ess/PAS2301/Data/Speech/MOS_datasets/nisqa/NISQA_TRAIN_LIVE/deg_16000/book_03825_chp_0001_reader_05438_24_seg_live_phone_220.wav,427.0,book_03825_chp_0001_reader_05438_24_seg_live_phone_220,3.0,,1
/fs/ess/PAS2301/Data/Speech/MOS_datasets/nisqa/NISQA_TRAIN_LIVE/deg_16000/book_03825_chp_0001_reader_05438_24_seg_live_skype_220.wav,428.0,book_03825_chp_0001_reader_05438_24_seg_live_skype_220,3.0,,1
/fs/ess/PAS2301/Data/Speech/MOS_datasets/nisqa/NISQA_TRAIN_LIVE/deg_16000/book_03892_chp_0013_reader_08226_10_seg_live_phone_221.wav,429.0,book_03892_chp_0013_reader_08226_10_seg_live_phone_221,2.2,,1
/fs/ess/PAS2301/Data/Speech/MOS_datasets/nisqa/NISQA_TRAIN_LIVE/deg_16000/book_03892_chp_0013_reader_08226_10_seg_live_skype_221.wav,430.0,book_03892_chp_0013_reader_08226_10_seg_live_skype_221,1.8,,1
/fs/ess/PAS2301/Data/Speech/MOS_datasets/nisqa/NISQA_TRAIN_LIVE/deg_16000/book_03919_chp_0024_reader_09074_1_seg_live_phone_223.wav,431.0,book_03919_chp_0024_reader_09074_1_seg_live_phone_223,1.6,,1
/fs/ess/PAS2301/Data/Speech/MOS_datasets/nisqa/NISQA_TRAIN_LIVE/deg_16000/book_03919_chp_0024_reader_09074_1_seg_live_skype_223.wav,432.0,book_03919_chp_0024_reader_09074_1_seg_live_skype_223,2.4,,1
/fs/ess/PAS2301/Data/Speech/MOS_datasets/nisqa/NISQA_TRAIN_LIVE/deg_16000/book_03922_chp_0001_reader_03997_7_seg_live_phone_224.wav,433.0,book_03922_chp_0001_reader_03997_7_seg_live_phone_224,1.8,,1
/fs/ess/PAS2301/Data/Speech/MOS_datasets/nisqa/NISQA_TRAIN_LIVE/deg_16000/book_03922_chp_0001_reader_03997_7_seg_live_skype_224.wav,434.0,book_03922_chp_0001_reader_03997_7_seg_live_skype_224,2.8,,1
/fs/ess/PAS2301/Data/Speech/MOS_datasets/nisqa/NISQA_TRAIN_LIVE/deg_16000/book_03929_chp_0002_reader_06367_19_seg_live_phone_225.wav,435.0,book_03929_chp_0002_reader_06367_19_seg_live_phone_225,2.4,,1
/fs/ess/PAS2301/Data/Speech/MOS_datasets/nisqa/NISQA_TRAIN_LIVE/deg_16000/book_03929_chp_0002_reader_06367_19_seg_live_skype_225.wav,436.0,book_03929_chp_0002_reader_06367_19_seg_live_skype_225,2.0,,1
/fs/ess/PAS2301/Data/Speech/MOS_datasets/nisqa/NISQA_TRAIN_LIVE/deg_16000/book_03965_chp_0007_reader_06412_1_seg_live_phone_227.wav,437.0,book_03965_chp_0007_reader_06412_1_seg_live_phone_227,1.2,,1
/fs/ess/PAS2301/Data/Speech/MOS_datasets/nisqa/NISQA_TRAIN_LIVE/deg_16000/book_03965_chp_0007_reader_06412_1_seg_live_skype_227.wav,438.0,book_03965_chp_0007_reader_06412_1_seg_live_skype_227,1.4,,1
/fs/ess/PAS2301/Data/Speech/MOS_datasets/nisqa/NISQA_TRAIN_LIVE/deg_16000/book_03983_chp_0014_reader_02441_15_seg_live_phone_229.wav,439.0,book_03983_chp_0014_reader_02441_15_seg_live_phone_229,1.4,,1
/fs/ess/PAS2301/Data/Speech/MOS_datasets/nisqa/NISQA_TRAIN_LIVE/deg_16000/book_03983_chp_0014_reader_02441_15_seg_live_skype_229.wav,440.0,book_03983_chp_0014_reader_02441_15_seg_live_skype_229,1.4,,1
/fs/ess/PAS2301/Data/Speech/MOS_datasets/nisqa/NISQA_TRAIN_LIVE/deg_16000/book_03987_chp_0004_reader_03348_53_seg_live_phone_230.wav,441.0,book_03987_chp_0004_reader_03348_53_seg_live_phone_230,1.625,,1
/fs/ess/PAS2301/Data/Speech/MOS_datasets/nisqa/NISQA_TRAIN_LIVE/deg_16000/book_03987_chp_0004_reader_03348_53_seg_live_skype_230.wav,442.0,book_03987_chp_0004_reader_03348_53_seg_live_skype_230,1.8,,1
/fs/ess/PAS2301/Data/Speech/MOS_datasets/nisqa/NISQA_TRAIN_LIVE/deg_16000/book_03987_chp_0010_reader_09877_1_seg_live_phone_231.wav,443.0,book_03987_chp_0010_reader_09877_1_seg_live_phone_231,1.8,,1
/fs/ess/PAS2301/Data/Speech/MOS_datasets/nisqa/NISQA_TRAIN_LIVE/deg_16000/book_03987_chp_0010_reader_09877_1_seg_live_skype_231.wav,444.0,book_03987_chp_0010_reader_09877_1_seg_live_skype_231,2.0,,1
/fs/ess/PAS2301/Data/Speech/MOS_datasets/nisqa/NISQA_TRAIN_LIVE/deg_16000/book_04000_chp_0002_reader_02567_12_seg_live_phone_232.wav,445.0,book_04000_chp_0002_reader_02567_12_seg_live_phone_232,1.75,,1
/fs/ess/PAS2301/Data/Speech/MOS_datasets/nisqa/NISQA_TRAIN_LIVE/deg_16000/book_04000_chp_0002_reader_02567_12_seg_live_skype_232.wav,446.0,book_04000_chp_0002_reader_02567_12_seg_live_skype_232,1.2,,1
/fs/ess/PAS2301/Data/Speech/MOS_datasets/nisqa/NISQA_TRAIN_LIVE/deg_16000/book_04004_chp_0016_reader_01967_23_seg_live_phone_233.wav,447.0,book_04004_chp_0016_reader_01967_23_seg_live_phone_233,1.8,,1
/fs/ess/PAS2301/Data/Speech/MOS_datasets/nisqa/NISQA_TRAIN_LIVE/deg_16000/book_04004_chp_0016_reader_01967_23_seg_live_skype_233.wav,448.0,book_04004_chp_0016_reader_01967_23_seg_live_skype_233,1.6,,1
/fs/ess/PAS2301/Data/Speech/MOS_datasets/nisqa/NISQA_TRAIN_LIVE/deg_16000/book_04021_chp_0001_reader_02675_3_seg_live_phone_234.wav,449.0,book_04021_chp_0001_reader_02675_3_seg_live_phone_234,1.8,,1
/fs/ess/PAS2301/Data/Speech/MOS_datasets/nisqa/NISQA_TRAIN_LIVE/deg_16000/book_04021_chp_0001_reader_02675_3_seg_live_skype_234.wav,450.0,book_04021_chp_0001_reader_02675_3_seg_live_skype_234,1.6,,1
/fs/ess/PAS2301/Data/Speech/MOS_datasets/nisqa/NISQA_TRAIN_LIVE/deg_16000/book_04049_chp_0014_reader_06991_6_seg_live_phone_235.wav,451.0,book_04049_chp_0014_reader_06991_6_seg_live_phone_235,2.8,,1
/fs/ess/PAS2301/Data/Speech/MOS_datasets/nisqa/NISQA_TRAIN_LIVE/deg_16000/book_04049_chp_0014_reader_06991_6_seg_live_skype_235.wav,452.0,book_04049_chp_0014_reader_06991_6_seg_live_skype_235,2.6,,1
/fs/ess/PAS2301/Data/Speech/MOS_datasets/nisqa/NISQA_TRAIN_LIVE/deg_16000/book_04059_chp_0018_reader_01243_38_seg_live_phone_236.wav,453.0,book_04059_chp_0018_reader_01243_38_seg_live_phone_236,3.0,,1
/fs/ess/PAS2301/Data/Speech/MOS_datasets/nisqa/NISQA_TRAIN_LIVE/deg_16000/book_04059_chp_0018_reader_01243_38_seg_live_skype_236.wav,454.0,book_04059_chp_0018_reader_01243_38_seg_live_skype_236,2.1,,1
/fs/ess/PAS2301/Data/Speech/MOS_datasets/nisqa/NISQA_TRAIN_LIVE/deg_16000/book_04076_chp_0003_reader_00867_35_seg_live_phone_237.wav,455.0,book_04076_chp_0003_reader_00867_35_seg_live_phone_237,2.2,,1
/fs/ess/PAS2301/Data/Speech/MOS_datasets/nisqa/NISQA_TRAIN_LIVE/deg_16000/book_04076_chp_0003_reader_00867_35_seg_live_skype_237.wav,456.0,book_04076_chp_0003_reader_00867_35_seg_live_skype_237,1.5,,1
/fs/ess/PAS2301/Data/Speech/MOS_datasets/nisqa/NISQA_TRAIN_LIVE/deg_16000/book_04080_chp_0056_reader_09957_33_seg_live_phone_238.wav,457.0,book_04080_chp_0056_reader_09957_33_seg_live_phone_238,2.4,,1
/fs/ess/PAS2301/Data/Speech/MOS_datasets/nisqa/NISQA_TRAIN_LIVE/deg_16000/book_04080_chp_0056_reader_09957_33_seg_live_skype_238.wav,458.0,book_04080_chp_0056_reader_09957_33_seg_live_skype_238,1.4,,1
/fs/ess/PAS2301/Data/Speech/MOS_datasets/nisqa/NISQA_TRAIN_LIVE/deg_16000/book_04102_chp_0008_reader_08573_27_seg_live_phone_239.wav,459.0,book_04102_chp_0008_reader_08573_27_seg_live_phone_239,2.2,,1
/fs/ess/PAS2301/Data/Speech/MOS_datasets/nisqa/NISQA_TRAIN_LIVE/deg_16000/book_04102_chp_0008_reader_08573_27_seg_live_skype_239.wav,460.0,book_04102_chp_0008_reader_08573_27_seg_live_skype_239,1.4,,1
/fs/ess/PAS2301/Data/Speech/MOS_datasets/nisqa/NISQA_TRAIN_LIVE/deg_16000/book_04106_chp_0003_reader_06930_18_seg_live_phone_240.wav,461.0,book_04106_chp_0003_reader_06930_18_seg_live_phone_240,2.2,,1
/fs/ess/PAS2301/Data/Speech/MOS_datasets/nisqa/NISQA_TRAIN_LIVE/deg_16000/book_04106_chp_0003_reader_06930_18_seg_live_skype_240.wav,462.0,book_04106_chp_0003_reader_06930_18_seg_live_skype_240,2.0,,1
/fs/ess/PAS2301/Data/Speech/MOS_datasets/nisqa/NISQA_TRAIN_LIVE/deg_16000/book_04113_chp_0008_reader_11052_1_seg_live_phone_241.wav,463.0,book_04113_chp_0008_reader_11052_1_seg_live_phone_241,3.4,,1
/fs/ess/PAS2301/Data/Speech/MOS_datasets/nisqa/NISQA_TRAIN_LIVE/deg_16000/book_04113_chp_0008_reader_11052_1_seg_live_skype_241.wav,464.0,book_04113_chp_0008_reader_11052_1_seg_live_skype_241,2.8,,1
/fs/ess/PAS2301/Data/Speech/MOS_datasets/nisqa/NISQA_TRAIN_LIVE/deg_16000/book_04113_chp_0013_reader_10907_29_seg_live_phone_242.wav,465.0,book_04113_chp_0013_reader_10907_29_seg_live_phone_242,3.0,,1
/fs/ess/PAS2301/Data/Speech/MOS_datasets/nisqa/NISQA_TRAIN_LIVE/deg_16000/book_04113_chp_0013_reader_10907_29_seg_live_skype_242.wav,466.0,book_04113_chp_0013_reader_10907_29_seg_live_skype_242,3.0,,1
/fs/ess/PAS2301/Data/Speech/MOS_datasets/nisqa/NISQA_TRAIN_LIVE/deg_16000/book_04265_chp_0017_reader_08972_89_seg_live_phone_244.wav,467.0,book_04265_chp_0017_reader_08972_89_seg_live_phone_244,2.0,,1
/fs/ess/PAS2301/Data/Speech/MOS_datasets/nisqa/NISQA_TRAIN_LIVE/deg_16000/book_04265_chp_0017_reader_08972_89_seg_live_skype_244.wav,468.0,book_04265_chp_0017_reader_08972_89_seg_live_skype_244,3.0,,1
/fs/ess/PAS2301/Data/Speech/MOS_datasets/nisqa/NISQA_TRAIN_LIVE/deg_16000/book_04269_chp_0038_reader_08993_0_seg_live_phone_245.wav,469.0,book_04269_chp_0038_reader_08993_0_seg_live_phone_245,3.2,,1
/fs/ess/PAS2301/Data/Speech/MOS_datasets/nisqa/NISQA_TRAIN_LIVE/deg_16000/book_04269_chp_0038_reader_08993_0_seg_live_skype_245.wav,470.0,book_04269_chp_0038_reader_08993_0_seg_live_skype_245,2.8,,1
/fs/ess/PAS2301/Data/Speech/MOS_datasets/nisqa/NISQA_TRAIN_LIVE/deg_16000/book_04283_chp_0028_reader_09698_11_seg_live_phone_246.wav,471.0,book_04283_chp_0028_reader_09698_11_seg_live_phone_246,2.6,,1
/fs/ess/PAS2301/Data/Speech/MOS_datasets/nisqa/NISQA_TRAIN_LIVE/deg_16000/book_04283_chp_0028_reader_09698_11_seg_live_skype_246.wav,472.0,book_04283_chp_0028_reader_09698_11_seg_live_skype_246,2.57142857142857,,1
/fs/ess/PAS2301/Data/Speech/MOS_datasets/nisqa/NISQA_TRAIN_LIVE/deg_16000/book_04283_chp_0054_reader_09446_27_seg_live_phone_247.wav,473.0,book_04283_chp_0054_reader_09446_27_seg_live_phone_247,3.0,,1
/fs/ess/PAS2301/Data/Speech/MOS_datasets/nisqa/NISQA_TRAIN_LIVE/deg_16000/book_04283_chp_0054_reader_09446_27_seg_live_skype_247.wav,474.0,book_04283_chp_0054_reader_09446_27_seg_live_skype_247,3.2,,1
/fs/ess/PAS2301/Data/Speech/MOS_datasets/nisqa/NISQA_TRAIN_LIVE/deg_16000/book_04288_chp_0041_reader_04020_4_seg_live_skype_248.wav,475.0,book_04288_chp_0041_reader_04020_4_seg_live_skype_248,3.2,,1
/fs/ess/PAS2301/Data/Speech/MOS_datasets/nisqa/NISQA_TRAIN_LIVE/deg_16000/book_04303_chp_0017_reader_01116_49_seg_live_skype_250.wav,476.0,book_04303_chp_0017_reader_01116_49_seg_live_skype_250,3.4,,1
/fs/ess/PAS2301/Data/Speech/MOS_datasets/nisqa/NISQA_TRAIN_LIVE/deg_16000/book_04308_chp_0054_reader_10423_8_seg_live_skype_251.wav,477.0,book_04308_chp_0054_reader_10423_8_seg_live_skype_251,3.0,,1
/fs/ess/PAS2301/Data/Speech/MOS_datasets/nisqa/NISQA_TRAIN_LIVE/deg_16000/book_04362_chp_0019_reader_07813_8_seg_live_skype_253.wav,478.0,book_04362_chp_0019_reader_07813_8_seg_live_skype_253,3.0,,1
/fs/ess/PAS2301/Data/Speech/MOS_datasets/nisqa/NISQA_TRAIN_LIVE/deg_16000/book_04408_chp_0018_reader_08164_30_seg_live_skype_255.wav,479.0,book_04408_chp_0018_reader_08164_30_seg_live_skype_255,2.8,,1
/fs/ess/PAS2301/Data/Speech/MOS_datasets/nisqa/NISQA_TRAIN_LIVE/deg_16000/book_04426_chp_0008_reader_06681_1_seg_live_skype_256.wav,480.0,book_04426_chp_0008_reader_06681_1_seg_live_skype_256,3.22222222222222,,1
/fs/ess/PAS2301/Data/Speech/MOS_datasets/nisqa/NISQA_TRAIN_LIVE/deg_16000/book_04432_chp_0002_reader_10614_30_seg_live_skype_257.wav,481.0,book_04432_chp_0002_reader_10614_30_seg_live_skype_257,3.3333333333333304,,1
/fs/ess/PAS2301/Data/Speech/MOS_datasets/nisqa/NISQA_TRAIN_LIVE/deg_16000/book_04456_chp_0001_reader_05449_4_seg_live_skype_258.wav,482.0,book_04456_chp_0001_reader_05449_4_seg_live_skype_258,3.125,,1
/fs/ess/PAS2301/Data/Speech/MOS_datasets/nisqa/NISQA_TRAIN_LIVE/deg_16000/book_04466_chp_0014_reader_10811_24_seg_live_skype_259.wav,483.0,book_04466_chp_0014_reader_10811_24_seg_live_skype_259,3.2,,1
/fs/ess/PAS2301/Data/Speech/MOS_datasets/nisqa/NISQA_TRAIN_LIVE/deg_16000/book_04466_chp_0014_reader_10811_27_seg_live_phone_260.wav,484.0,book_04466_chp_0014_reader_10811_27_seg_live_phone_260,2.125,,1
/fs/ess/PAS2301/Data/Speech/MOS_datasets/nisqa/NISQA_TRAIN_LIVE/deg_16000/book_04466_chp_0014_reader_10811_27_seg_live_skype_260.wav,485.0,book_04466_chp_0014_reader_10811_27_seg_live_skype_260,3.4,,1
/fs/ess/PAS2301/Data/Speech/MOS_datasets/nisqa/NISQA_TRAIN_LIVE/deg_16000/book_04474_chp_0009_reader_06618_2_seg_live_phone_263.wav,486.0,book_04474_chp_0009_reader_06618_2_seg_live_phone_263,2.4,,1
/fs/ess/PAS2301/Data/Speech/MOS_datasets/nisqa/NISQA_TRAIN_LIVE/deg_16000/book_04474_chp_0009_reader_06618_2_seg_live_skype_263.wav,487.0,book_04474_chp_0009_reader_06618_2_seg_live_skype_263,3.8,,1
/fs/ess/PAS2301/Data/Speech/MOS_datasets/nisqa/NISQA_TRAIN_LIVE/deg_16000/book_04486_chp_0049_reader_07155_2_seg_live_phone_265.wav,488.0,book_04486_chp_0049_reader_07155_2_seg_live_phone_265,2.4,,1
/fs/ess/PAS2301/Data/Speech/MOS_datasets/nisqa/NISQA_TRAIN_LIVE/deg_16000/book_04486_chp_0049_reader_07155_2_seg_live_skype_265.wav,489.0,book_04486_chp_0049_reader_07155_2_seg_live_skype_265,3.8,,1
/fs/ess/PAS2301/Data/Speech/MOS_datasets/nisqa/NISQA_TRAIN_LIVE/deg_16000/book_04595_chp_0010_reader_02624_27_seg_live_phone_266.wav,490.0,book_04595_chp_0010_reader_02624_27_seg_live_phone_266,3.2,,1
/fs/ess/PAS2301/Data/Speech/MOS_datasets/nisqa/NISQA_TRAIN_LIVE/deg_16000/book_04595_chp_0010_reader_02624_27_seg_live_skype_266.wav,491.0,book_04595_chp_0010_reader_02624_27_seg_live_skype_266,3.8,,1
/fs/ess/PAS2301/Data/Speech/MOS_datasets/nisqa/NISQA_TRAIN_LIVE/deg_16000/book_04633_chp_0004_reader_02118_0_seg_live_phone_268.wav,492.0,book_04633_chp_0004_reader_02118_0_seg_live_phone_268,3.6,,1
/fs/ess/PAS2301/Data/Speech/MOS_datasets/nisqa/NISQA_TRAIN_LIVE/deg_16000/book_04633_chp_0004_reader_02118_0_seg_live_skype_268.wav,493.0,book_04633_chp_0004_reader_02118_0_seg_live_skype_268,2.6,,1
/fs/ess/PAS2301/Data/Speech/MOS_datasets/nisqa/NISQA_TRAIN_LIVE/deg_16000/book_04648_chp_0018_reader_07989_19_seg_live_phone_269.wav,494.0,book_04648_chp_0018_reader_07989_19_seg_live_phone_269,2.8,,1
/fs/ess/PAS2301/Data/Speech/MOS_datasets/nisqa/NISQA_TRAIN_LIVE/deg_16000/book_04648_chp_0018_reader_07989_19_seg_live_skype_269.wav,495.0,book_04648_chp_0018_reader_07989_19_seg_live_skype_269,3.0,,1
/fs/ess/PAS2301/Data/Speech/MOS_datasets/nisqa/NISQA_TRAIN_LIVE/deg_16000/book_04704_chp_0019_reader_10494_20_seg_live_phone_270.wav,496.0,book_04704_chp_0019_reader_10494_20_seg_live_phone_270,1.6,,1
/fs/ess/PAS2301/Data/Speech/MOS_datasets/nisqa/NISQA_TRAIN_LIVE/deg_16000/book_04704_chp_0019_reader_10494_20_seg_live_skype_270.wav,497.0,book_04704_chp_0019_reader_10494_20_seg_live_skype_270,3.6,,1
/fs/ess/PAS2301/Data/Speech/MOS_datasets/nisqa/NISQA_TRAIN_LIVE/deg_16000/book_04723_chp_0001_reader_11431_23_seg_live_phone_271.wav,498.0,book_04723_chp_0001_reader_11431_23_seg_live_phone_271,3.2,,1
/fs/ess/PAS2301/Data/Speech/MOS_datasets/nisqa/NISQA_TRAIN_LIVE/deg_16000/book_04723_chp_0001_reader_11431_23_seg_live_skype_271.wav,499.0,book_04723_chp_0001_reader_11431_23_seg_live_skype_271,2.4,,1
/fs/ess/PAS2301/Data/Speech/MOS_datasets/nisqa/NISQA_TRAIN_LIVE/deg_16000/book_04733_chp_0031_reader_10929_10_seg_live_phone_272.wav,500.0,book_04733_chp_0031_reader_10929_10_seg_live_phone_272,3.2,,1
/fs/ess/PAS2301/Data/Speech/MOS_datasets/nisqa/NISQA_TRAIN_LIVE/deg_16000/book_04733_chp_0031_reader_10929_10_seg_live_skype_272.wav,501.0,book_04733_chp_0031_reader_10929_10_seg_live_skype_272,4.2,,1
/fs/ess/PAS2301/Data/Speech/MOS_datasets/nisqa/NISQA_TRAIN_LIVE/deg_16000/book_04757_chp_0044_reader_08858_10_seg_live_phone_274.wav,502.0,book_04757_chp_0044_reader_08858_10_seg_live_phone_274,1.2,,1
/fs/ess/PAS2301/Data/Speech/MOS_datasets/nisqa/NISQA_TRAIN_LIVE/deg_16000/book_04757_chp_0044_reader_08858_10_seg_live_skype_274.wav,503.0,book_04757_chp_0044_reader_08858_10_seg_live_skype_274,2.8,,1
/fs/ess/PAS2301/Data/Speech/MOS_datasets/nisqa/NISQA_TRAIN_LIVE/deg_16000/book_04822_chp_0012_reader_05684_6_seg_live_phone_275.wav,504.0,book_04822_chp_0012_reader_05684_6_seg_live_phone_275,1.0,,1
/fs/ess/PAS2301/Data/Speech/MOS_datasets/nisqa/NISQA_TRAIN_LIVE/deg_16000/book_04822_chp_0012_reader_05684_6_seg_live_skype_275.wav,505.0,book_04822_chp_0012_reader_05684_6_seg_live_skype_275,1.88888888888889,,1
/fs/ess/PAS2301/Data/Speech/MOS_datasets/nisqa/NISQA_TRAIN_LIVE/deg_16000/book_04847_chp_0034_reader_01685_4_seg_live_phone_276.wav,506.0,book_04847_chp_0034_reader_01685_4_seg_live_phone_276,1.0,,1
/fs/ess/PAS2301/Data/Speech/MOS_datasets/nisqa/NISQA_TRAIN_LIVE/deg_16000/book_04847_chp_0034_reader_01685_4_seg_live_skype_276.wav,507.0,book_04847_chp_0034_reader_01685_4_seg_live_skype_276,1.57142857142857,,1
/fs/ess/PAS2301/Data/Speech/MOS_datasets/nisqa/NISQA_TRAIN_LIVE/deg_16000/book_04849_chp_0039_reader_00141_18_seg_live_phone_278.wav,508.0,book_04849_chp_0039_reader_00141_18_seg_live_phone_278,1.0,,1
/fs/ess/PAS2301/Data/Speech/MOS_datasets/nisqa/NISQA_TRAIN_LIVE/deg_16000/book_04849_chp_0039_reader_00141_18_seg_live_skype_278.wav,509.0,book_04849_chp_0039_reader_00141_18_seg_live_skype_278,3.0,,1
/fs/ess/PAS2301/Data/Speech/MOS_datasets/nisqa/NISQA_TRAIN_LIVE/deg_16000/book_04850_chp_0003_reader_08264_17_seg_live_phone_279.wav,510.0,book_04850_chp_0003_reader_08264_17_seg_live_phone_279,1.0,,1
/fs/ess/PAS2301/Data/Speech/MOS_datasets/nisqa/NISQA_TRAIN_LIVE/deg_16000/book_04850_chp_0003_reader_08264_17_seg_live_skype_279.wav,511.0,book_04850_chp_0003_reader_08264_17_seg_live_skype_279,2.0,,1
/fs/ess/PAS2301/Data/Speech/MOS_datasets/nisqa/NISQA_TRAIN_LIVE/deg_16000/book_04881_chp_0017_reader_06449_58_seg_live_phone_280.wav,512.0,book_04881_chp_0017_reader_06449_58_seg_live_phone_280,1.0,,1
/fs/ess/PAS2301/Data/Speech/MOS_datasets/nisqa/NISQA_TRAIN_LIVE/deg_16000/book_04881_chp_0017_reader_06449_58_seg_live_skype_280.wav,513.0,book_04881_chp_0017_reader_06449_58_seg_live_skype_280,2.6,,1
/fs/ess/PAS2301/Data/Speech/MOS_datasets/nisqa/NISQA_TRAIN_LIVE/deg_16000/book_04894_chp_0019_reader_08665_2_seg_live_phone_281.wav,514.0,book_04894_chp_0019_reader_08665_2_seg_live_phone_281,1.6,,1
/fs/ess/PAS2301/Data/Speech/MOS_datasets/nisqa/NISQA_TRAIN_LIVE/deg_16000/book_04894_chp_0019_reader_08665_2_seg_live_skype_281.wav,515.0,book_04894_chp_0019_reader_08665_2_seg_live_skype_281,2.8,,1
/fs/ess/PAS2301/Data/Speech/MOS_datasets/nisqa/NISQA_TRAIN_LIVE/deg_16000/book_04905_chp_0020_reader_09120_18_seg_live_phone_282.wav,516.0,book_04905_chp_0020_reader_09120_18_seg_live_phone_282,1.0,,1
/fs/ess/PAS2301/Data/Speech/MOS_datasets/nisqa/NISQA_TRAIN_LIVE/deg_16000/book_04905_chp_0020_reader_09120_18_seg_live_skype_282.wav,517.0,book_04905_chp_0020_reader_09120_18_seg_live_skype_282,2.2,,1
/fs/ess/PAS2301/Data/Speech/MOS_datasets/nisqa/NISQA_TRAIN_LIVE/deg_16000/book_04939_chp_0006_reader_02069_28_seg_live_phone_283.wav,518.0,book_04939_chp_0006_reader_02069_28_seg_live_phone_283,1.2,,1
/fs/ess/PAS2301/Data/Speech/MOS_datasets/nisqa/NISQA_TRAIN_LIVE/deg_16000/book_04939_chp_0006_reader_02069_28_seg_live_skype_283.wav,519.0,book_04939_chp_0006_reader_02069_28_seg_live_skype_283,2.1666666666666696,,1
/fs/ess/PAS2301/Data/Speech/MOS_datasets/nisqa/NISQA_TRAIN_LIVE/deg_16000/book_04939_chp_0009_reader_03954_51_seg_live_phone_284.wav,520.0,book_04939_chp_0009_reader_03954_51_seg_live_phone_284,1.2,,1
/fs/ess/PAS2301/Data/Speech/MOS_datasets/nisqa/NISQA_TRAIN_LIVE/deg_16000/book_04939_chp_0009_reader_03954_51_seg_live_skype_284.wav,521.0,book_04939_chp_0009_reader_03954_51_seg_live_skype_284,2.4,,1
/fs/ess/PAS2301/Data/Speech/MOS_datasets/nisqa/NISQA_TRAIN_LIVE/deg_16000/book_04961_chp_0010_reader_05897_16_seg_live_phone_285.wav,522.0,book_04961_chp_0010_reader_05897_16_seg_live_phone_285,1.5,,1
/fs/ess/PAS2301/Data/Speech/MOS_datasets/nisqa/NISQA_TRAIN_LIVE/deg_16000/book_04961_chp_0010_reader_05897_16_seg_live_skype_285.wav,523.0,book_04961_chp_0010_reader_05897_16_seg_live_skype_285,2.75,,1
/fs/ess/PAS2301/Data/Speech/MOS_datasets/nisqa/NISQA_TRAIN_LIVE/deg_16000/book_04970_chp_0050_reader_04178_1_seg_live_phone_286.wav,524.0,book_04970_chp_0050_reader_04178_1_seg_live_phone_286,1.6,,1
/fs/ess/PAS2301/Data/Speech/MOS_datasets/nisqa/NISQA_TRAIN_LIVE/deg_16000/book_04970_chp_0050_reader_04178_1_seg_live_skype_286.wav,525.0,book_04970_chp_0050_reader_04178_1_seg_live_skype_286,1.8,,1
/fs/ess/PAS2301/Data/Speech/MOS_datasets/nisqa/NISQA_TRAIN_LIVE/deg_16000/book_04984_chp_0026_reader_04213_0_seg_live_phone_287.wav,526.0,book_04984_chp_0026_reader_04213_0_seg_live_phone_287,1.4,,1
/fs/ess/PAS2301/Data/Speech/MOS_datasets/nisqa/NISQA_TRAIN_LIVE/deg_16000/book_04984_chp_0026_reader_04213_0_seg_live_skype_287.wav,527.0,book_04984_chp_0026_reader_04213_0_seg_live_skype_287,2.8,,1
/fs/ess/PAS2301/Data/Speech/MOS_datasets/nisqa/NISQA_TRAIN_LIVE/deg_16000/book_04991_chp_0002_reader_00866_21_seg_live_phone_288.wav,528.0,book_04991_chp_0002_reader_00866_21_seg_live_phone_288,1.4,,1
/fs/ess/PAS2301/Data/Speech/MOS_datasets/nisqa/NISQA_TRAIN_LIVE/deg_16000/book_04991_chp_0002_reader_00866_21_seg_live_skype_288.wav,529.0,book_04991_chp_0002_reader_00866_21_seg_live_skype_288,2.4,,1
/fs/ess/PAS2301/Data/Speech/MOS_datasets/nisqa/NISQA_TRAIN_LIVE/deg_16000/book_04991_chp_0003_reader_03341_63_seg_live_phone_289.wav,530.0,book_04991_chp_0003_reader_03341_63_seg_live_phone_289,1.4,,1
/fs/ess/PAS2301/Data/Speech/MOS_datasets/nisqa/NISQA_TRAIN_LIVE/deg_16000/book_04991_chp_0003_reader_03341_63_seg_live_skype_289.wav,531.0,book_04991_chp_0003_reader_03341_63_seg_live_skype_289,3.0,,1
/fs/ess/PAS2301/Data/Speech/MOS_datasets/nisqa/NISQA_TRAIN_LIVE/deg_16000/book_05012_chp_0003_reader_10161_4_seg_live_phone_290.wav,532.0,book_05012_chp_0003_reader_10161_4_seg_live_phone_290,2.6,,1
/fs/ess/PAS2301/Data/Speech/MOS_datasets/nisqa/NISQA_TRAIN_LIVE/deg_16000/book_05012_chp_0003_reader_10161_4_seg_live_skype_290.wav,533.0,book_05012_chp_0003_reader_10161_4_seg_live_skype_290,2.4,,1
/fs/ess/PAS2301/Data/Speech/MOS_datasets/nisqa/NISQA_TRAIN_LIVE/deg_16000/book_05018_chp_0002_reader_10145_7_seg_live_phone_291.wav,534.0,book_05018_chp_0002_reader_10145_7_seg_live_phone_291,1.6,,1
/fs/ess/PAS2301/Data/Speech/MOS_datasets/nisqa/NISQA_TRAIN_LIVE/deg_16000/book_05018_chp_0002_reader_10145_7_seg_live_skype_291.wav,535.0,book_05018_chp_0002_reader_10145_7_seg_live_skype_291,2.71428571428571,,1
/fs/ess/PAS2301/Data/Speech/MOS_datasets/nisqa/NISQA_TRAIN_LIVE/deg_16000/book_05046_chp_0053_reader_01465_0_seg_live_phone_292.wav,536.0,book_05046_chp_0053_reader_01465_0_seg_live_phone_292,1.6,,1
/fs/ess/PAS2301/Data/Speech/MOS_datasets/nisqa/NISQA_TRAIN_LIVE/deg_16000/book_05046_chp_0053_reader_01465_0_seg_live_skype_292.wav,537.0,book_05046_chp_0053_reader_01465_0_seg_live_skype_292,2.4,,1
/fs/ess/PAS2301/Data/Speech/MOS_datasets/nisqa/NISQA_TRAIN_LIVE/deg_16000/book_05055_chp_0014_reader_09841_6_seg_live_phone_293.wav,538.0,book_05055_chp_0014_reader_09841_6_seg_live_phone_293,1.4,,1
/fs/ess/PAS2301/Data/Speech/MOS_datasets/nisqa/NISQA_TRAIN_LIVE/deg_16000/book_05055_chp_0014_reader_09841_6_seg_live_skype_293.wav,539.0,book_05055_chp_0014_reader_09841_6_seg_live_skype_293,2.4,,1
/fs/ess/PAS2301/Data/Speech/MOS_datasets/nisqa/NISQA_TRAIN_LIVE/deg_16000/book_05063_chp_0004_reader_11048_36_seg_live_phone_294.wav,540.0,book_05063_chp_0004_reader_11048_36_seg_live_phone_294,1.0,,1
/fs/ess/PAS2301/Data/Speech/MOS_datasets/nisqa/NISQA_TRAIN_LIVE/deg_16000/book_05063_chp_0004_reader_11048_36_seg_live_skype_294.wav,541.0,book_05063_chp_0004_reader_11048_36_seg_live_skype_294,1.8,,1
/fs/ess/PAS2301/Data/Speech/MOS_datasets/nisqa/NISQA_TRAIN_LIVE/deg_16000/book_05084_chp_0007_reader_03718_7_seg_live_phone_295.wav,542.0,book_05084_chp_0007_reader_03718_7_seg_live_phone_295,1.4,,1
/fs/ess/PAS2301/Data/Speech/MOS_datasets/nisqa/NISQA_TRAIN_LIVE/deg_16000/book_05084_chp_0007_reader_03718_7_seg_live_skype_295.wav,543.0,book_05084_chp_0007_reader_03718_7_seg_live_skype_295,3.0,,1
/fs/ess/PAS2301/Data/Speech/MOS_datasets/nisqa/NISQA_TRAIN_LIVE/deg_16000/book_05094_chp_0008_reader_06918_5_seg_live_phone_296.wav,544.0,book_05094_chp_0008_reader_06918_5_seg_live_phone_296,1.42857142857143,,1
/fs/ess/PAS2301/Data/Speech/MOS_datasets/nisqa/NISQA_TRAIN_LIVE/deg_16000/book_05094_chp_0008_reader_06918_5_seg_live_skype_296.wav,545.0,book_05094_chp_0008_reader_06918_5_seg_live_skype_296,2.4,,1
/fs/ess/PAS2301/Data/Speech/MOS_datasets/nisqa/NISQA_TRAIN_LIVE/deg_16000/book_05144_chp_0005_reader_04040_76_seg_live_phone_297.wav,546.0,book_05144_chp_0005_reader_04040_76_seg_live_phone_297,1.8,,1
/fs/ess/PAS2301/Data/Speech/MOS_datasets/nisqa/NISQA_TRAIN_LIVE/deg_16000/book_05144_chp_0005_reader_04040_76_seg_live_skype_297.wav,547.0,book_05144_chp_0005_reader_04040_76_seg_live_skype_297,3.0,,1
/fs/ess/PAS2301/Data/Speech/MOS_datasets/nisqa/NISQA_TRAIN_LIVE/deg_16000/book_05228_chp_0012_reader_05638_15_seg_live_phone_299.wav,548.0,book_05228_chp_0012_reader_05638_15_seg_live_phone_299,1.0,,1
/fs/ess/PAS2301/Data/Speech/MOS_datasets/nisqa/NISQA_TRAIN_LIVE/deg_16000/book_05228_chp_0012_reader_05638_15_seg_live_skype_299.wav,549.0,book_05228_chp_0012_reader_05638_15_seg_live_skype_299,2.8,,1
/fs/ess/PAS2301/Data/Speech/MOS_datasets/nisqa/NISQA_TRAIN_LIVE/deg_16000/book_05231_chp_0010_reader_09956_1_seg_live_phone_300.wav,550.0,book_05231_chp_0010_reader_09956_1_seg_live_phone_300,1.8,,1
/fs/ess/PAS2301/Data/Speech/MOS_datasets/nisqa/NISQA_TRAIN_LIVE/deg_16000/book_05231_chp_0010_reader_09956_1_seg_live_skype_300.wav,551.0,book_05231_chp_0010_reader_09956_1_seg_live_skype_300,2.4,,1
/fs/ess/PAS2301/Data/Speech/MOS_datasets/nisqa/NISQA_TRAIN_LIVE/deg_16000/book_05255_chp_0008_reader_00003_1_seg_live_phone_302.wav,552.0,book_05255_chp_0008_reader_00003_1_seg_live_phone_302,1.4,,1
/fs/ess/PAS2301/Data/Speech/MOS_datasets/nisqa/NISQA_TRAIN_LIVE/deg_16000/book_05255_chp_0008_reader_00003_1_seg_live_skype_302.wav,553.0,book_05255_chp_0008_reader_00003_1_seg_live_skype_302,2.8,,1
/fs/ess/PAS2301/Data/Speech/MOS_datasets/nisqa/NISQA_TRAIN_LIVE/deg_16000/book_05266_chp_0029_reader_03268_5_seg_live_phone_303.wav,554.0,book_05266_chp_0029_reader_03268_5_seg_live_phone_303,2.0,,1
/fs/ess/PAS2301/Data/Speech/MOS_datasets/nisqa/NISQA_TRAIN_LIVE/deg_16000/book_05266_chp_0029_reader_03268_5_seg_live_skype_303.wav,555.0,book_05266_chp_0029_reader_03268_5_seg_live_skype_303,3.2,,1
/fs/ess/PAS2301/Data/Speech/MOS_datasets/nisqa/NISQA_TRAIN_LIVE/deg_16000/book_05327_chp_0003_reader_08089_7_seg_live_phone_304.wav,556.0,book_05327_chp_0003_reader_08089_7_seg_live_phone_304,1.6,,1
/fs/ess/PAS2301/Data/Speech/MOS_datasets/nisqa/NISQA_TRAIN_LIVE/deg_16000/book_05327_chp_0003_reader_08089_7_seg_live_skype_304.wav,557.0,book_05327_chp_0003_reader_08089_7_seg_live_skype_304,2.2,,1
/fs/ess/PAS2301/Data/Speech/MOS_datasets/nisqa/NISQA_TRAIN_LIVE/deg_16000/book_05339_chp_0016_reader_08805_29_seg_live_phone_305.wav,558.0,book_05339_chp_0016_reader_08805_29_seg_live_phone_305,1.2,,1
/fs/ess/PAS2301/Data/Speech/MOS_datasets/nisqa/NISQA_TRAIN_LIVE/deg_16000/book_05339_chp_0016_reader_08805_29_seg_live_skype_305.wav,559.0,book_05339_chp_0016_reader_08805_29_seg_live_skype_305,1.8,,1
/fs/ess/PAS2301/Data/Speech/MOS_datasets/nisqa/NISQA_TRAIN_LIVE/deg_16000/book_05361_chp_0007_reader_00402_6_seg_live_phone_306.wav,560.0,book_05361_chp_0007_reader_00402_6_seg_live_phone_306,1.5,,1
/fs/ess/PAS2301/Data/Speech/MOS_datasets/nisqa/NISQA_TRAIN_LIVE/deg_16000/book_05361_chp_0007_reader_00402_6_seg_live_skype_306.wav,561.0,book_05361_chp_0007_reader_00402_6_seg_live_skype_306,2.8,,1
/fs/ess/PAS2301/Data/Speech/MOS_datasets/nisqa/NISQA_TRAIN_LIVE/deg_16000/book_05365_chp_0008_reader_05613_6_seg_live_phone_307.wav,562.0,book_05365_chp_0008_reader_05613_6_seg_live_phone_307,1.4,,1
/fs/ess/PAS2301/Data/Speech/MOS_datasets/nisqa/NISQA_TRAIN_LIVE/deg_16000/book_05365_chp_0008_reader_05613_6_seg_live_skype_307.wav,563.0,book_05365_chp_0008_reader_05613_6_seg_live_skype_307,3.2,,1
/fs/ess/PAS2301/Data/Speech/MOS_datasets/nisqa/NISQA_TRAIN_LIVE/deg_16000/book_05401_chp_0001_reader_09652_21_seg_live_phone_309.wav,564.0,book_05401_chp_0001_reader_09652_21_seg_live_phone_309,1.4,,1
/fs/ess/PAS2301/Data/Speech/MOS_datasets/nisqa/NISQA_TRAIN_LIVE/deg_16000/book_05401_chp_0001_reader_09652_21_seg_live_skype_309.wav,565.0,book_05401_chp_0001_reader_09652_21_seg_live_skype_309,2.6,,1
/fs/ess/PAS2301/Data/Speech/MOS_datasets/nisqa/NISQA_TRAIN_LIVE/deg_16000/book_05424_chp_0011_reader_10411_0_seg_live_phone_310.wav,566.0,book_05424_chp_0011_reader_10411_0_seg_live_phone_310,1.6,,1
/fs/ess/PAS2301/Data/Speech/MOS_datasets/nisqa/NISQA_TRAIN_LIVE/deg_16000/book_05424_chp_0011_reader_10411_0_seg_live_skype_310.wav,567.0,book_05424_chp_0011_reader_10411_0_seg_live_skype_310,2.4,,1
/fs/ess/PAS2301/Data/Speech/MOS_datasets/nisqa/NISQA_TRAIN_LIVE/deg_16000/book_05430_chp_0012_reader_05494_9_seg_live_phone_311.wav,568.0,book_05430_chp_0012_reader_05494_9_seg_live_phone_311,2.2,,1
/fs/ess/PAS2301/Data/Speech/MOS_datasets/nisqa/NISQA_TRAIN_LIVE/deg_16000/book_05430_chp_0012_reader_05494_9_seg_live_skype_311.wav,569.0,book_05430_chp_0012_reader_05494_9_seg_live_skype_311,2.6,,1
/fs/ess/PAS2301/Data/Speech/MOS_datasets/nisqa/NISQA_TRAIN_LIVE/deg_16000/book_05506_chp_0032_reader_11205_12_seg_live_phone_312.wav,570.0,book_05506_chp_0032_reader_11205_12_seg_live_phone_312,1.2,,1
/fs/ess/PAS2301/Data/Speech/MOS_datasets/nisqa/NISQA_TRAIN_LIVE/deg_16000/book_05506_chp_0032_reader_11205_12_seg_live_skype_312.wav,571.0,book_05506_chp_0032_reader_11205_12_seg_live_skype_312,2.6,,1
/fs/ess/PAS2301/Data/Speech/MOS_datasets/nisqa/NISQA_TRAIN_LIVE/deg_16000/book_05542_chp_0007_reader_00785_18_seg_live_phone_313.wav,572.0,book_05542_chp_0007_reader_00785_18_seg_live_phone_313,1.2,,1
/fs/ess/PAS2301/Data/Speech/MOS_datasets/nisqa/NISQA_TRAIN_LIVE/deg_16000/book_05542_chp_0007_reader_00785_18_seg_live_skype_313.wav,573.0,book_05542_chp_0007_reader_00785_18_seg_live_skype_313,2.0,,1
/fs/ess/PAS2301/Data/Speech/MOS_datasets/nisqa/NISQA_TRAIN_LIVE/deg_16000/book_05542_chp_0007_reader_00785_55_seg_live_phone_314.wav,574.0,book_05542_chp_0007_reader_00785_55_seg_live_phone_314,2.2,,1
/fs/ess/PAS2301/Data/Speech/MOS_datasets/nisqa/NISQA_TRAIN_LIVE/deg_16000/book_05542_chp_0007_reader_00785_55_seg_live_skype_314.wav,575.0,book_05542_chp_0007_reader_00785_55_seg_live_skype_314,2.6,,1
/fs/ess/PAS2301/Data/Speech/MOS_datasets/nisqa/NISQA_TRAIN_LIVE/deg_16000/book_05551_chp_0005_reader_09858_34_seg_live_phone_315.wav,576.0,book_05551_chp_0005_reader_09858_34_seg_live_phone_315,1.4,,1
/fs/ess/PAS2301/Data/Speech/MOS_datasets/nisqa/NISQA_TRAIN_LIVE/deg_16000/book_05551_chp_0005_reader_09858_34_seg_live_skype_315.wav,577.0,book_05551_chp_0005_reader_09858_34_seg_live_skype_315,2.75,,1
/fs/ess/PAS2301/Data/Speech/MOS_datasets/nisqa/NISQA_TRAIN_LIVE/deg_16000/book_05608_chp_0071_reader_02177_10_seg_live_phone_316.wav,578.0,book_05608_chp_0071_reader_02177_10_seg_live_phone_316,2.4,,1
/fs/ess/PAS2301/Data/Speech/MOS_datasets/nisqa/NISQA_TRAIN_LIVE/deg_16000/book_05608_chp_0071_reader_02177_10_seg_live_skype_316.wav,579.0,book_05608_chp_0071_reader_02177_10_seg_live_skype_316,2.8,,1
/fs/ess/PAS2301/Data/Speech/MOS_datasets/nisqa/NISQA_TRAIN_LIVE/deg_16000/book_05677_chp_0004_reader_02854_33_seg_live_phone_319.wav,580.0,book_05677_chp_0004_reader_02854_33_seg_live_phone_319,1.6,,1
/fs/ess/PAS2301/Data/Speech/MOS_datasets/nisqa/NISQA_TRAIN_LIVE/deg_16000/book_05677_chp_0004_reader_02854_33_seg_live_skype_319.wav,581.0,book_05677_chp_0004_reader_02854_33_seg_live_skype_319,3.4,,1
/fs/ess/PAS2301/Data/Speech/MOS_datasets/nisqa/NISQA_TRAIN_LIVE/deg_16000/book_05681_chp_0018_reader_08378_4_seg_live_phone_320.wav,582.0,book_05681_chp_0018_reader_08378_4_seg_live_phone_320,1.4,,1
/fs/ess/PAS2301/Data/Speech/MOS_datasets/nisqa/NISQA_TRAIN_LIVE/deg_16000/book_05681_chp_0018_reader_08378_4_seg_live_skype_320.wav,583.0,book_05681_chp_0018_reader_08378_4_seg_live_skype_320,2.8,,1
/fs/ess/PAS2301/Data/Speech/MOS_datasets/nisqa/NISQA_TRAIN_LIVE/deg_16000/book_05689_chp_0012_reader_05270_0_seg_live_phone_321.wav,584.0,book_05689_chp_0012_reader_05270_0_seg_live_phone_321,2.4,,1
/fs/ess/PAS2301/Data/Speech/MOS_datasets/nisqa/NISQA_TRAIN_LIVE/deg_16000/book_05689_chp_0012_reader_05270_0_seg_live_skype_321.wav,585.0,book_05689_chp_0012_reader_05270_0_seg_live_skype_321,2.8,,1
/fs/ess/PAS2301/Data/Speech/MOS_datasets/nisqa/NISQA_TRAIN_LIVE/deg_16000/book_05715_chp_0004_reader_01498_9_seg_live_phone_322.wav,586.0,book_05715_chp_0004_reader_01498_9_seg_live_phone_322,1.6,,1
/fs/ess/PAS2301/Data/Speech/MOS_datasets/nisqa/NISQA_TRAIN_LIVE/deg_16000/book_05715_chp_0004_reader_01498_9_seg_live_skype_322.wav,587.0,book_05715_chp_0004_reader_01498_9_seg_live_skype_322,2.8,,1
/fs/ess/PAS2301/Data/Speech/MOS_datasets/nisqa/NISQA_TRAIN_LIVE/deg_16000/book_05779_chp_0004_reader_00975_48_seg_live_phone_323.wav,588.0,book_05779_chp_0004_reader_00975_48_seg_live_phone_323,1.2,,1
/fs/ess/PAS2301/Data/Speech/MOS_datasets/nisqa/NISQA_TRAIN_LIVE/deg_16000/book_05779_chp_0004_reader_00975_48_seg_live_skype_323.wav,589.0,book_05779_chp_0004_reader_00975_48_seg_live_skype_323,2.2,,1
/fs/ess/PAS2301/Data/Speech/MOS_datasets/nisqa/NISQA_TRAIN_LIVE/deg_16000/book_05779_chp_0033_reader_09174_31_seg_live_phone_324.wav,590.0,book_05779_chp_0033_reader_09174_31_seg_live_phone_324,2.0,,1
/fs/ess/PAS2301/Data/Speech/MOS_datasets/nisqa/NISQA_TRAIN_LIVE/deg_16000/book_05779_chp_0033_reader_09174_31_seg_live_skype_324.wav,591.0,book_05779_chp_0033_reader_09174_31_seg_live_skype_324,2.2,,1
/fs/ess/PAS2301/Data/Speech/MOS_datasets/nisqa/NISQA_TRAIN_LIVE/deg_16000/book_05804_chp_0009_reader_05814_3_seg_live_phone_325.wav,592.0,book_05804_chp_0009_reader_05814_3_seg_live_phone_325,1.2,,1
/fs/ess/PAS2301/Data/Speech/MOS_datasets/nisqa/NISQA_TRAIN_LIVE/deg_16000/book_05804_chp_0009_reader_05814_3_seg_live_skype_325.wav,593.0,book_05804_chp_0009_reader_05814_3_seg_live_skype_325,1.6,,1
/fs/ess/PAS2301/Data/Speech/MOS_datasets/nisqa/NISQA_TRAIN_LIVE/deg_16000/book_05813_chp_0012_reader_10236_14_seg_live_phone_326.wav,594.0,book_05813_chp_0012_reader_10236_14_seg_live_phone_326,1.0,,1
/fs/ess/PAS2301/Data/Speech/MOS_datasets/nisqa/NISQA_TRAIN_LIVE/deg_16000/book_05813_chp_0012_reader_10236_14_seg_live_skype_326.wav,595.0,book_05813_chp_0012_reader_10236_14_seg_live_skype_326,2.4,,1
/fs/ess/PAS2301/Data/Speech/MOS_datasets/nisqa/NISQA_TRAIN_LIVE/deg_16000/book_05837_chp_0018_reader_08948_52_seg_live_phone_327.wav,596.0,book_05837_chp_0018_reader_08948_52_seg_live_phone_327,1.4,,1
/fs/ess/PAS2301/Data/Speech/MOS_datasets/nisqa/NISQA_TRAIN_LIVE/deg_16000/book_05837_chp_0018_reader_08948_52_seg_live_skype_327.wav,597.0,book_05837_chp_0018_reader_08948_52_seg_live_skype_327,2.2,,1
/fs/ess/PAS2301/Data/Speech/MOS_datasets/nisqa/NISQA_TRAIN_LIVE/deg_16000/book_05845_chp_0019_reader_08702_48_seg_live_phone_328.wav,598.0,book_05845_chp_0019_reader_08702_48_seg_live_phone_328,1.4,,1
/fs/ess/PAS2301/Data/Speech/MOS_datasets/nisqa/NISQA_TRAIN_LIVE/deg_16000/book_05845_chp_0019_reader_08702_48_seg_live_skype_328.wav,599.0,book_05845_chp_0019_reader_08702_48_seg_live_skype_328,2.4,,1
/fs/ess/PAS2301/Data/Speech/MOS_datasets/nisqa/NISQA_TRAIN_LIVE/deg_16000/book_05914_chp_0016_reader_08294_2_seg_live_phone_330.wav,600.0,book_05914_chp_0016_reader_08294_2_seg_live_phone_330,1.33333333333333,,1
/fs/ess/PAS2301/Data/Speech/MOS_datasets/nisqa/NISQA_TRAIN_LIVE/deg_16000/book_05914_chp_0016_reader_08294_2_seg_live_skype_330.wav,601.0,book_05914_chp_0016_reader_08294_2_seg_live_skype_330,2.6,,1
/fs/ess/PAS2301/Data/Speech/MOS_datasets/nisqa/NISQA_TRAIN_LIVE/deg_16000/book_05924_chp_0008_reader_05011_68_seg_live_phone_331.wav,602.0,book_05924_chp_0008_reader_05011_68_seg_live_phone_331,1.0,,1
/fs/ess/PAS2301/Data/Speech/MOS_datasets/nisqa/NISQA_TRAIN_LIVE/deg_16000/book_05924_chp_0008_reader_05011_68_seg_live_skype_331.wav,603.0,book_05924_chp_0008_reader_05011_68_seg_live_skype_331,2.2,,1
/fs/ess/PAS2301/Data/Speech/MOS_datasets/nisqa/NISQA_TRAIN_LIVE/deg_16000/book_05980_chp_0000_reader_01417_14_seg_live_phone_332.wav,604.0,book_05980_chp_0000_reader_01417_14_seg_live_phone_332,1.0,,1
/fs/ess/PAS2301/Data/Speech/MOS_datasets/nisqa/NISQA_TRAIN_LIVE/deg_16000/book_05980_chp_0000_reader_01417_14_seg_live_skype_332.wav,605.0,book_05980_chp_0000_reader_01417_14_seg_live_skype_332,2.6,,1
/fs/ess/PAS2301/Data/Speech/MOS_datasets/nisqa/NISQA_TRAIN_LIVE/deg_16000/book_06028_chp_0025_reader_05355_6_seg_live_phone_333.wav,606.0,book_06028_chp_0025_reader_05355_6_seg_live_phone_333,1.8,,1
/fs/ess/PAS2301/Data/Speech/MOS_datasets/nisqa/NISQA_TRAIN_LIVE/deg_16000/book_06028_chp_0025_reader_05355_6_seg_live_skype_333.wav,607.0,book_06028_chp_0025_reader_05355_6_seg_live_skype_333,2.8,,1
/fs/ess/PAS2301/Data/Speech/MOS_datasets/nisqa/NISQA_TRAIN_LIVE/deg_16000/book_06029_chp_0019_reader_00876_23_seg_live_phone_334.wav,608.0,book_06029_chp_0019_reader_00876_23_seg_live_phone_334,1.0,,1
/fs/ess/PAS2301/Data/Speech/MOS_datasets/nisqa/NISQA_TRAIN_LIVE/deg_16000/book_06029_chp_0019_reader_00876_23_seg_live_skype_334.wav,609.0,book_06029_chp_0019_reader_00876_23_seg_live_skype_334,2.0,,1
/fs/ess/PAS2301/Data/Speech/MOS_datasets/nisqa/NISQA_TRAIN_LIVE/deg_16000/book_06035_chp_0012_reader_11287_5_seg_live_phone_335.wav,610.0,book_06035_chp_0012_reader_11287_5_seg_live_phone_335,1.2,,1
/fs/ess/PAS2301/Data/Speech/MOS_datasets/nisqa/NISQA_TRAIN_LIVE/deg_16000/book_06035_chp_0012_reader_11287_5_seg_live_skype_335.wav,611.0,book_06035_chp_0012_reader_11287_5_seg_live_skype_335,3.2,,1
/fs/ess/PAS2301/Data/Speech/MOS_datasets/nisqa/NISQA_TRAIN_LIVE/deg_16000/book_06037_chp_0054_reader_11332_27_seg_live_phone_336.wav,612.0,book_06037_chp_0054_reader_11332_27_seg_live_phone_336,1.4,,1
/fs/ess/PAS2301/Data/Speech/MOS_datasets/nisqa/NISQA_TRAIN_LIVE/deg_16000/book_06037_chp_0054_reader_11332_27_seg_live_skype_336.wav,613.0,book_06037_chp_0054_reader_11332_27_seg_live_skype_336,2.5,,1
/fs/ess/PAS2301/Data/Speech/MOS_datasets/nisqa/NISQA_TRAIN_LIVE/deg_16000/book_06046_chp_0034_reader_05734_3_seg_live_phone_338.wav,614.0,book_06046_chp_0034_reader_05734_3_seg_live_phone_338,1.0,,1
/fs/ess/PAS2301/Data/Speech/MOS_datasets/nisqa/NISQA_TRAIN_LIVE/deg_16000/book_06046_chp_0034_reader_05734_3_seg_live_skype_338.wav,615.0,book_06046_chp_0034_reader_05734_3_seg_live_skype_338,1.25,,1
/fs/ess/PAS2301/Data/Speech/MOS_datasets/nisqa/NISQA_TRAIN_LIVE/deg_16000/book_06046_chp_0080_reader_04594_4_seg_live_phone_339.wav,616.0,book_06046_chp_0080_reader_04594_4_seg_live_phone_339,1.2,,1
/fs/ess/PAS2301/Data/Speech/MOS_datasets/nisqa/NISQA_TRAIN_LIVE/deg_16000/book_06046_chp_0080_reader_04594_4_seg_live_skype_339.wav,617.0,book_06046_chp_0080_reader_04594_4_seg_live_skype_339,2.4,,1
/fs/ess/PAS2301/Data/Speech/MOS_datasets/nisqa/NISQA_TRAIN_LIVE/deg_16000/book_06086_chp_0003_reader_05503_4_seg_live_phone_341.wav,618.0,book_06086_chp_0003_reader_05503_4_seg_live_phone_341,1.2,,1
/fs/ess/PAS2301/Data/Speech/MOS_datasets/nisqa/NISQA_TRAIN_LIVE/deg_16000/book_06086_chp_0003_reader_05503_4_seg_live_skype_341.wav,619.0,book_06086_chp_0003_reader_05503_4_seg_live_skype_341,2.8,,1
/fs/ess/PAS2301/Data/Speech/MOS_datasets/nisqa/NISQA_TRAIN_LIVE/deg_16000/book_06093_chp_0011_reader_06540_22_seg_live_phone_342.wav,620.0,book_06093_chp_0011_reader_06540_22_seg_live_phone_342,1.2,,1
/fs/ess/PAS2301/Data/Speech/MOS_datasets/nisqa/NISQA_TRAIN_LIVE/deg_16000/book_06093_chp_0011_reader_06540_22_seg_live_skype_342.wav,621.0,book_06093_chp_0011_reader_06540_22_seg_live_skype_342,1.4,,1
/fs/ess/PAS2301/Data/Speech/MOS_datasets/nisqa/NISQA_TRAIN_LIVE/deg_16000/book_06144_chp_0002_reader_06775_0_seg_live_phone_343.wav,622.0,book_06144_chp_0002_reader_06775_0_seg_live_phone_343,1.0,,1
/fs/ess/PAS2301/Data/Speech/MOS_datasets/nisqa/NISQA_TRAIN_LIVE/deg_16000/book_06144_chp_0002_reader_06775_0_seg_live_skype_343.wav,623.0,book_06144_chp_0002_reader_06775_0_seg_live_skype_343,2.2,,1
/fs/ess/PAS2301/Data/Speech/MOS_datasets/nisqa/NISQA_TRAIN_LIVE/deg_16000/book_06150_chp_0002_reader_02302_1_seg_live_phone_344.wav,624.0,book_06150_chp_0002_reader_02302_1_seg_live_phone_344,1.0,,1
/fs/ess/PAS2301/Data/Speech/MOS_datasets/nisqa/NISQA_TRAIN_LIVE/deg_16000/book_06150_chp_0002_reader_02302_1_seg_live_skype_344.wav,625.0,book_06150_chp_0002_reader_02302_1_seg_live_skype_344,1.8,,1
/fs/ess/PAS2301/Data/Speech/MOS_datasets/nisqa/NISQA_TRAIN_LIVE/deg_16000/book_06150_chp_0008_reader_10204_7_seg_live_phone_345.wav,626.0,book_06150_chp_0008_reader_10204_7_seg_live_phone_345,1.4,,1
/fs/ess/PAS2301/Data/Speech/MOS_datasets/nisqa/NISQA_TRAIN_LIVE/deg_16000/book_06150_chp_0008_reader_10204_7_seg_live_skype_345.wav,627.0,book_06150_chp_0008_reader_10204_7_seg_live_skype_345,1.8,,1
/fs/ess/PAS2301/Data/Speech/MOS_datasets/nisqa/NISQA_TRAIN_LIVE/deg_16000/book_06166_chp_0045_reader_04362_13_seg_live_phone_346.wav,628.0,book_06166_chp_0045_reader_04362_13_seg_live_phone_346,1.0,,1
/fs/ess/PAS2301/Data/Speech/MOS_datasets/nisqa/NISQA_TRAIN_LIVE/deg_16000/book_06166_chp_0045_reader_04362_13_seg_live_skype_346.wav,629.0,book_06166_chp_0045_reader_04362_13_seg_live_skype_346,2.0,,1
/fs/ess/PAS2301/Data/Speech/MOS_datasets/nisqa/NISQA_TRAIN_LIVE/deg_16000/book_06195_chp_0021_reader_09197_1_seg_live_phone_348.wav,630.0,book_06195_chp_0021_reader_09197_1_seg_live_phone_348,1.4,,1
/fs/ess/PAS2301/Data/Speech/MOS_datasets/nisqa/NISQA_TRAIN_LIVE/deg_16000/book_06195_chp_0021_reader_09197_1_seg_live_skype_348.wav,631.0,book_06195_chp_0021_reader_09197_1_seg_live_skype_348,1.5,,1
/fs/ess/PAS2301/Data/Speech/MOS_datasets/nisqa/NISQA_TRAIN_LIVE/deg_16000/book_06205_chp_0016_reader_02410_11_seg_live_phone_349.wav,632.0,book_06205_chp_0016_reader_02410_11_seg_live_phone_349,1.6,,1
/fs/ess/PAS2301/Data/Speech/MOS_datasets/nisqa/NISQA_TRAIN_LIVE/deg_16000/book_06205_chp_0016_reader_02410_11_seg_live_skype_349.wav,633.0,book_06205_chp_0016_reader_02410_11_seg_live_skype_349,1.2,,1
/fs/ess/PAS2301/Data/Speech/MOS_datasets/nisqa/NISQA_TRAIN_LIVE/deg_16000/book_06224_chp_0004_reader_02586_10_seg_live_phone_350.wav,634.0,book_06224_chp_0004_reader_02586_10_seg_live_phone_350,1.8,,1
/fs/ess/PAS2301/Data/Speech/MOS_datasets/nisqa/NISQA_TRAIN_LIVE/deg_16000/book_06224_chp_0004_reader_02586_10_seg_live_skype_350.wav,635.0,book_06224_chp_0004_reader_02586_10_seg_live_skype_350,2.0,,1
/fs/ess/PAS2301/Data/Speech/MOS_datasets/nisqa/NISQA_TRAIN_LIVE/deg_16000/book_06226_chp_0006_reader_10229_27_seg_live_phone_351.wav,636.0,book_06226_chp_0006_reader_10229_27_seg_live_phone_351,2.2,,1
/fs/ess/PAS2301/Data/Speech/MOS_datasets/nisqa/NISQA_TRAIN_LIVE/deg_16000/book_06226_chp_0006_reader_10229_27_seg_live_skype_351.wav,637.0,book_06226_chp_0006_reader_10229_27_seg_live_skype_351,1.4,,1
/fs/ess/PAS2301/Data/Speech/MOS_datasets/nisqa/NISQA_TRAIN_LIVE/deg_16000/book_06306_chp_0029_reader_06922_9_seg_live_phone_354.wav,638.0,book_06306_chp_0029_reader_06922_9_seg_live_phone_354,1.4,,1
/fs/ess/PAS2301/Data/Speech/MOS_datasets/nisqa/NISQA_TRAIN_LIVE/deg_16000/book_06306_chp_0029_reader_06922_9_seg_live_skype_354.wav,639.0,book_06306_chp_0029_reader_06922_9_seg_live_skype_354,2.4,,1
/fs/ess/PAS2301/Data/Speech/MOS_datasets/nisqa/NISQA_TRAIN_LIVE/deg_16000/book_06326_chp_0015_reader_09679_21_seg_live_phone_355.wav,640.0,book_06326_chp_0015_reader_09679_21_seg_live_phone_355,1.0,,1
/fs/ess/PAS2301/Data/Speech/MOS_datasets/nisqa/NISQA_TRAIN_LIVE/deg_16000/book_06326_chp_0015_reader_09679_21_seg_live_skype_355.wav,641.0,book_06326_chp_0015_reader_09679_21_seg_live_skype_355,1.0,,1
/fs/ess/PAS2301/Data/Speech/MOS_datasets/nisqa/NISQA_TRAIN_LIVE/deg_16000/book_06339_chp_0010_reader_08990_43_seg_live_phone_356.wav,642.0,book_06339_chp_0010_reader_08990_43_seg_live_phone_356,1.88888888888889,,1
/fs/ess/PAS2301/Data/Speech/MOS_datasets/nisqa/NISQA_TRAIN_LIVE/deg_16000/book_06339_chp_0010_reader_08990_43_seg_live_skype_356.wav,643.0,book_06339_chp_0010_reader_08990_43_seg_live_skype_356,2.0,,1
/fs/ess/PAS2301/Data/Speech/MOS_datasets/nisqa/NISQA_TRAIN_LIVE/deg_16000/book_06342_chp_0001_reader_10179_29_seg_live_phone_357.wav,644.0,book_06342_chp_0001_reader_10179_29_seg_live_phone_357,1.6,,1
/fs/ess/PAS2301/Data/Speech/MOS_datasets/nisqa/NISQA_TRAIN_LIVE/deg_16000/book_06342_chp_0001_reader_10179_29_seg_live_skype_357.wav,645.0,book_06342_chp_0001_reader_10179_29_seg_live_skype_357,2.0,,1
/fs/ess/PAS2301/Data/Speech/MOS_datasets/nisqa/NISQA_TRAIN_LIVE/deg_16000/book_06403_chp_0005_reader_08804_54_seg_live_phone_358.wav,646.0,book_06403_chp_0005_reader_08804_54_seg_live_phone_358,1.6,,1
/fs/ess/PAS2301/Data/Speech/MOS_datasets/nisqa/NISQA_TRAIN_LIVE/deg_16000/book_06403_chp_0005_reader_08804_54_seg_live_skype_358.wav,647.0,book_06403_chp_0005_reader_08804_54_seg_live_skype_358,2.4,,1
/fs/ess/PAS2301/Data/Speech/MOS_datasets/nisqa/NISQA_TRAIN_LIVE/deg_16000/book_06409_chp_0001_reader_11935_32_seg_live_phone_359.wav,648.0,book_06409_chp_0001_reader_11935_32_seg_live_phone_359,1.8,,1
/fs/ess/PAS2301/Data/Speech/MOS_datasets/nisqa/NISQA_TRAIN_LIVE/deg_16000/book_06409_chp_0001_reader_11935_32_seg_live_skype_359.wav,649.0,book_06409_chp_0001_reader_11935_32_seg_live_skype_359,1.8,,1
/fs/ess/PAS2301/Data/Speech/MOS_datasets/nisqa/NISQA_TRAIN_LIVE/deg_16000/book_06464_chp_0005_reader_00529_15_seg_live_phone_360.wav,650.0,book_06464_chp_0005_reader_00529_15_seg_live_phone_360,2.2,,1
/fs/ess/PAS2301/Data/Speech/MOS_datasets/nisqa/NISQA_TRAIN_LIVE/deg_16000/book_06464_chp_0005_reader_00529_15_seg_live_skype_360.wav,651.0,book_06464_chp_0005_reader_00529_15_seg_live_skype_360,1.2,,1
/fs/ess/PAS2301/Data/Speech/MOS_datasets/nisqa/NISQA_TRAIN_LIVE/deg_16000/book_06468_chp_0005_reader_00572_3_seg_live_phone_361.wav,652.0,book_06468_chp_0005_reader_00572_3_seg_live_phone_361,2.2,,1
/fs/ess/PAS2301/Data/Speech/MOS_datasets/nisqa/NISQA_TRAIN_LIVE/deg_16000/book_06468_chp_0005_reader_00572_3_seg_live_skype_361.wav,653.0,book_06468_chp_0005_reader_00572_3_seg_live_skype_361,1.6,,1
/fs/ess/PAS2301/Data/Speech/MOS_datasets/nisqa/NISQA_TRAIN_LIVE/deg_16000/book_06562_chp_0011_reader_10509_12_seg_live_phone_363.wav,654.0,book_06562_chp_0011_reader_10509_12_seg_live_phone_363,1.8,,1
/fs/ess/PAS2301/Data/Speech/MOS_datasets/nisqa/NISQA_TRAIN_LIVE/deg_16000/book_06562_chp_0011_reader_10509_12_seg_live_skype_363.wav,655.0,book_06562_chp_0011_reader_10509_12_seg_live_skype_363,1.6,,1
/fs/ess/PAS2301/Data/Speech/MOS_datasets/nisqa/NISQA_TRAIN_LIVE/deg_16000/book_06592_chp_0007_reader_08044_8_seg_live_phone_364.wav,656.0,book_06592_chp_0007_reader_08044_8_seg_live_phone_364,2.2,,1
/fs/ess/PAS2301/Data/Speech/MOS_datasets/nisqa/NISQA_TRAIN_LIVE/deg_16000/book_06592_chp_0007_reader_08044_8_seg_live_skype_364.wav,657.0,book_06592_chp_0007_reader_08044_8_seg_live_skype_364,1.4,,1
/fs/ess/PAS2301/Data/Speech/MOS_datasets/nisqa/NISQA_TRAIN_LIVE/deg_16000/book_06648_chp_0017_reader_06609_11_seg_live_phone_365.wav,658.0,book_06648_chp_0017_reader_06609_11_seg_live_phone_365,2.0,,1
/fs/ess/PAS2301/Data/Speech/MOS_datasets/nisqa/NISQA_TRAIN_LIVE/deg_16000/book_06648_chp_0017_reader_06609_11_seg_live_skype_365.wav,659.0,book_06648_chp_0017_reader_06609_11_seg_live_skype_365,1.4,,1
/fs/ess/PAS2301/Data/Speech/MOS_datasets/nisqa/NISQA_TRAIN_LIVE/deg_16000/book_06664_chp_0042_reader_08929_19_seg_live_phone_367.wav,660.0,book_06664_chp_0042_reader_08929_19_seg_live_phone_367,2.5,,1
/fs/ess/PAS2301/Data/Speech/MOS_datasets/nisqa/NISQA_TRAIN_LIVE/deg_16000/book_06664_chp_0042_reader_08929_19_seg_live_skype_367.wav,661.0,book_06664_chp_0042_reader_08929_19_seg_live_skype_367,1.5,,1
/fs/ess/PAS2301/Data/Speech/MOS_datasets/nisqa/NISQA_TRAIN_LIVE/deg_16000/book_06664_chp_0061_reader_10618_18_seg_live_phone_368.wav,662.0,book_06664_chp_0061_reader_10618_18_seg_live_phone_368,2.6,,1
/fs/ess/PAS2301/Data/Speech/MOS_datasets/nisqa/NISQA_TRAIN_LIVE/deg_16000/book_06664_chp_0061_reader_10618_18_seg_live_skype_368.wav,663.0,book_06664_chp_0061_reader_10618_18_seg_live_skype_368,2.4,,1
/fs/ess/PAS2301/Data/Speech/MOS_datasets/nisqa/NISQA_TRAIN_LIVE/deg_16000/book_06671_chp_0006_reader_10994_17_seg_live_phone_369.wav,664.0,book_06671_chp_0006_reader_10994_17_seg_live_phone_369,3.0,,1
/fs/ess/PAS2301/Data/Speech/MOS_datasets/nisqa/NISQA_TRAIN_LIVE/deg_16000/book_06671_chp_0006_reader_10994_17_seg_live_skype_369.wav,665.0,book_06671_chp_0006_reader_10994_17_seg_live_skype_369,2.4,,1
/fs/ess/PAS2301/Data/Speech/MOS_datasets/nisqa/NISQA_TRAIN_LIVE/deg_16000/book_06674_chp_0021_reader_10686_6_seg_live_phone_370.wav,666.0,book_06674_chp_0021_reader_10686_6_seg_live_phone_370,1.0,,1
/fs/ess/PAS2301/Data/Speech/MOS_datasets/nisqa/NISQA_TRAIN_LIVE/deg_16000/book_06674_chp_0021_reader_10686_6_seg_live_skype_370.wav,667.0,book_06674_chp_0021_reader_10686_6_seg_live_skype_370,2.0,,1
/fs/ess/PAS2301/Data/Speech/MOS_datasets/nisqa/NISQA_TRAIN_LIVE/deg_16000/book_06674_chp_0042_reader_00999_30_seg_live_phone_371.wav,668.0,book_06674_chp_0042_reader_00999_30_seg_live_phone_371,1.0,,1
/fs/ess/PAS2301/Data/Speech/MOS_datasets/nisqa/NISQA_TRAIN_LIVE/deg_16000/book_06674_chp_0042_reader_00999_30_seg_live_skype_371.wav,669.0,book_06674_chp_0042_reader_00999_30_seg_live_skype_371,1.2,,1
/fs/ess/PAS2301/Data/Speech/MOS_datasets/nisqa/NISQA_TRAIN_LIVE/deg_16000/book_06687_chp_0006_reader_01754_25_seg_live_phone_372.wav,670.0,book_06687_chp_0006_reader_01754_25_seg_live_phone_372,1.0,,1
/fs/ess/PAS2301/Data/Speech/MOS_datasets/nisqa/NISQA_TRAIN_LIVE/deg_16000/book_06687_chp_0006_reader_01754_25_seg_live_skype_372.wav,671.0,book_06687_chp_0006_reader_01754_25_seg_live_skype_372,1.4,,1
/fs/ess/PAS2301/Data/Speech/MOS_datasets/nisqa/NISQA_TRAIN_LIVE/deg_16000/book_06687_chp_0007_reader_09006_20_seg_live_phone_373.wav,672.0,book_06687_chp_0007_reader_09006_20_seg_live_phone_373,1.0,,1
/fs/ess/PAS2301/Data/Speech/MOS_datasets/nisqa/NISQA_TRAIN_LIVE/deg_16000/book_06687_chp_0007_reader_09006_20_seg_live_skype_373.wav,673.0,book_06687_chp_0007_reader_09006_20_seg_live_skype_373,1.6,,1
/fs/ess/PAS2301/Data/Speech/MOS_datasets/nisqa/NISQA_TRAIN_LIVE/deg_16000/book_06687_chp_0012_reader_01346_7_seg_live_phone_374.wav,674.0,book_06687_chp_0012_reader_01346_7_seg_live_phone_374,1.2,,1
/fs/ess/PAS2301/Data/Speech/MOS_datasets/nisqa/NISQA_TRAIN_LIVE/deg_16000/book_06687_chp_0012_reader_01346_7_seg_live_skype_374.wav,675.0,book_06687_chp_0012_reader_01346_7_seg_live_skype_374,1.6,,1
/fs/ess/PAS2301/Data/Speech/MOS_datasets/nisqa/NISQA_TRAIN_LIVE/deg_16000/book_06687_chp_0013_reader_02737_1_seg_live_phone_375.wav,676.0,book_06687_chp_0013_reader_02737_1_seg_live_phone_375,1.2,,1
/fs/ess/PAS2301/Data/Speech/MOS_datasets/nisqa/NISQA_TRAIN_LIVE/deg_16000/book_06687_chp_0013_reader_02737_1_seg_live_skype_375.wav,677.0,book_06687_chp_0013_reader_02737_1_seg_live_skype_375,1.4,,1
/fs/ess/PAS2301/Data/Speech/MOS_datasets/nisqa/NISQA_TRAIN_LIVE/deg_16000/book_06687_chp_0021_reader_01106_8_seg_live_phone_376.wav,678.0,book_06687_chp_0021_reader_01106_8_seg_live_phone_376,1.25,,1
/fs/ess/PAS2301/Data/Speech/MOS_datasets/nisqa/NISQA_TRAIN_LIVE/deg_16000/book_06687_chp_0021_reader_01106_8_seg_live_skype_376.wav,679.0,book_06687_chp_0021_reader_01106_8_seg_live_skype_376,1.4,,1
/fs/ess/PAS2301/Data/Speech/MOS_datasets/nisqa/NISQA_TRAIN_LIVE/deg_16000/book_06775_chp_0013_reader_09172_34_seg_live_phone_377.wav,680.0,book_06775_chp_0013_reader_09172_34_seg_live_phone_377,1.11111111111111,,1
/fs/ess/PAS2301/Data/Speech/MOS_datasets/nisqa/NISQA_TRAIN_LIVE/deg_16000/book_06775_chp_0013_reader_09172_34_seg_live_skype_377.wav,681.0,book_06775_chp_0013_reader_09172_34_seg_live_skype_377,2.6,,1
/fs/ess/PAS2301/Data/Speech/MOS_datasets/nisqa/NISQA_TRAIN_LIVE/deg_16000/book_06835_chp_0001_reader_11076_6_seg_live_phone_378.wav,682.0,book_06835_chp_0001_reader_11076_6_seg_live_phone_378,1.0,,1
/fs/ess/PAS2301/Data/Speech/MOS_datasets/nisqa/NISQA_TRAIN_LIVE/deg_16000/book_06835_chp_0001_reader_11076_6_seg_live_skype_378.wav,683.0,book_06835_chp_0001_reader_11076_6_seg_live_skype_378,1.875,,1
/fs/ess/PAS2301/Data/Speech/MOS_datasets/nisqa/NISQA_TRAIN_LIVE/deg_16000/book_06846_chp_0001_reader_06184_20_seg_live_phone_379.wav,684.0,book_06846_chp_0001_reader_06184_20_seg_live_phone_379,1.2,,1
/fs/ess/PAS2301/Data/Speech/MOS_datasets/nisqa/NISQA_TRAIN_LIVE/deg_16000/book_06846_chp_0001_reader_06184_20_seg_live_skype_379.wav,685.0,book_06846_chp_0001_reader_06184_20_seg_live_skype_379,2.2,,1
/fs/ess/PAS2301/Data/Speech/MOS_datasets/nisqa/NISQA_TRAIN_LIVE/deg_16000/book_06870_chp_0001_reader_01462_2_seg_live_phone_380.wav,686.0,book_06870_chp_0001_reader_01462_2_seg_live_phone_380,1.6,,1
/fs/ess/PAS2301/Data/Speech/MOS_datasets/nisqa/NISQA_TRAIN_LIVE/deg_16000/book_06870_chp_0001_reader_01462_2_seg_live_skype_380.wav,687.0,book_06870_chp_0001_reader_01462_2_seg_live_skype_380,2.625,,1
/fs/ess/PAS2301/Data/Speech/MOS_datasets/nisqa/NISQA_TRAIN_LIVE/deg_16000/book_06870_chp_0020_reader_09259_0_seg_live_phone_381.wav,688.0,book_06870_chp_0020_reader_09259_0_seg_live_phone_381,1.0,,1
/fs/ess/PAS2301/Data/Speech/MOS_datasets/nisqa/NISQA_TRAIN_LIVE/deg_16000/book_06870_chp_0020_reader_09259_0_seg_live_skype_381.wav,689.0,book_06870_chp_0020_reader_09259_0_seg_live_skype_381,1.6,,1
/fs/ess/PAS2301/Data/Speech/MOS_datasets/nisqa/NISQA_TRAIN_LIVE/deg_16000/book_06883_chp_0016_reader_08188_3_seg_live_phone_383.wav,690.0,book_06883_chp_0016_reader_08188_3_seg_live_phone_383,1.0,,1
/fs/ess/PAS2301/Data/Speech/MOS_datasets/nisqa/NISQA_TRAIN_LIVE/deg_16000/book_06883_chp_0016_reader_08188_3_seg_live_skype_383.wav,691.0,book_06883_chp_0016_reader_08188_3_seg_live_skype_383,1.4,,1
/fs/ess/PAS2301/Data/Speech/MOS_datasets/nisqa/NISQA_TRAIN_LIVE/deg_16000/book_06909_chp_0021_reader_01618_82_seg_live_phone_385.wav,692.0,book_06909_chp_0021_reader_01618_82_seg_live_phone_385,1.2,,1
/fs/ess/PAS2301/Data/Speech/MOS_datasets/nisqa/NISQA_TRAIN_LIVE/deg_16000/book_06909_chp_0021_reader_01618_82_seg_live_skype_385.wav,693.0,book_06909_chp_0021_reader_01618_82_seg_live_skype_385,1.4,,1
/fs/ess/PAS2301/Data/Speech/MOS_datasets/nisqa/NISQA_TRAIN_LIVE/deg_16000/book_07103_chp_0054_reader_00108_40_seg_live_phone_389.wav,694.0,book_07103_chp_0054_reader_00108_40_seg_live_phone_389,1.0,,1
/fs/ess/PAS2301/Data/Speech/MOS_datasets/nisqa/NISQA_TRAIN_LIVE/deg_16000/book_07103_chp_0054_reader_00108_40_seg_live_skype_389.wav,695.0,book_07103_chp_0054_reader_00108_40_seg_live_skype_389,2.2,,1
/fs/ess/PAS2301/Data/Speech/MOS_datasets/nisqa/NISQA_TRAIN_LIVE/deg_16000/book_07113_chp_0006_reader_07725_12_seg_live_phone_390.wav,696.0,book_07113_chp_0006_reader_07725_12_seg_live_phone_390,1.6,,1
/fs/ess/PAS2301/Data/Speech/MOS_datasets/nisqa/NISQA_TRAIN_LIVE/deg_16000/book_07113_chp_0006_reader_07725_12_seg_live_skype_390.wav,697.0,book_07113_chp_0006_reader_07725_12_seg_live_skype_390,1.88888888888889,,1
/fs/ess/PAS2301/Data/Speech/MOS_datasets/nisqa/NISQA_TRAIN_LIVE/deg_16000/book_07140_chp_0017_reader_09960_21_seg_live_phone_392.wav,698.0,book_07140_chp_0017_reader_09960_21_seg_live_phone_392,1.4,,1
/fs/ess/PAS2301/Data/Speech/MOS_datasets/nisqa/NISQA_TRAIN_LIVE/deg_16000/book_07140_chp_0017_reader_09960_21_seg_live_skype_392.wav,699.0,book_07140_chp_0017_reader_09960_21_seg_live_skype_392,2.8,,1
/fs/ess/PAS2301/Data/Speech/MOS_datasets/nisqa/NISQA_TRAIN_LIVE/deg_16000/book_07140_chp_0024_reader_10526_27_seg_live_phone_393.wav,700.0,book_07140_chp_0024_reader_10526_27_seg_live_phone_393,1.4,,1
/fs/ess/PAS2301/Data/Speech/MOS_datasets/nisqa/NISQA_TRAIN_LIVE/deg_16000/book_07140_chp_0024_reader_10526_27_seg_live_skype_393.wav,701.0,book_07140_chp_0024_reader_10526_27_seg_live_skype_393,2.0,,1
/fs/ess/PAS2301/Data/Speech/MOS_datasets/nisqa/NISQA_TRAIN_LIVE/deg_16000/book_07140_chp_0043_reader_00838_46_seg_live_phone_394.wav,702.0,book_07140_chp_0043_reader_00838_46_seg_live_phone_394,2.0,,1
/fs/ess/PAS2301/Data/Speech/MOS_datasets/nisqa/NISQA_TRAIN_LIVE/deg_16000/book_07140_chp_0043_reader_00838_46_seg_live_skype_394.wav,703.0,book_07140_chp_0043_reader_00838_46_seg_live_skype_394,1.75,,1
/fs/ess/PAS2301/Data/Speech/MOS_datasets/nisqa/NISQA_TRAIN_LIVE/deg_16000/book_07187_chp_0015_reader_11929_12_seg_live_phone_395.wav,704.0,book_07187_chp_0015_reader_11929_12_seg_live_phone_395,1.0,,1
/fs/ess/PAS2301/Data/Speech/MOS_datasets/nisqa/NISQA_TRAIN_LIVE/deg_16000/book_07187_chp_0015_reader_11929_12_seg_live_skype_395.wav,705.0,book_07187_chp_0015_reader_11929_12_seg_live_skype_395,2.2,,1
/fs/ess/PAS2301/Data/Speech/MOS_datasets/nisqa/NISQA_TRAIN_LIVE/deg_16000/book_07215_chp_0002_reader_05349_54_seg_live_phone_396.wav,706.0,book_07215_chp_0002_reader_05349_54_seg_live_phone_396,1.0,,1
/fs/ess/PAS2301/Data/Speech/MOS_datasets/nisqa/NISQA_TRAIN_LIVE/deg_16000/book_07215_chp_0002_reader_05349_54_seg_live_skype_396.wav,707.0,book_07215_chp_0002_reader_05349_54_seg_live_skype_396,1.6,,1
/fs/ess/PAS2301/Data/Speech/MOS_datasets/nisqa/NISQA_TRAIN_LIVE/deg_16000/book_07263_chp_0057_reader_09377_0_seg_live_phone_397.wav,708.0,book_07263_chp_0057_reader_09377_0_seg_live_phone_397,1.0,,1
/fs/ess/PAS2301/Data/Speech/MOS_datasets/nisqa/NISQA_TRAIN_LIVE/deg_16000/book_07263_chp_0057_reader_09377_0_seg_live_skype_397.wav,709.0,book_07263_chp_0057_reader_09377_0_seg_live_skype_397,1.4,,1
/fs/ess/PAS2301/Data/Speech/MOS_datasets/nisqa/NISQA_TRAIN_LIVE/deg_16000/book_07277_chp_0054_reader_11272_5_seg_live_phone_398.wav,710.0,book_07277_chp_0054_reader_11272_5_seg_live_phone_398,1.0,,1
/fs/ess/PAS2301/Data/Speech/MOS_datasets/nisqa/NISQA_TRAIN_LIVE/deg_16000/book_07277_chp_0054_reader_11272_5_seg_live_skype_398.wav,711.0,book_07277_chp_0054_reader_11272_5_seg_live_skype_398,2.2,,1
/fs/ess/PAS2301/Data/Speech/MOS_datasets/nisqa/NISQA_TRAIN_LIVE/deg_16000/book_07344_chp_0014_reader_09723_18_seg_live_phone_399.wav,712.0,book_07344_chp_0014_reader_09723_18_seg_live_phone_399,1.0,,1
/fs/ess/PAS2301/Data/Speech/MOS_datasets/nisqa/NISQA_TRAIN_LIVE/deg_16000/book_07344_chp_0014_reader_09723_18_seg_live_skype_399.wav,713.0,book_07344_chp_0014_reader_09723_18_seg_live_skype_399,2.6,,1
/fs/ess/PAS2301/Data/Speech/MOS_datasets/nisqa/NISQA_TRAIN_LIVE/deg_16000/book_07359_chp_0003_reader_05375_9_seg_live_phone_400.wav,714.0,book_07359_chp_0003_reader_05375_9_seg_live_phone_400,1.0,,1
/fs/ess/PAS2301/Data/Speech/MOS_datasets/nisqa/NISQA_TRAIN_LIVE/deg_16000/book_07359_chp_0003_reader_05375_9_seg_live_skype_400.wav,715.0,book_07359_chp_0003_reader_05375_9_seg_live_skype_400,1.6,,1
/fs/ess/PAS2301/Data/Speech/MOS_datasets/nisqa/NISQA_TRAIN_LIVE/deg_16000/book_07390_chp_0008_reader_00671_19_seg_live_phone_401.wav,716.0,book_07390_chp_0008_reader_00671_19_seg_live_phone_401,1.0,,1
/fs/ess/PAS2301/Data/Speech/MOS_datasets/nisqa/NISQA_TRAIN_LIVE/deg_16000/book_07390_chp_0008_reader_00671_19_seg_live_skype_401.wav,717.0,book_07390_chp_0008_reader_00671_19_seg_live_skype_401,1.33333333333333,,1
/fs/ess/PAS2301/Data/Speech/MOS_datasets/nisqa/NISQA_TRAIN_LIVE/deg_16000/book_07459_chp_0019_reader_08953_4_seg_live_phone_402.wav,718.0,book_07459_chp_0019_reader_08953_4_seg_live_phone_402,1.4,,1
/fs/ess/PAS2301/Data/Speech/MOS_datasets/nisqa/NISQA_TRAIN_LIVE/deg_16000/book_07459_chp_0019_reader_08953_4_seg_live_skype_402.wav,719.0,book_07459_chp_0019_reader_08953_4_seg_live_skype_402,1.8,,1
/fs/ess/PAS2301/Data/Speech/MOS_datasets/nisqa/NISQA_TRAIN_LIVE/deg_16000/book_07500_chp_0000_reader_11117_18_seg_live_phone_403.wav,720.0,book_07500_chp_0000_reader_11117_18_seg_live_phone_403,2.0,,1
/fs/ess/PAS2301/Data/Speech/MOS_datasets/nisqa/NISQA_TRAIN_LIVE/deg_16000/book_07500_chp_0000_reader_11117_18_seg_live_skype_403.wav,721.0,book_07500_chp_0000_reader_11117_18_seg_live_skype_403,1.8,,1
/fs/ess/PAS2301/Data/Speech/MOS_datasets/nisqa/NISQA_TRAIN_LIVE/deg_16000/book_07500_chp_0005_reader_10927_15_seg_live_phone_404.wav,722.0,book_07500_chp_0005_reader_10927_15_seg_live_phone_404,1.8,,1
/fs/ess/PAS2301/Data/Speech/MOS_datasets/nisqa/NISQA_TRAIN_LIVE/deg_16000/book_07500_chp_0005_reader_10927_15_seg_live_skype_404.wav,723.0,book_07500_chp_0005_reader_10927_15_seg_live_skype_404,2.2,,1
/fs/ess/PAS2301/Data/Speech/MOS_datasets/nisqa/NISQA_TRAIN_LIVE/deg_16000/book_07511_chp_0047_reader_02351_3_seg_live_phone_405.wav,724.0,book_07511_chp_0047_reader_02351_3_seg_live_phone_405,1.6,,1
/fs/ess/PAS2301/Data/Speech/MOS_datasets/nisqa/NISQA_TRAIN_LIVE/deg_16000/book_07511_chp_0047_reader_02351_3_seg_live_skype_405.wav,725.0,book_07511_chp_0047_reader_02351_3_seg_live_skype_405,2.375,,1
/fs/ess/PAS2301/Data/Speech/MOS_datasets/nisqa/NISQA_TRAIN_LIVE/deg_16000/book_07526_chp_0005_reader_06219_2_seg_live_phone_406.wav,726.0,book_07526_chp_0005_reader_06219_2_seg_live_phone_406,2.4,,1
/fs/ess/PAS2301/Data/Speech/MOS_datasets/nisqa/NISQA_TRAIN_LIVE/deg_16000/book_07526_chp_0005_reader_06219_2_seg_live_skype_406.wav,727.0,book_07526_chp_0005_reader_06219_2_seg_live_skype_406,2.8,,1
/fs/ess/PAS2301/Data/Speech/MOS_datasets/nisqa/NISQA_TRAIN_LIVE/deg_16000/book_07592_chp_0005_reader_03900_11_seg_live_phone_407.wav,728.0,book_07592_chp_0005_reader_03900_11_seg_live_phone_407,1.2,,1
/fs/ess/PAS2301/Data/Speech/MOS_datasets/nisqa/NISQA_TRAIN_LIVE/deg_16000/book_07592_chp_0005_reader_03900_11_seg_live_skype_407.wav,729.0,book_07592_chp_0005_reader_03900_11_seg_live_skype_407,1.8,,1
/fs/ess/PAS2301/Data/Speech/MOS_datasets/nisqa/NISQA_TRAIN_LIVE/deg_16000/book_07592_chp_0005_reader_03900_14_seg_live_phone_408.wav,730.0,book_07592_chp_0005_reader_03900_14_seg_live_phone_408,1.2,,1
/fs/ess/PAS2301/Data/Speech/MOS_datasets/nisqa/NISQA_TRAIN_LIVE/deg_16000/book_07592_chp_0005_reader_03900_14_seg_live_skype_408.wav,731.0,book_07592_chp_0005_reader_03900_14_seg_live_skype_408,1.0,,1
/fs/ess/PAS2301/Data/Speech/MOS_datasets/nisqa/NISQA_TRAIN_LIVE/deg_16000/book_07650_chp_0008_reader_11170_81_seg_live_phone_409.wav,732.0,book_07650_chp_0008_reader_11170_81_seg_live_phone_409,1.0,,1
/fs/ess/PAS2301/Data/Speech/MOS_datasets/nisqa/NISQA_TRAIN_LIVE/deg_16000/book_07650_chp_0008_reader_11170_81_seg_live_skype_409.wav,733.0,book_07650_chp_0008_reader_11170_81_seg_live_skype_409,1.33333333333333,,1
/fs/ess/PAS2301/Data/Speech/MOS_datasets/nisqa/NISQA_TRAIN_LIVE/deg_16000/book_07659_chp_0021_reader_07089_6_seg_live_phone_410.wav,734.0,book_07659_chp_0021_reader_07089_6_seg_live_phone_410,2.0,,1
/fs/ess/PAS2301/Data/Speech/MOS_datasets/nisqa/NISQA_TRAIN_LIVE/deg_16000/book_07659_chp_0021_reader_07089_6_seg_live_skype_410.wav,735.0,book_07659_chp_0021_reader_07089_6_seg_live_skype_410,2.8,,1
/fs/ess/PAS2301/Data/Speech/MOS_datasets/nisqa/NISQA_TRAIN_LIVE/deg_16000/book_07706_chp_0025_reader_01300_29_seg_live_phone_412.wav,736.0,book_07706_chp_0025_reader_01300_29_seg_live_phone_412,1.6,,1
/fs/ess/PAS2301/Data/Speech/MOS_datasets/nisqa/NISQA_TRAIN_LIVE/deg_16000/book_07706_chp_0025_reader_01300_29_seg_live_skype_412.wav,737.0,book_07706_chp_0025_reader_01300_29_seg_live_skype_412,1.8,,1
/fs/ess/PAS2301/Data/Speech/MOS_datasets/nisqa/NISQA_TRAIN_LIVE/deg_16000/book_07714_chp_0007_reader_11794_25_seg_live_phone_413.wav,738.0,book_07714_chp_0007_reader_11794_25_seg_live_phone_413,1.2,,1
/fs/ess/PAS2301/Data/Speech/MOS_datasets/nisqa/NISQA_TRAIN_LIVE/deg_16000/book_07714_chp_0007_reader_11794_25_seg_live_skype_413.wav,739.0,book_07714_chp_0007_reader_11794_25_seg_live_skype_413,1.2,,1
/fs/ess/PAS2301/Data/Speech/MOS_datasets/nisqa/NISQA_TRAIN_LIVE/deg_16000/book_07772_chp_0005_reader_09414_56_seg_live_phone_414.wav,740.0,book_07772_chp_0005_reader_09414_56_seg_live_phone_414,1.75,,1
/fs/ess/PAS2301/Data/Speech/MOS_datasets/nisqa/NISQA_TRAIN_LIVE/deg_16000/book_07772_chp_0005_reader_09414_56_seg_live_skype_414.wav,741.0,book_07772_chp_0005_reader_09414_56_seg_live_skype_414,2.25,,1
/fs/ess/PAS2301/Data/Speech/MOS_datasets/nisqa/NISQA_TRAIN_LIVE/deg_16000/book_07772_chp_0018_reader_11091_36_seg_live_phone_415.wav,742.0,book_07772_chp_0018_reader_11091_36_seg_live_phone_415,1.8,,1
/fs/ess/PAS2301/Data/Speech/MOS_datasets/nisqa/NISQA_TRAIN_LIVE/deg_16000/book_07772_chp_0018_reader_11091_36_seg_live_skype_415.wav,743.0,book_07772_chp_0018_reader_11091_36_seg_live_skype_415,3.2,,1
/fs/ess/PAS2301/Data/Speech/MOS_datasets/nisqa/NISQA_TRAIN_LIVE/deg_16000/book_07816_chp_0007_reader_06891_18_seg_live_phone_417.wav,744.0,book_07816_chp_0007_reader_06891_18_seg_live_phone_417,1.4,,1
/fs/ess/PAS2301/Data/Speech/MOS_datasets/nisqa/NISQA_TRAIN_LIVE/deg_16000/book_07816_chp_0007_reader_06891_18_seg_live_skype_417.wav,745.0,book_07816_chp_0007_reader_06891_18_seg_live_skype_417,1.2,,1
/fs/ess/PAS2301/Data/Speech/MOS_datasets/nisqa/NISQA_TRAIN_LIVE/deg_16000/book_07834_chp_0006_reader_03259_9_seg_live_phone_418.wav,746.0,book_07834_chp_0006_reader_03259_9_seg_live_phone_418,1.2,,1
/fs/ess/PAS2301/Data/Speech/MOS_datasets/nisqa/NISQA_TRAIN_LIVE/deg_16000/book_07834_chp_0006_reader_03259_9_seg_live_skype_418.wav,747.0,book_07834_chp_0006_reader_03259_9_seg_live_skype_418,1.4,,1
/fs/ess/PAS2301/Data/Speech/MOS_datasets/nisqa/NISQA_TRAIN_LIVE/deg_16000/book_07842_chp_0011_reader_03061_1_seg_live_phone_419.wav,748.0,book_07842_chp_0011_reader_03061_1_seg_live_phone_419,1.6,,1
/fs/ess/PAS2301/Data/Speech/MOS_datasets/nisqa/NISQA_TRAIN_LIVE/deg_16000/book_07842_chp_0011_reader_03061_1_seg_live_skype_419.wav,749.0,book_07842_chp_0011_reader_03061_1_seg_live_skype_419,1.8,,1
/fs/ess/PAS2301/Data/Speech/MOS_datasets/nisqa/NISQA_TRAIN_LIVE/deg_16000/book_07842_chp_0012_reader_03060_6_seg_live_phone_420.wav,750.0,book_07842_chp_0012_reader_03060_6_seg_live_phone_420,1.8,,1
/fs/ess/PAS2301/Data/Speech/MOS_datasets/nisqa/NISQA_TRAIN_LIVE/deg_16000/book_07842_chp_0012_reader_03060_6_seg_live_skype_420.wav,751.0,book_07842_chp_0012_reader_03060_6_seg_live_skype_420,2.2,,1
/fs/ess/PAS2301/Data/Speech/MOS_datasets/nisqa/NISQA_TRAIN_LIVE/deg_16000/book_07848_chp_0019_reader_01505_49_seg_live_phone_421.wav,752.0,book_07848_chp_0019_reader_01505_49_seg_live_phone_421,1.2,,1
/fs/ess/PAS2301/Data/Speech/MOS_datasets/nisqa/NISQA_TRAIN_LIVE/deg_16000/book_07848_chp_0019_reader_01505_49_seg_live_skype_421.wav,753.0,book_07848_chp_0019_reader_01505_49_seg_live_skype_421,1.5,,1
/fs/ess/PAS2301/Data/Speech/MOS_datasets/nisqa/NISQA_TRAIN_LIVE/deg_16000/book_07848_chp_0029_reader_11912_31_seg_live_phone_422.wav,754.0,book_07848_chp_0029_reader_11912_31_seg_live_phone_422,1.25,,1
/fs/ess/PAS2301/Data/Speech/MOS_datasets/nisqa/NISQA_TRAIN_LIVE/deg_16000/book_07848_chp_0029_reader_11912_31_seg_live_skype_422.wav,755.0,book_07848_chp_0029_reader_11912_31_seg_live_skype_422,1.4,,1
/fs/ess/PAS2301/Data/Speech/MOS_datasets/nisqa/NISQA_TRAIN_LIVE/deg_16000/book_07850_chp_0024_reader_00007_18_seg_live_phone_423.wav,756.0,book_07850_chp_0024_reader_00007_18_seg_live_phone_423,1.0,,1
/fs/ess/PAS2301/Data/Speech/MOS_datasets/nisqa/NISQA_TRAIN_LIVE/deg_16000/book_07850_chp_0024_reader_00007_18_seg_live_skype_423.wav,757.0,book_07850_chp_0024_reader_00007_18_seg_live_skype_423,2.0,,1
/fs/ess/PAS2301/Data/Speech/MOS_datasets/nisqa/NISQA_TRAIN_LIVE/deg_16000/book_07862_chp_0013_reader_02310_38_seg_live_phone_424.wav,758.0,book_07862_chp_0013_reader_02310_38_seg_live_phone_424,1.8,,1
/fs/ess/PAS2301/Data/Speech/MOS_datasets/nisqa/NISQA_TRAIN_LIVE/deg_16000/book_07862_chp_0013_reader_02310_38_seg_live_skype_424.wav,759.0,book_07862_chp_0013_reader_02310_38_seg_live_skype_424,2.0,,1
/fs/ess/PAS2301/Data/Speech/MOS_datasets/nisqa/NISQA_TRAIN_LIVE/deg_16000/book_07902_chp_0022_reader_02605_3_seg_live_phone_426.wav,760.0,book_07902_chp_0022_reader_02605_3_seg_live_phone_426,1.5,,1
/fs/ess/PAS2301/Data/Speech/MOS_datasets/nisqa/NISQA_TRAIN_LIVE/deg_16000/book_07902_chp_0022_reader_02605_3_seg_live_skype_426.wav,761.0,book_07902_chp_0022_reader_02605_3_seg_live_skype_426,3.2,,1
/fs/ess/PAS2301/Data/Speech/MOS_datasets/nisqa/NISQA_TRAIN_LIVE/deg_16000/book_07906_chp_0012_reader_10616_0_seg_live_phone_427.wav,762.0,book_07906_chp_0012_reader_10616_0_seg_live_phone_427,1.0,,1
/fs/ess/PAS2301/Data/Speech/MOS_datasets/nisqa/NISQA_TRAIN_LIVE/deg_16000/book_07906_chp_0012_reader_10616_0_seg_live_skype_427.wav,763.0,book_07906_chp_0012_reader_10616_0_seg_live_skype_427,1.4,,1
/fs/ess/PAS2301/Data/Speech/MOS_datasets/nisqa/NISQA_TRAIN_LIVE/deg_16000/book_07926_chp_0016_reader_07300_40_seg_live_phone_429.wav,764.0,book_07926_chp_0016_reader_07300_40_seg_live_phone_429,1.2,,1
/fs/ess/PAS2301/Data/Speech/MOS_datasets/nisqa/NISQA_TRAIN_LIVE/deg_16000/book_07926_chp_0016_reader_07300_40_seg_live_skype_429.wav,765.0,book_07926_chp_0016_reader_07300_40_seg_live_skype_429,2.2,,1
/fs/ess/PAS2301/Data/Speech/MOS_datasets/nisqa/NISQA_TRAIN_LIVE/deg_16000/book_07926_chp_0068_reader_02568_28_seg_live_phone_430.wav,766.0,book_07926_chp_0068_reader_02568_28_seg_live_phone_430,1.125,,1
/fs/ess/PAS2301/Data/Speech/MOS_datasets/nisqa/NISQA_TRAIN_LIVE/deg_16000/book_07926_chp_0068_reader_02568_28_seg_live_skype_430.wav,767.0,book_07926_chp_0068_reader_02568_28_seg_live_skype_430,2.6,,1
/fs/ess/PAS2301/Data/Speech/MOS_datasets/nisqa/NISQA_TRAIN_LIVE/deg_16000/book_07962_chp_0016_reader_06967_26_seg_live_phone_431.wav,768.0,book_07962_chp_0016_reader_06967_26_seg_live_phone_431,1.6,,1
/fs/ess/PAS2301/Data/Speech/MOS_datasets/nisqa/NISQA_TRAIN_LIVE/deg_16000/book_07962_chp_0016_reader_06967_26_seg_live_skype_431.wav,769.0,book_07962_chp_0016_reader_06967_26_seg_live_skype_431,2.6,,1
/fs/ess/PAS2301/Data/Speech/MOS_datasets/nisqa/NISQA_TRAIN_LIVE/deg_16000/book_07970_chp_0002_reader_11151_18_seg_live_phone_432.wav,770.0,book_07970_chp_0002_reader_11151_18_seg_live_phone_432,1.4,,1
/fs/ess/PAS2301/Data/Speech/MOS_datasets/nisqa/NISQA_TRAIN_LIVE/deg_16000/book_07970_chp_0002_reader_11151_18_seg_live_skype_432.wav,771.0,book_07970_chp_0002_reader_11151_18_seg_live_skype_432,1.6,,1
/fs/ess/PAS2301/Data/Speech/MOS_datasets/nisqa/NISQA_TRAIN_LIVE/deg_16000/book_07992_chp_0018_reader_02680_38_seg_live_phone_433.wav,772.0,book_07992_chp_0018_reader_02680_38_seg_live_phone_433,1.75,,1
/fs/ess/PAS2301/Data/Speech/MOS_datasets/nisqa/NISQA_TRAIN_LIVE/deg_16000/book_07992_chp_0018_reader_02680_38_seg_live_skype_433.wav,773.0,book_07992_chp_0018_reader_02680_38_seg_live_skype_433,3.4,,1
/fs/ess/PAS2301/Data/Speech/MOS_datasets/nisqa/NISQA_TRAIN_LIVE/deg_16000/book_08001_chp_0011_reader_00635_27_seg_live_phone_434.wav,774.0,book_08001_chp_0011_reader_00635_27_seg_live_phone_434,2.0,,1
/fs/ess/PAS2301/Data/Speech/MOS_datasets/nisqa/NISQA_TRAIN_LIVE/deg_16000/book_08001_chp_0011_reader_00635_27_seg_live_skype_434.wav,775.0,book_08001_chp_0011_reader_00635_27_seg_live_skype_434,2.6,,1
/fs/ess/PAS2301/Data/Speech/MOS_datasets/nisqa/NISQA_TRAIN_LIVE/deg_16000/book_08007_chp_0004_reader_06135_0_seg_live_skype_435.wav,776.0,book_08007_chp_0004_reader_06135_0_seg_live_skype_435,2.8,,1
/fs/ess/PAS2301/Data/Speech/MOS_datasets/nisqa/NISQA_TRAIN_LIVE/deg_16000/book_08032_chp_0008_reader_03062_24_seg_live_skype_436.wav,777.0,book_08032_chp_0008_reader_03062_24_seg_live_skype_436,2.4,,1
/fs/ess/PAS2301/Data/Speech/MOS_datasets/nisqa/NISQA_TRAIN_LIVE/deg_16000/book_08058_chp_0022_reader_02227_40_seg_live_skype_439.wav,778.0,book_08058_chp_0022_reader_02227_40_seg_live_skype_439,2.0,,1
/fs/ess/PAS2301/Data/Speech/MOS_datasets/nisqa/NISQA_TRAIN_LIVE/deg_16000/book_08070_chp_0010_reader_00106_19_seg_live_skype_440.wav,779.0,book_08070_chp_0010_reader_00106_19_seg_live_skype_440,1.6,,1
/fs/ess/PAS2301/Data/Speech/MOS_datasets/nisqa/NISQA_TRAIN_LIVE/deg_16000/book_08115_chp_0009_reader_02296_21_seg_live_skype_441.wav,780.0,book_08115_chp_0009_reader_02296_21_seg_live_skype_441,1.75,,1
/fs/ess/PAS2301/Data/Speech/MOS_datasets/nisqa/NISQA_TRAIN_LIVE/deg_16000/book_08122_chp_0013_reader_01736_11_seg_live_skype_442.wav,781.0,book_08122_chp_0013_reader_01736_11_seg_live_skype_442,2.22222222222222,,1
/fs/ess/PAS2301/Data/Speech/MOS_datasets/nisqa/NISQA_TRAIN_LIVE/deg_16000/book_08134_chp_0024_reader_11252_18_seg_live_skype_445.wav,782.0,book_08134_chp_0024_reader_11252_18_seg_live_skype_445,3.6,,1
/fs/ess/PAS2301/Data/Speech/MOS_datasets/nisqa/NISQA_TRAIN_LIVE/deg_16000/book_08158_chp_0010_reader_04257_135_seg_live_skype_446.wav,783.0,book_08158_chp_0010_reader_04257_135_seg_live_skype_446,3.0,,1
/fs/ess/PAS2301/Data/Speech/MOS_datasets/nisqa/NISQA_TRAIN_LIVE/deg_16000/book_08160_chp_0022_reader_03323_29_seg_live_skype_447.wav,784.0,book_08160_chp_0022_reader_03323_29_seg_live_skype_447,2.6,,1
/fs/ess/PAS2301/Data/Speech/MOS_datasets/nisqa/NISQA_TRAIN_LIVE/deg_16000/book_08162_chp_0021_reader_02208_4_seg_live_skype_448.wav,785.0,book_08162_chp_0021_reader_02208_4_seg_live_skype_448,2.0,,1
/fs/ess/PAS2301/Data/Speech/MOS_datasets/nisqa/NISQA_TRAIN_LIVE/deg_16000/book_08205_chp_0001_reader_08836_1_seg_live_skype_450.wav,786.0,book_08205_chp_0001_reader_08836_1_seg_live_skype_450,3.6,,1
/fs/ess/PAS2301/Data/Speech/MOS_datasets/nisqa/NISQA_TRAIN_LIVE/deg_16000/book_08240_chp_0025_reader_10300_25_seg_live_skype_453.wav,787.0,book_08240_chp_0025_reader_10300_25_seg_live_skype_453,3.0,,1
/fs/ess/PAS2301/Data/Speech/MOS_datasets/nisqa/NISQA_TRAIN_LIVE/deg_16000/book_08240_chp_0036_reader_11411_28_seg_live_skype_454.wav,788.0,book_08240_chp_0036_reader_11411_28_seg_live_skype_454,2.6,,1
/fs/ess/PAS2301/Data/Speech/MOS_datasets/nisqa/NISQA_TRAIN_LIVE/deg_16000/book_08241_chp_0026_reader_01039_27_seg_live_skype_455.wav,789.0,book_08241_chp_0026_reader_01039_27_seg_live_skype_455,2.8,,1
/fs/ess/PAS2301/Data/Speech/MOS_datasets/nisqa/NISQA_TRAIN_LIVE/deg_16000/book_08253_chp_0002_reader_01172_17_seg_live_skype_456.wav,790.0,book_08253_chp_0002_reader_01172_17_seg_live_skype_456,2.2,,1
/fs/ess/PAS2301/Data/Speech/MOS_datasets/nisqa/NISQA_TRAIN_LIVE/deg_16000/book_08260_chp_0011_reader_11110_8_seg_live_skype_457.wav,791.0,book_08260_chp_0011_reader_11110_8_seg_live_skype_457,2.2,,1
/fs/ess/PAS2301/Data/Speech/MOS_datasets/nisqa/NISQA_TRAIN_LIVE/deg_16000/book_08292_chp_0010_reader_10194_3_seg_live_phone_458.wav,792.0,book_08292_chp_0010_reader_10194_3_seg_live_phone_458,2.2,,1
/fs/ess/PAS2301/Data/Speech/MOS_datasets/nisqa/NISQA_TRAIN_LIVE/deg_16000/book_08292_chp_0010_reader_10194_3_seg_live_skype_458.wav,793.0,book_08292_chp_0010_reader_10194_3_seg_live_skype_458,3.0,,1
/fs/ess/PAS2301/Data/Speech/MOS_datasets/nisqa/NISQA_TRAIN_LIVE/deg_16000/book_08293_chp_0001_reader_00390_12_seg_live_phone_459.wav,794.0,book_08293_chp_0001_reader_00390_12_seg_live_phone_459,2.2,,1
/fs/ess/PAS2301/Data/Speech/MOS_datasets/nisqa/NISQA_TRAIN_LIVE/deg_16000/book_08293_chp_0001_reader_00390_12_seg_live_skype_459.wav,795.0,book_08293_chp_0001_reader_00390_12_seg_live_skype_459,2.1666666666666696,,1
/fs/ess/PAS2301/Data/Speech/MOS_datasets/nisqa/NISQA_TRAIN_LIVE/deg_16000/book_08293_chp_0014_reader_07695_2_seg_live_phone_461.wav,796.0,book_08293_chp_0014_reader_07695_2_seg_live_phone_461,1.0,,1
/fs/ess/PAS2301/Data/Speech/MOS_datasets/nisqa/NISQA_TRAIN_LIVE/deg_16000/book_08293_chp_0014_reader_07695_2_seg_live_skype_461.wav,797.0,book_08293_chp_0014_reader_07695_2_seg_live_skype_461,2.6,,1
/fs/ess/PAS2301/Data/Speech/MOS_datasets/nisqa/NISQA_TRAIN_LIVE/deg_16000/book_08301_chp_0016_reader_07285_4_seg_live_phone_462.wav,798.0,book_08301_chp_0016_reader_07285_4_seg_live_phone_462,1.8,,1
/fs/ess/PAS2301/Data/Speech/MOS_datasets/nisqa/NISQA_TRAIN_LIVE/deg_16000/book_08301_chp_0016_reader_07285_4_seg_live_skype_462.wav,799.0,book_08301_chp_0016_reader_07285_4_seg_live_skype_462,1.0,,1
/fs/ess/PAS2301/Data/Speech/MOS_datasets/nisqa/NISQA_TRAIN_LIVE/deg_16000/book_08306_chp_0007_reader_11405_2_seg_live_phone_463.wav,800.0,book_08306_chp_0007_reader_11405_2_seg_live_phone_463,2.2,,1
/fs/ess/PAS2301/Data/Speech/MOS_datasets/nisqa/NISQA_TRAIN_LIVE/deg_16000/book_08306_chp_0007_reader_11405_2_seg_live_skype_463.wav,801.0,book_08306_chp_0007_reader_11405_2_seg_live_skype_463,1.5,,1
/fs/ess/PAS2301/Data/Speech/MOS_datasets/nisqa/NISQA_TRAIN_LIVE/deg_16000/book_08329_chp_0005_reader_08604_18_seg_live_phone_464.wav,802.0,book_08329_chp_0005_reader_08604_18_seg_live_phone_464,2.4,,1
/fs/ess/PAS2301/Data/Speech/MOS_datasets/nisqa/NISQA_TRAIN_LIVE/deg_16000/book_08329_chp_0005_reader_08604_18_seg_live_skype_464.wav,803.0,book_08329_chp_0005_reader_08604_18_seg_live_skype_464,3.4,,1
/fs/ess/PAS2301/Data/Speech/MOS_datasets/nisqa/NISQA_TRAIN_LIVE/deg_16000/book_08343_chp_0018_reader_06348_7_seg_live_phone_465.wav,804.0,book_08343_chp_0018_reader_06348_7_seg_live_phone_465,1.8,,1
/fs/ess/PAS2301/Data/Speech/MOS_datasets/nisqa/NISQA_TRAIN_LIVE/deg_16000/book_08343_chp_0018_reader_06348_7_seg_live_skype_465.wav,805.0,book_08343_chp_0018_reader_06348_7_seg_live_skype_465,3.0,,1
/fs/ess/PAS2301/Data/Speech/MOS_datasets/nisqa/NISQA_TRAIN_LIVE/deg_16000/book_08430_chp_0015_reader_05812_27_seg_live_phone_466.wav,806.0,book_08430_chp_0015_reader_05812_27_seg_live_phone_466,1.0,,1
/fs/ess/PAS2301/Data/Speech/MOS_datasets/nisqa/NISQA_TRAIN_LIVE/deg_16000/book_08430_chp_0015_reader_05812_27_seg_live_skype_466.wav,807.0,book_08430_chp_0015_reader_05812_27_seg_live_skype_466,3.2,,1
/fs/ess/PAS2301/Data/Speech/MOS_datasets/nisqa/NISQA_TRAIN_LIVE/deg_16000/book_08455_chp_0006_reader_00686_43_seg_live_phone_467.wav,808.0,book_08455_chp_0006_reader_00686_43_seg_live_phone_467,1.0,,1
/fs/ess/PAS2301/Data/Speech/MOS_datasets/nisqa/NISQA_TRAIN_LIVE/deg_16000/book_08455_chp_0006_reader_00686_43_seg_live_skype_467.wav,809.0,book_08455_chp_0006_reader_00686_43_seg_live_skype_467,2.4,,1
/fs/ess/PAS2301/Data/Speech/MOS_datasets/nisqa/NISQA_TRAIN_LIVE/deg_16000/book_08464_chp_0017_reader_07477_38_seg_live_phone_468.wav,810.0,book_08464_chp_0017_reader_07477_38_seg_live_phone_468,1.25,,1
/fs/ess/PAS2301/Data/Speech/MOS_datasets/nisqa/NISQA_TRAIN_LIVE/deg_16000/book_08464_chp_0017_reader_07477_38_seg_live_skype_468.wav,811.0,book_08464_chp_0017_reader_07477_38_seg_live_skype_468,3.125,,1
/fs/ess/PAS2301/Data/Speech/MOS_datasets/nisqa/NISQA_TRAIN_LIVE/deg_16000/book_08491_chp_0005_reader_07649_0_seg_live_phone_469.wav,812.0,book_08491_chp_0005_reader_07649_0_seg_live_phone_469,2.4,,1
/fs/ess/PAS2301/Data/Speech/MOS_datasets/nisqa/NISQA_TRAIN_LIVE/deg_16000/book_08491_chp_0005_reader_07649_0_seg_live_skype_469.wav,813.0,book_08491_chp_0005_reader_07649_0_seg_live_skype_469,3.0,,1
/fs/ess/PAS2301/Data/Speech/MOS_datasets/nisqa/NISQA_TRAIN_LIVE/deg_16000/book_08497_chp_0011_reader_03011_0_seg_live_phone_470.wav,814.0,book_08497_chp_0011_reader_03011_0_seg_live_phone_470,2.2,,1
/fs/ess/PAS2301/Data/Speech/MOS_datasets/nisqa/NISQA_TRAIN_LIVE/deg_16000/book_08497_chp_0011_reader_03011_0_seg_live_skype_470.wav,815.0,book_08497_chp_0011_reader_03011_0_seg_live_skype_470,2.0,,1
/fs/ess/PAS2301/Data/Speech/MOS_datasets/nisqa/NISQA_TRAIN_LIVE/deg_16000/book_08524_chp_0010_reader_09720_2_seg_live_phone_471.wav,816.0,book_08524_chp_0010_reader_09720_2_seg_live_phone_471,2.0,,1
/fs/ess/PAS2301/Data/Speech/MOS_datasets/nisqa/NISQA_TRAIN_LIVE/deg_16000/book_08524_chp_0010_reader_09720_2_seg_live_skype_471.wav,817.0,book_08524_chp_0010_reader_09720_2_seg_live_skype_471,1.8,,1
/fs/ess/PAS2301/Data/Speech/MOS_datasets/nisqa/NISQA_TRAIN_LIVE/deg_16000/book_08580_chp_0003_reader_09073_72_seg_live_phone_472.wav,818.0,book_08580_chp_0003_reader_09073_72_seg_live_phone_472,1.8,,1
/fs/ess/PAS2301/Data/Speech/MOS_datasets/nisqa/NISQA_TRAIN_LIVE/deg_16000/book_08580_chp_0003_reader_09073_72_seg_live_skype_472.wav,819.0,book_08580_chp_0003_reader_09073_72_seg_live_skype_472,1.8,,1
/fs/ess/PAS2301/Data/Speech/MOS_datasets/nisqa/NISQA_TRAIN_LIVE/deg_16000/book_08583_chp_0009_reader_05722_3_seg_live_phone_473.wav,820.0,book_08583_chp_0009_reader_05722_3_seg_live_phone_473,2.2,,1
/fs/ess/PAS2301/Data/Speech/MOS_datasets/nisqa/NISQA_TRAIN_LIVE/deg_16000/book_08583_chp_0009_reader_05722_3_seg_live_skype_473.wav,821.0,book_08583_chp_0009_reader_05722_3_seg_live_skype_473,3.2,,1
/fs/ess/PAS2301/Data/Speech/MOS_datasets/nisqa/NISQA_TRAIN_LIVE/deg_16000/book_08591_chp_0014_reader_04277_14_seg_live_phone_474.wav,822.0,book_08591_chp_0014_reader_04277_14_seg_live_phone_474,1.6,,1
/fs/ess/PAS2301/Data/Speech/MOS_datasets/nisqa/NISQA_TRAIN_LIVE/deg_16000/book_08591_chp_0014_reader_04277_14_seg_live_skype_474.wav,823.0,book_08591_chp_0014_reader_04277_14_seg_live_skype_474,1.6,,1
/fs/ess/PAS2301/Data/Speech/MOS_datasets/nisqa/NISQA_TRAIN_LIVE/deg_16000/book_08599_chp_0006_reader_08970_21_seg_live_phone_475.wav,824.0,book_08599_chp_0006_reader_08970_21_seg_live_phone_475,2.5,,1
/fs/ess/PAS2301/Data/Speech/MOS_datasets/nisqa/NISQA_TRAIN_LIVE/deg_16000/book_08599_chp_0006_reader_08970_21_seg_live_skype_475.wav,825.0,book_08599_chp_0006_reader_08970_21_seg_live_skype_475,2.3333333333333304,,1
/fs/ess/PAS2301/Data/Speech/MOS_datasets/nisqa/NISQA_TRAIN_LIVE/deg_16000/book_08629_chp_0019_reader_00094_20_seg_live_phone_476.wav,826.0,book_08629_chp_0019_reader_00094_20_seg_live_phone_476,1.8,,1
/fs/ess/PAS2301/Data/Speech/MOS_datasets/nisqa/NISQA_TRAIN_LIVE/deg_16000/book_08629_chp_0019_reader_00094_20_seg_live_skype_476.wav,827.0,book_08629_chp_0019_reader_00094_20_seg_live_skype_476,2.4,,1
/fs/ess/PAS2301/Data/Speech/MOS_datasets/nisqa/NISQA_TRAIN_LIVE/deg_16000/book_08665_chp_0001_reader_02846_12_seg_live_phone_477.wav,828.0,book_08665_chp_0001_reader_02846_12_seg_live_phone_477,1.0,,1
/fs/ess/PAS2301/Data/Speech/MOS_datasets/nisqa/NISQA_TRAIN_LIVE/deg_16000/book_08665_chp_0001_reader_02846_12_seg_live_skype_477.wav,829.0,book_08665_chp_0001_reader_02846_12_seg_live_skype_477,1.6,,1
/fs/ess/PAS2301/Data/Speech/MOS_datasets/nisqa/NISQA_TRAIN_LIVE/deg_16000/book_08681_chp_0008_reader_02480_2_seg_live_phone_478.wav,830.0,book_08681_chp_0008_reader_02480_2_seg_live_phone_478,2.6,,1
/fs/ess/PAS2301/Data/Speech/MOS_datasets/nisqa/NISQA_TRAIN_LIVE/deg_16000/book_08681_chp_0008_reader_02480_2_seg_live_skype_478.wav,831.0,book_08681_chp_0008_reader_02480_2_seg_live_skype_478,2.75,,1
/fs/ess/PAS2301/Data/Speech/MOS_datasets/nisqa/NISQA_TRAIN_LIVE/deg_16000/book_08702_chp_0030_reader_05679_18_seg_live_phone_479.wav,832.0,book_08702_chp_0030_reader_05679_18_seg_live_phone_479,2.2,,1
/fs/ess/PAS2301/Data/Speech/MOS_datasets/nisqa/NISQA_TRAIN_LIVE/deg_16000/book_08702_chp_0030_reader_05679_18_seg_live_skype_479.wav,833.0,book_08702_chp_0030_reader_05679_18_seg_live_skype_479,3.0,,1
/fs/ess/PAS2301/Data/Speech/MOS_datasets/nisqa/NISQA_TRAIN_LIVE/deg_16000/book_08729_chp_0003_reader_11970_37_seg_live_phone_480.wav,834.0,book_08729_chp_0003_reader_11970_37_seg_live_phone_480,2.0,,1
/fs/ess/PAS2301/Data/Speech/MOS_datasets/nisqa/NISQA_TRAIN_LIVE/deg_16000/book_08729_chp_0003_reader_11970_37_seg_live_skype_480.wav,835.0,book_08729_chp_0003_reader_11970_37_seg_live_skype_480,2.4,,1
/fs/ess/PAS2301/Data/Speech/MOS_datasets/nisqa/NISQA_TRAIN_LIVE/deg_16000/book_08757_chp_0011_reader_00212_4_seg_live_phone_482.wav,836.0,book_08757_chp_0011_reader_00212_4_seg_live_phone_482,1.8,,1
/fs/ess/PAS2301/Data/Speech/MOS_datasets/nisqa/NISQA_TRAIN_LIVE/deg_16000/book_08757_chp_0011_reader_00212_4_seg_live_skype_482.wav,837.0,book_08757_chp_0011_reader_00212_4_seg_live_skype_482,3.0,,1
/fs/ess/PAS2301/Data/Speech/MOS_datasets/nisqa/NISQA_TRAIN_LIVE/deg_16000/book_08803_chp_0021_reader_11591_13_seg_live_phone_483.wav,838.0,book_08803_chp_0021_reader_11591_13_seg_live_phone_483,2.4,,1
/fs/ess/PAS2301/Data/Speech/MOS_datasets/nisqa/NISQA_TRAIN_LIVE/deg_16000/book_08803_chp_0021_reader_11591_13_seg_live_skype_483.wav,839.0,book_08803_chp_0021_reader_11591_13_seg_live_skype_483,3.2,,1
/fs/ess/PAS2301/Data/Speech/MOS_datasets/nisqa/NISQA_TRAIN_LIVE/deg_16000/book_08841_chp_0024_reader_06703_4_seg_live_phone_484.wav,840.0,book_08841_chp_0024_reader_06703_4_seg_live_phone_484,2.0,,1
/fs/ess/PAS2301/Data/Speech/MOS_datasets/nisqa/NISQA_TRAIN_LIVE/deg_16000/book_08841_chp_0024_reader_06703_4_seg_live_skype_484.wav,841.0,book_08841_chp_0024_reader_06703_4_seg_live_skype_484,2.8,,1
/fs/ess/PAS2301/Data/Speech/MOS_datasets/nisqa/NISQA_TRAIN_LIVE/deg_16000/book_08932_chp_0020_reader_11216_33_seg_live_phone_487.wav,842.0,book_08932_chp_0020_reader_11216_33_seg_live_phone_487,2.4,,1
/fs/ess/PAS2301/Data/Speech/MOS_datasets/nisqa/NISQA_TRAIN_LIVE/deg_16000/book_08932_chp_0020_reader_11216_33_seg_live_skype_487.wav,843.0,book_08932_chp_0020_reader_11216_33_seg_live_skype_487,1.8,,1
/fs/ess/PAS2301/Data/Speech/MOS_datasets/nisqa/NISQA_TRAIN_LIVE/deg_16000/book_08968_chp_0013_reader_05933_1_seg_live_phone_488.wav,844.0,book_08968_chp_0013_reader_05933_1_seg_live_phone_488,1.4,,1
/fs/ess/PAS2301/Data/Speech/MOS_datasets/nisqa/NISQA_TRAIN_LIVE/deg_16000/book_08968_chp_0013_reader_05933_1_seg_live_skype_488.wav,845.0,book_08968_chp_0013_reader_05933_1_seg_live_skype_488,1.6,,1
/fs/ess/PAS2301/Data/Speech/MOS_datasets/nisqa/NISQA_TRAIN_LIVE/deg_16000/book_08972_chp_0006_reader_08432_0_seg_live_phone_489.wav,846.0,book_08972_chp_0006_reader_08432_0_seg_live_phone_489,1.6,,1
/fs/ess/PAS2301/Data/Speech/MOS_datasets/nisqa/NISQA_TRAIN_LIVE/deg_16000/book_08972_chp_0006_reader_08432_0_seg_live_skype_489.wav,847.0,book_08972_chp_0006_reader_08432_0_seg_live_skype_489,1.0,,1
/fs/ess/PAS2301/Data/Speech/MOS_datasets/nisqa/NISQA_TRAIN_LIVE/deg_16000/book_09010_chp_0028_reader_02189_5_seg_live_phone_490.wav,848.0,book_09010_chp_0028_reader_02189_5_seg_live_phone_490,2.2,,1
/fs/ess/PAS2301/Data/Speech/MOS_datasets/nisqa/NISQA_TRAIN_LIVE/deg_16000/book_09010_chp_0028_reader_02189_5_seg_live_skype_490.wav,849.0,book_09010_chp_0028_reader_02189_5_seg_live_skype_490,1.8,,1
/fs/ess/PAS2301/Data/Speech/MOS_datasets/nisqa/NISQA_TRAIN_LIVE/deg_16000/book_09070_chp_0002_reader_09031_26_seg_live_phone_493.wav,850.0,book_09070_chp_0002_reader_09031_26_seg_live_phone_493,2.0,,1
/fs/ess/PAS2301/Data/Speech/MOS_datasets/nisqa/NISQA_TRAIN_LIVE/deg_16000/book_09070_chp_0002_reader_09031_26_seg_live_skype_493.wav,851.0,book_09070_chp_0002_reader_09031_26_seg_live_skype_493,2.4,,1
/fs/ess/PAS2301/Data/Speech/MOS_datasets/nisqa/NISQA_TRAIN_LIVE/deg_16000/book_09073_chp_0003_reader_05225_4_seg_live_phone_495.wav,852.0,book_09073_chp_0003_reader_05225_4_seg_live_phone_495,2.4,,1
/fs/ess/PAS2301/Data/Speech/MOS_datasets/nisqa/NISQA_TRAIN_LIVE/deg_16000/book_09073_chp_0003_reader_05225_4_seg_live_skype_495.wav,853.0,book_09073_chp_0003_reader_05225_4_seg_live_skype_495,3.5,,1
/fs/ess/PAS2301/Data/Speech/MOS_datasets/nisqa/NISQA_TRAIN_LIVE/deg_16000/book_09074_chp_0017_reader_01490_9_seg_live_phone_496.wav,854.0,book_09074_chp_0017_reader_01490_9_seg_live_phone_496,1.4,,1
/fs/ess/PAS2301/Data/Speech/MOS_datasets/nisqa/NISQA_TRAIN_LIVE/deg_16000/book_09074_chp_0017_reader_01490_9_seg_live_skype_496.wav,855.0,book_09074_chp_0017_reader_01490_9_seg_live_skype_496,2.0,,1
/fs/ess/PAS2301/Data/Speech/MOS_datasets/nisqa/NISQA_TRAIN_LIVE/deg_16000/book_09110_chp_0026_reader_00634_3_seg_live_phone_497.wav,856.0,book_09110_chp_0026_reader_00634_3_seg_live_phone_497,1.6,,1
/fs/ess/PAS2301/Data/Speech/MOS_datasets/nisqa/NISQA_TRAIN_LIVE/deg_16000/book_09110_chp_0026_reader_00634_3_seg_live_skype_497.wav,857.0,book_09110_chp_0026_reader_00634_3_seg_live_skype_497,2.8,,1
/fs/ess/PAS2301/Data/Speech/MOS_datasets/nisqa/NISQA_TRAIN_LIVE/deg_16000/book_09118_chp_0016_reader_09758_24_seg_live_phone_498.wav,858.0,book_09118_chp_0016_reader_09758_24_seg_live_phone_498,1.4,,1
/fs/ess/PAS2301/Data/Speech/MOS_datasets/nisqa/NISQA_TRAIN_LIVE/deg_16000/book_09118_chp_0016_reader_09758_24_seg_live_skype_498.wav,859.0,book_09118_chp_0016_reader_09758_24_seg_live_skype_498,2.0,,1
/fs/ess/PAS2301/Data/Speech/MOS_datasets/nisqa/NISQA_TRAIN_LIVE/deg_16000/book_09136_chp_0007_reader_05924_5_seg_live_phone_499.wav,860.0,book_09136_chp_0007_reader_05924_5_seg_live_phone_499,1.8,,1
/fs/ess/PAS2301/Data/Speech/MOS_datasets/nisqa/NISQA_TRAIN_LIVE/deg_16000/book_09136_chp_0007_reader_05924_5_seg_live_skype_499.wav,861.0,book_09136_chp_0007_reader_05924_5_seg_live_skype_499,2.42857142857143,,1
/fs/ess/PAS2301/Data/Speech/MOS_datasets/nisqa/NISQA_TRAIN_LIVE/deg_16000/book_09167_chp_0014_reader_09771_4_seg_live_phone_501.wav,862.0,book_09167_chp_0014_reader_09771_4_seg_live_phone_501,1.6,,1
/fs/ess/PAS2301/Data/Speech/MOS_datasets/nisqa/NISQA_TRAIN_LIVE/deg_16000/book_09167_chp_0014_reader_09771_4_seg_live_skype_501.wav,863.0,book_09167_chp_0014_reader_09771_4_seg_live_skype_501,2.5,,1
/fs/ess/PAS2301/Data/Speech/MOS_datasets/nisqa/NISQA_TRAIN_LIVE/deg_16000/book_09174_chp_0001_reader_08396_11_seg_live_phone_502.wav,864.0,book_09174_chp_0001_reader_08396_11_seg_live_phone_502,1.4,,1
/fs/ess/PAS2301/Data/Speech/MOS_datasets/nisqa/NISQA_TRAIN_LIVE/deg_16000/book_09174_chp_0001_reader_08396_11_seg_live_skype_502.wav,865.0,book_09174_chp_0001_reader_08396_11_seg_live_skype_502,3.2,,1
/fs/ess/PAS2301/Data/Speech/MOS_datasets/nisqa/NISQA_TRAIN_LIVE/deg_16000/book_09178_chp_0004_reader_05614_20_seg_live_phone_503.wav,866.0,book_09178_chp_0004_reader_05614_20_seg_live_phone_503,1.8,,1
/fs/ess/PAS2301/Data/Speech/MOS_datasets/nisqa/NISQA_TRAIN_LIVE/deg_16000/book_09178_chp_0004_reader_05614_20_seg_live_skype_503.wav,867.0,book_09178_chp_0004_reader_05614_20_seg_live_skype_503,2.6,,1
/fs/ess/PAS2301/Data/Speech/MOS_datasets/nisqa/NISQA_TRAIN_LIVE/deg_16000/book_09183_chp_0013_reader_03686_45_seg_live_phone_504.wav,868.0,book_09183_chp_0013_reader_03686_45_seg_live_phone_504,2.0,,1
/fs/ess/PAS2301/Data/Speech/MOS_datasets/nisqa/NISQA_TRAIN_LIVE/deg_16000/book_09183_chp_0013_reader_03686_45_seg_live_skype_504.wav,869.0,book_09183_chp_0013_reader_03686_45_seg_live_skype_504,2.2,,1
/fs/ess/PAS2301/Data/Speech/MOS_datasets/nisqa/NISQA_TRAIN_LIVE/deg_16000/book_09195_chp_0012_reader_00097_6_seg_live_phone_506.wav,870.0,book_09195_chp_0012_reader_00097_6_seg_live_phone_506,2.0,,1
/fs/ess/PAS2301/Data/Speech/MOS_datasets/nisqa/NISQA_TRAIN_LIVE/deg_16000/book_09248_chp_0016_reader_10525_10_seg_live_phone_507.wav,871.0,book_09248_chp_0016_reader_10525_10_seg_live_phone_507,1.0,,1
/fs/ess/PAS2301/Data/Speech/MOS_datasets/nisqa/NISQA_TRAIN_LIVE/deg_16000/book_09248_chp_0016_reader_10525_10_seg_live_skype_507.wav,872.0,book_09248_chp_0016_reader_10525_10_seg_live_skype_507,1.8,,1
/fs/ess/PAS2301/Data/Speech/MOS_datasets/nisqa/NISQA_TRAIN_LIVE/deg_16000/book_09254_chp_0015_reader_05683_3_seg_live_phone_508.wav,873.0,book_09254_chp_0015_reader_05683_3_seg_live_phone_508,2.75,,1
/fs/ess/PAS2301/Data/Speech/MOS_datasets/nisqa/NISQA_TRAIN_LIVE/deg_16000/book_09254_chp_0015_reader_05683_3_seg_live_skype_508.wav,874.0,book_09254_chp_0015_reader_05683_3_seg_live_skype_508,2.8,,1
/fs/ess/PAS2301/Data/Speech/MOS_datasets/nisqa/NISQA_TRAIN_LIVE/deg_16000/book_09255_chp_0020_reader_05324_9_seg_live_phone_509.wav,875.0,book_09255_chp_0020_reader_05324_9_seg_live_phone_509,1.4,,1
/fs/ess/PAS2301/Data/Speech/MOS_datasets/nisqa/NISQA_TRAIN_LIVE/deg_16000/book_09255_chp_0020_reader_05324_9_seg_live_skype_509.wav,876.0,book_09255_chp_0020_reader_05324_9_seg_live_skype_509,2.4,,1
/fs/ess/PAS2301/Data/Speech/MOS_datasets/nisqa/NISQA_TRAIN_LIVE/deg_16000/book_09255_chp_0067_reader_06963_6_seg_live_phone_510.wav,877.0,book_09255_chp_0067_reader_06963_6_seg_live_phone_510,3.0,,1
/fs/ess/PAS2301/Data/Speech/MOS_datasets/nisqa/NISQA_TRAIN_LIVE/deg_16000/book_09255_chp_0067_reader_06963_6_seg_live_skype_510.wav,878.0,book_09255_chp_0067_reader_06963_6_seg_live_skype_510,3.4,,1
/fs/ess/PAS2301/Data/Speech/MOS_datasets/nisqa/NISQA_TRAIN_LIVE/deg_16000/book_09255_chp_0073_reader_06643_8_seg_live_phone_511.wav,879.0,book_09255_chp_0073_reader_06643_8_seg_live_phone_511,1.4,,1
/fs/ess/PAS2301/Data/Speech/MOS_datasets/nisqa/NISQA_TRAIN_LIVE/deg_16000/book_09255_chp_0073_reader_06643_8_seg_live_skype_511.wav,880.0,book_09255_chp_0073_reader_06643_8_seg_live_skype_511,2.44444444444444,,1
/fs/ess/PAS2301/Data/Speech/MOS_datasets/nisqa/NISQA_TRAIN_LIVE/deg_16000/book_09323_chp_0023_reader_05621_40_seg_live_phone_513.wav,881.0,book_09323_chp_0023_reader_05621_40_seg_live_phone_513,1.0,,1
/fs/ess/PAS2301/Data/Speech/MOS_datasets/nisqa/NISQA_TRAIN_LIVE/deg_16000/book_09323_chp_0023_reader_05621_40_seg_live_skype_513.wav,882.0,book_09323_chp_0023_reader_05621_40_seg_live_skype_513,1.125,,1
/fs/ess/PAS2301/Data/Speech/MOS_datasets/nisqa/NISQA_TRAIN_LIVE/deg_16000/book_09391_chp_0005_reader_10921_20_seg_live_phone_516.wav,883.0,book_09391_chp_0005_reader_10921_20_seg_live_phone_516,1.4,,1
/fs/ess/PAS2301/Data/Speech/MOS_datasets/nisqa/NISQA_TRAIN_LIVE/deg_16000/book_09391_chp_0005_reader_10921_20_seg_live_skype_516.wav,884.0,book_09391_chp_0005_reader_10921_20_seg_live_skype_516,1.25,,1
/fs/ess/PAS2301/Data/Speech/MOS_datasets/nisqa/NISQA_TRAIN_LIVE/deg_16000/book_09393_chp_0017_reader_06919_28_seg_live_phone_517.wav,885.0,book_09393_chp_0017_reader_06919_28_seg_live_phone_517,1.25,,1
/fs/ess/PAS2301/Data/Speech/MOS_datasets/nisqa/NISQA_TRAIN_LIVE/deg_16000/book_09393_chp_0017_reader_06919_28_seg_live_skype_517.wav,886.0,book_09393_chp_0017_reader_06919_28_seg_live_skype_517,2.1666666666666696,,1
/fs/ess/PAS2301/Data/Speech/MOS_datasets/nisqa/NISQA_TRAIN_LIVE/deg_16000/book_09395_chp_0023_reader_07848_17_seg_live_phone_518.wav,887.0,book_09395_chp_0023_reader_07848_17_seg_live_phone_518,1.2,,1
/fs/ess/PAS2301/Data/Speech/MOS_datasets/nisqa/NISQA_TRAIN_LIVE/deg_16000/book_09395_chp_0023_reader_07848_17_seg_live_skype_518.wav,888.0,book_09395_chp_0023_reader_07848_17_seg_live_skype_518,1.4,,1
/fs/ess/PAS2301/Data/Speech/MOS_datasets/nisqa/NISQA_TRAIN_LIVE/deg_16000/book_09411_chp_0001_reader_08944_1_seg_live_phone_519.wav,889.0,book_09411_chp_0001_reader_08944_1_seg_live_phone_519,1.8,,1
/fs/ess/PAS2301/Data/Speech/MOS_datasets/nisqa/NISQA_TRAIN_LIVE/deg_16000/book_09411_chp_0001_reader_08944_1_seg_live_skype_519.wav,890.0,book_09411_chp_0001_reader_08944_1_seg_live_skype_519,2.4,,1
/fs/ess/PAS2301/Data/Speech/MOS_datasets/nisqa/NISQA_TRAIN_LIVE/deg_16000/book_09412_chp_0021_reader_01075_0_seg_live_phone_520.wav,891.0,book_09412_chp_0021_reader_01075_0_seg_live_phone_520,1.4,,1
/fs/ess/PAS2301/Data/Speech/MOS_datasets/nisqa/NISQA_TRAIN_LIVE/deg_16000/book_09412_chp_0021_reader_01075_0_seg_live_skype_520.wav,892.0,book_09412_chp_0021_reader_01075_0_seg_live_skype_520,2.0,,1
/fs/ess/PAS2301/Data/Speech/MOS_datasets/nisqa/NISQA_TRAIN_LIVE/deg_16000/book_09422_chp_0051_reader_05367_4_seg_live_phone_521.wav,893.0,book_09422_chp_0051_reader_05367_4_seg_live_phone_521,1.0,,1
/fs/ess/PAS2301/Data/Speech/MOS_datasets/nisqa/NISQA_TRAIN_LIVE/deg_16000/book_09422_chp_0051_reader_05367_4_seg_live_skype_521.wav,894.0,book_09422_chp_0051_reader_05367_4_seg_live_skype_521,2.0,,1
/fs/ess/PAS2301/Data/Speech/MOS_datasets/nisqa/NISQA_TRAIN_LIVE/deg_16000/book_09490_chp_0018_reader_09283_5_seg_live_phone_522.wav,895.0,book_09490_chp_0018_reader_09283_5_seg_live_phone_522,1.0,,1
/fs/ess/PAS2301/Data/Speech/MOS_datasets/nisqa/NISQA_TRAIN_LIVE/deg_16000/book_09490_chp_0018_reader_09283_5_seg_live_skype_522.wav,896.0,book_09490_chp_0018_reader_09283_5_seg_live_skype_522,1.2,,1
/fs/ess/PAS2301/Data/Speech/MOS_datasets/nisqa/NISQA_TRAIN_LIVE/deg_16000/book_09544_chp_0008_reader_06221_4_seg_live_phone_525.wav,897.0,book_09544_chp_0008_reader_06221_4_seg_live_phone_525,1.4,,1
/fs/ess/PAS2301/Data/Speech/MOS_datasets/nisqa/NISQA_TRAIN_LIVE/deg_16000/book_09544_chp_0008_reader_06221_4_seg_live_skype_525.wav,898.0,book_09544_chp_0008_reader_06221_4_seg_live_skype_525,1.875,,1
/fs/ess/PAS2301/Data/Speech/MOS_datasets/nisqa/NISQA_TRAIN_LIVE/deg_16000/book_09558_chp_0001_reader_01717_3_seg_live_phone_526.wav,899.0,book_09558_chp_0001_reader_01717_3_seg_live_phone_526,2.6,,1
/fs/ess/PAS2301/Data/Speech/MOS_datasets/nisqa/NISQA_TRAIN_LIVE/deg_16000/book_09558_chp_0001_reader_01717_3_seg_live_skype_526.wav,900.0,book_09558_chp_0001_reader_01717_3_seg_live_skype_526,2.6,,1
/fs/ess/PAS2301/Data/Speech/MOS_datasets/nisqa/NISQA_TRAIN_LIVE/deg_16000/book_09613_chp_0019_reader_07352_8_seg_live_phone_528.wav,901.0,book_09613_chp_0019_reader_07352_8_seg_live_phone_528,2.0,,1
/fs/ess/PAS2301/Data/Speech/MOS_datasets/nisqa/NISQA_TRAIN_LIVE/deg_16000/book_09613_chp_0019_reader_07352_8_seg_live_skype_528.wav,902.0,book_09613_chp_0019_reader_07352_8_seg_live_skype_528,2.4,,1
/fs/ess/PAS2301/Data/Speech/MOS_datasets/nisqa/NISQA_TRAIN_LIVE/deg_16000/book_09653_chp_0007_reader_11917_46_seg_live_phone_530.wav,903.0,book_09653_chp_0007_reader_11917_46_seg_live_phone_530,3.2,,1
/fs/ess/PAS2301/Data/Speech/MOS_datasets/nisqa/NISQA_TRAIN_LIVE/deg_16000/book_09653_chp_0007_reader_11917_46_seg_live_skype_530.wav,904.0,book_09653_chp_0007_reader_11917_46_seg_live_skype_530,4.0,,1
/fs/ess/PAS2301/Data/Speech/MOS_datasets/nisqa/NISQA_TRAIN_LIVE/deg_16000/book_09672_chp_0000_reader_07516_2_seg_live_phone_531.wav,905.0,book_09672_chp_0000_reader_07516_2_seg_live_phone_531,3.2,,1
/fs/ess/PAS2301/Data/Speech/MOS_datasets/nisqa/NISQA_TRAIN_LIVE/deg_16000/book_09672_chp_0000_reader_07516_2_seg_live_skype_531.wav,906.0,book_09672_chp_0000_reader_07516_2_seg_live_skype_531,4.0,,1
/fs/ess/PAS2301/Data/Speech/MOS_datasets/nisqa/NISQA_TRAIN_LIVE/deg_16000/book_09672_chp_0003_reader_01986_28_seg_live_phone_532.wav,907.0,book_09672_chp_0003_reader_01986_28_seg_live_phone_532,3.6,,1
/fs/ess/PAS2301/Data/Speech/MOS_datasets/nisqa/NISQA_TRAIN_LIVE/deg_16000/book_09672_chp_0003_reader_01986_28_seg_live_skype_532.wav,908.0,book_09672_chp_0003_reader_01986_28_seg_live_skype_532,3.0,,1
/fs/ess/PAS2301/Data/Speech/MOS_datasets/nisqa/NISQA_TRAIN_LIVE/deg_16000/book_09715_chp_0004_reader_02711_17_seg_live_phone_533.wav,909.0,book_09715_chp_0004_reader_02711_17_seg_live_phone_533,3.0,,1
/fs/ess/PAS2301/Data/Speech/MOS_datasets/nisqa/NISQA_TRAIN_LIVE/deg_16000/book_09715_chp_0004_reader_02711_17_seg_live_skype_533.wav,910.0,book_09715_chp_0004_reader_02711_17_seg_live_skype_533,3.4,,1
/fs/ess/PAS2301/Data/Speech/MOS_datasets/nisqa/NISQA_TRAIN_LIVE/deg_16000/book_09766_chp_0003_reader_04055_9_seg_live_phone_535.wav,911.0,book_09766_chp_0003_reader_04055_9_seg_live_phone_535,3.0,,1
/fs/ess/PAS2301/Data/Speech/MOS_datasets/nisqa/NISQA_TRAIN_LIVE/deg_16000/book_09766_chp_0003_reader_04055_9_seg_live_skype_535.wav,912.0,book_09766_chp_0003_reader_04055_9_seg_live_skype_535,3.0,,1
/fs/ess/PAS2301/Data/Speech/MOS_datasets/nisqa/NISQA_TRAIN_LIVE/deg_16000/book_09781_chp_0012_reader_04770_5_seg_live_phone_536.wav,913.0,book_09781_chp_0012_reader_04770_5_seg_live_phone_536,3.2,,1
/fs/ess/PAS2301/Data/Speech/MOS_datasets/nisqa/NISQA_TRAIN_LIVE/deg_16000/book_09781_chp_0012_reader_04770_5_seg_live_skype_536.wav,914.0,book_09781_chp_0012_reader_04770_5_seg_live_skype_536,3.2,,1
/fs/ess/PAS2301/Data/Speech/MOS_datasets/nisqa/NISQA_TRAIN_LIVE/deg_16000/book_09868_chp_0005_reader_10362_41_seg_live_phone_537.wav,915.0,book_09868_chp_0005_reader_10362_41_seg_live_phone_537,4.25,,1
/fs/ess/PAS2301/Data/Speech/MOS_datasets/nisqa/NISQA_TRAIN_LIVE/deg_16000/book_09868_chp_0005_reader_10362_41_seg_live_skype_537.wav,916.0,book_09868_chp_0005_reader_10362_41_seg_live_skype_537,3.6,,1
/fs/ess/PAS2301/Data/Speech/MOS_datasets/nisqa/NISQA_TRAIN_LIVE/deg_16000/book_09873_chp_0016_reader_08431_30_seg_live_phone_538.wav,917.0,book_09873_chp_0016_reader_08431_30_seg_live_phone_538,2.6,,1
/fs/ess/PAS2301/Data/Speech/MOS_datasets/nisqa/NISQA_TRAIN_LIVE/deg_16000/book_09873_chp_0016_reader_08431_30_seg_live_skype_538.wav,918.0,book_09873_chp_0016_reader_08431_30_seg_live_skype_538,2.8,,1
/fs/ess/PAS2301/Data/Speech/MOS_datasets/nisqa/NISQA_TRAIN_LIVE/deg_16000/book_09897_chp_0012_reader_07888_2_seg_live_phone_539.wav,919.0,book_09897_chp_0012_reader_07888_2_seg_live_phone_539,3.2,,1
/fs/ess/PAS2301/Data/Speech/MOS_datasets/nisqa/NISQA_TRAIN_LIVE/deg_16000/book_09897_chp_0012_reader_07888_2_seg_live_skype_539.wav,920.0,book_09897_chp_0012_reader_07888_2_seg_live_skype_539,3.2,,1
/fs/ess/PAS2301/Data/Speech/MOS_datasets/nisqa/NISQA_TRAIN_LIVE/deg_16000/book_09902_chp_0050_reader_07893_18_seg_live_phone_540.wav,921.0,book_09902_chp_0050_reader_07893_18_seg_live_phone_540,2.4,,1
/fs/ess/PAS2301/Data/Speech/MOS_datasets/nisqa/NISQA_TRAIN_LIVE/deg_16000/book_09902_chp_0050_reader_07893_18_seg_live_skype_540.wav,922.0,book_09902_chp_0050_reader_07893_18_seg_live_skype_540,2.6,,1
/fs/ess/PAS2301/Data/Speech/MOS_datasets/nisqa/NISQA_TRAIN_LIVE/deg_16000/book_09918_chp_0018_reader_09944_61_seg_live_phone_542.wav,923.0,book_09918_chp_0018_reader_09944_61_seg_live_phone_542,2.4,,1
/fs/ess/PAS2301/Data/Speech/MOS_datasets/nisqa/NISQA_TRAIN_LIVE/deg_16000/book_09918_chp_0018_reader_09944_61_seg_live_skype_542.wav,924.0,book_09918_chp_0018_reader_09944_61_seg_live_skype_542,3.2,,1
/fs/ess/PAS2301/Data/Speech/MOS_datasets/nisqa/NISQA_TRAIN_LIVE/deg_16000/book_09987_chp_0027_reader_00576_26_seg_live_phone_544.wav,925.0,book_09987_chp_0027_reader_00576_26_seg_live_phone_544,2.2,,1
/fs/ess/PAS2301/Data/Speech/MOS_datasets/nisqa/NISQA_TRAIN_LIVE/deg_16000/book_09987_chp_0027_reader_00576_26_seg_live_skype_544.wav,926.0,book_09987_chp_0027_reader_00576_26_seg_live_skype_544,3.0,,1
/fs/ess/PAS2301/Data/Speech/MOS_datasets/nisqa/NISQA_TRAIN_LIVE/deg_16000/book_09988_chp_0003_reader_05353_24_seg_live_phone_545.wav,927.0,book_09988_chp_0003_reader_05353_24_seg_live_phone_545,2.0,,1
/fs/ess/PAS2301/Data/Speech/MOS_datasets/nisqa/NISQA_TRAIN_LIVE/deg_16000/book_09988_chp_0003_reader_05353_24_seg_live_skype_545.wav,928.0,book_09988_chp_0003_reader_05353_24_seg_live_skype_545,2.2,,1
/fs/ess/PAS2301/Data/Speech/MOS_datasets/nisqa/NISQA_TRAIN_LIVE/deg_16000/book_10067_chp_0006_reader_02765_2_seg_live_phone_546.wav,929.0,book_10067_chp_0006_reader_02765_2_seg_live_phone_546,1.6,,1
/fs/ess/PAS2301/Data/Speech/MOS_datasets/nisqa/NISQA_TRAIN_LIVE/deg_16000/book_10067_chp_0006_reader_02765_2_seg_live_skype_546.wav,930.0,book_10067_chp_0006_reader_02765_2_seg_live_skype_546,2.0,,1
/fs/ess/PAS2301/Data/Speech/MOS_datasets/nisqa/NISQA_TRAIN_LIVE/deg_16000/book_10076_chp_0017_reader_08346_7_seg_live_phone_547.wav,931.0,book_10076_chp_0017_reader_08346_7_seg_live_phone_547,1.85714285714286,,1
/fs/ess/PAS2301/Data/Speech/MOS_datasets/nisqa/NISQA_TRAIN_LIVE/deg_16000/book_10076_chp_0017_reader_08346_7_seg_live_skype_547.wav,932.0,book_10076_chp_0017_reader_08346_7_seg_live_skype_547,2.8,,1
/fs/ess/PAS2301/Data/Speech/MOS_datasets/nisqa/NISQA_TRAIN_LIVE/deg_16000/book_10082_chp_0030_reader_00447_1_seg_live_phone_548.wav,933.0,book_10082_chp_0030_reader_00447_1_seg_live_phone_548,1.57142857142857,,1
/fs/ess/PAS2301/Data/Speech/MOS_datasets/nisqa/NISQA_TRAIN_LIVE/deg_16000/book_10082_chp_0030_reader_00447_1_seg_live_skype_548.wav,934.0,book_10082_chp_0030_reader_00447_1_seg_live_skype_548,2.4,,1
/fs/ess/PAS2301/Data/Speech/MOS_datasets/nisqa/NISQA_TRAIN_LIVE/deg_16000/book_10134_chp_0013_reader_08463_21_seg_live_phone_550.wav,935.0,book_10134_chp_0013_reader_08463_21_seg_live_phone_550,2.0,,1
/fs/ess/PAS2301/Data/Speech/MOS_datasets/nisqa/NISQA_TRAIN_LIVE/deg_16000/book_10134_chp_0013_reader_08463_21_seg_live_skype_550.wav,936.0,book_10134_chp_0013_reader_08463_21_seg_live_skype_550,2.6,,1
/fs/ess/PAS2301/Data/Speech/MOS_datasets/nisqa/NISQA_TRAIN_LIVE/deg_16000/book_10139_chp_0041_reader_04558_4_seg_live_phone_551.wav,937.0,book_10139_chp_0041_reader_04558_4_seg_live_phone_551,3.2,,1
/fs/ess/PAS2301/Data/Speech/MOS_datasets/nisqa/NISQA_TRAIN_LIVE/deg_16000/book_10139_chp_0041_reader_04558_4_seg_live_skype_551.wav,938.0,book_10139_chp_0041_reader_04558_4_seg_live_skype_551,2.8,,1
/fs/ess/PAS2301/Data/Speech/MOS_datasets/nisqa/NISQA_TRAIN_LIVE/deg_16000/book_10215_chp_0003_reader_06611_2_seg_live_phone_552.wav,939.0,book_10215_chp_0003_reader_06611_2_seg_live_phone_552,3.0,,1
/fs/ess/PAS2301/Data/Speech/MOS_datasets/nisqa/NISQA_TRAIN_LIVE/deg_16000/book_10215_chp_0003_reader_06611_2_seg_live_skype_552.wav,940.0,book_10215_chp_0003_reader_06611_2_seg_live_skype_552,2.8,,1
/fs/ess/PAS2301/Data/Speech/MOS_datasets/nisqa/NISQA_TRAIN_LIVE/deg_16000/book_10235_chp_0025_reader_01459_7_seg_live_phone_553.wav,941.0,book_10235_chp_0025_reader_01459_7_seg_live_phone_553,3.0,,1
/fs/ess/PAS2301/Data/Speech/MOS_datasets/nisqa/NISQA_TRAIN_LIVE/deg_16000/book_10235_chp_0025_reader_01459_7_seg_live_skype_553.wav,942.0,book_10235_chp_0025_reader_01459_7_seg_live_skype_553,3.4,,1
/fs/ess/PAS2301/Data/Speech/MOS_datasets/nisqa/NISQA_TRAIN_LIVE/deg_16000/book_10254_chp_0003_reader_02369_19_seg_live_phone_554.wav,943.0,book_10254_chp_0003_reader_02369_19_seg_live_phone_554,2.6,,1
/fs/ess/PAS2301/Data/Speech/MOS_datasets/nisqa/NISQA_TRAIN_LIVE/deg_16000/book_10254_chp_0003_reader_02369_19_seg_live_skype_554.wav,944.0,book_10254_chp_0003_reader_02369_19_seg_live_skype_554,2.0,,1
/fs/ess/PAS2301/Data/Speech/MOS_datasets/nisqa/NISQA_TRAIN_LIVE/deg_16000/book_10277_chp_0003_reader_04865_13_seg_live_phone_556.wav,945.0,book_10277_chp_0003_reader_04865_13_seg_live_phone_556,3.75,,1
/fs/ess/PAS2301/Data/Speech/MOS_datasets/nisqa/NISQA_TRAIN_LIVE/deg_16000/book_10277_chp_0003_reader_04865_13_seg_live_skype_556.wav,946.0,book_10277_chp_0003_reader_04865_13_seg_live_skype_556,3.8,,1
/fs/ess/PAS2301/Data/Speech/MOS_datasets/nisqa/NISQA_TRAIN_LIVE/deg_16000/book_10284_chp_0077_reader_03363_1_seg_live_phone_557.wav,947.0,book_10284_chp_0077_reader_03363_1_seg_live_phone_557,2.0,,1
/fs/ess/PAS2301/Data/Speech/MOS_datasets/nisqa/NISQA_TRAIN_LIVE/deg_16000/book_10284_chp_0077_reader_03363_1_seg_live_skype_557.wav,948.0,book_10284_chp_0077_reader_03363_1_seg_live_skype_557,2.2,,1
/fs/ess/PAS2301/Data/Speech/MOS_datasets/nisqa/NISQA_TRAIN_LIVE/deg_16000/book_10298_chp_0006_reader_06226_31_seg_live_phone_558.wav,949.0,book_10298_chp_0006_reader_06226_31_seg_live_phone_558,3.0,,1
/fs/ess/PAS2301/Data/Speech/MOS_datasets/nisqa/NISQA_TRAIN_LIVE/deg_16000/book_10298_chp_0006_reader_06226_31_seg_live_skype_558.wav,950.0,book_10298_chp_0006_reader_06226_31_seg_live_skype_558,2.4,,1
/fs/ess/PAS2301/Data/Speech/MOS_datasets/nisqa/NISQA_TRAIN_LIVE/deg_16000/book_10378_chp_0003_reader_03101_8_seg_live_phone_559.wav,951.0,book_10378_chp_0003_reader_03101_8_seg_live_phone_559,3.0,,1
/fs/ess/PAS2301/Data/Speech/MOS_datasets/nisqa/NISQA_TRAIN_LIVE/deg_16000/book_10378_chp_0003_reader_03101_8_seg_live_skype_559.wav,952.0,book_10378_chp_0003_reader_03101_8_seg_live_skype_559,3.0,,1
/fs/ess/PAS2301/Data/Speech/MOS_datasets/nisqa/NISQA_TRAIN_LIVE/deg_16000/book_10516_chp_0009_reader_06163_1_seg_live_phone_560.wav,953.0,book_10516_chp_0009_reader_06163_1_seg_live_phone_560,2.8,,1
/fs/ess/PAS2301/Data/Speech/MOS_datasets/nisqa/NISQA_TRAIN_LIVE/deg_16000/book_10516_chp_0009_reader_06163_1_seg_live_skype_560.wav,954.0,book_10516_chp_0009_reader_06163_1_seg_live_skype_560,3.2,,1
/fs/ess/PAS2301/Data/Speech/MOS_datasets/nisqa/NISQA_TRAIN_LIVE/deg_16000/book_10537_chp_0048_reader_06394_15_seg_live_phone_561.wav,955.0,book_10537_chp_0048_reader_06394_15_seg_live_phone_561,2.8,,1
/fs/ess/PAS2301/Data/Speech/MOS_datasets/nisqa/NISQA_TRAIN_LIVE/deg_16000/book_10537_chp_0048_reader_06394_15_seg_live_skype_561.wav,956.0,book_10537_chp_0048_reader_06394_15_seg_live_skype_561,2.8,,1
/fs/ess/PAS2301/Data/Speech/MOS_datasets/nisqa/NISQA_TRAIN_LIVE/deg_16000/book_10579_chp_0029_reader_01961_2_seg_live_phone_562.wav,957.0,book_10579_chp_0029_reader_01961_2_seg_live_phone_562,3.4,,1
/fs/ess/PAS2301/Data/Speech/MOS_datasets/nisqa/NISQA_TRAIN_LIVE/deg_16000/book_10579_chp_0029_reader_01961_2_seg_live_skype_562.wav,958.0,book_10579_chp_0029_reader_01961_2_seg_live_skype_562,3.4,,1
/fs/ess/PAS2301/Data/Speech/MOS_datasets/nisqa/NISQA_TRAIN_LIVE/deg_16000/book_10626_chp_0013_reader_09044_2_seg_live_phone_563.wav,959.0,book_10626_chp_0013_reader_09044_2_seg_live_phone_563,3.4,,1
/fs/ess/PAS2301/Data/Speech/MOS_datasets/nisqa/NISQA_TRAIN_LIVE/deg_16000/book_10626_chp_0013_reader_09044_2_seg_live_skype_563.wav,960.0,book_10626_chp_0013_reader_09044_2_seg_live_skype_563,3.4,,1
/fs/ess/PAS2301/Data/Speech/MOS_datasets/nisqa/NISQA_TRAIN_LIVE/deg_16000/book_10628_chp_0048_reader_11105_1_seg_live_phone_564.wav,961.0,book_10628_chp_0048_reader_11105_1_seg_live_phone_564,2.4,,1
/fs/ess/PAS2301/Data/Speech/MOS_datasets/nisqa/NISQA_TRAIN_LIVE/deg_16000/book_10628_chp_0048_reader_11105_1_seg_live_skype_564.wav,962.0,book_10628_chp_0048_reader_11105_1_seg_live_skype_564,3.2,,1
/fs/ess/PAS2301/Data/Speech/MOS_datasets/nisqa/NISQA_TRAIN_LIVE/deg_16000/book_10676_chp_0003_reader_10152_3_seg_live_phone_565.wav,963.0,book_10676_chp_0003_reader_10152_3_seg_live_phone_565,3.2,,1
/fs/ess/PAS2301/Data/Speech/MOS_datasets/nisqa/NISQA_TRAIN_LIVE/deg_16000/book_10676_chp_0003_reader_10152_3_seg_live_skype_565.wav,964.0,book_10676_chp_0003_reader_10152_3_seg_live_skype_565,3.375,,1
/fs/ess/PAS2301/Data/Speech/MOS_datasets/nisqa/NISQA_TRAIN_LIVE/deg_16000/book_10699_chp_0019_reader_05051_0_seg_live_phone_566.wav,965.0,book_10699_chp_0019_reader_05051_0_seg_live_phone_566,2.6,,1
/fs/ess/PAS2301/Data/Speech/MOS_datasets/nisqa/NISQA_TRAIN_LIVE/deg_16000/book_10699_chp_0019_reader_05051_0_seg_live_skype_566.wav,966.0,book_10699_chp_0019_reader_05051_0_seg_live_skype_566,2.7,,1
/fs/ess/PAS2301/Data/Speech/MOS_datasets/nisqa/NISQA_TRAIN_LIVE/deg_16000/book_10719_chp_0012_reader_09816_4_seg_live_phone_567.wav,967.0,book_10719_chp_0012_reader_09816_4_seg_live_phone_567,2.5,,1
/fs/ess/PAS2301/Data/Speech/MOS_datasets/nisqa/NISQA_TRAIN_LIVE/deg_16000/book_10719_chp_0012_reader_09816_4_seg_live_skype_567.wav,968.0,book_10719_chp_0012_reader_09816_4_seg_live_skype_567,3.25,,1
/fs/ess/PAS2301/Data/Speech/MOS_datasets/nisqa/NISQA_TRAIN_LIVE/deg_16000/book_10728_chp_0010_reader_08171_17_seg_live_phone_568.wav,969.0,book_10728_chp_0010_reader_08171_17_seg_live_phone_568,3.2,,1
/fs/ess/PAS2301/Data/Speech/MOS_datasets/nisqa/NISQA_TRAIN_LIVE/deg_16000/book_10728_chp_0010_reader_08171_17_seg_live_skype_568.wav,970.0,book_10728_chp_0010_reader_08171_17_seg_live_skype_568,3.0,,1
/fs/ess/PAS2301/Data/Speech/MOS_datasets/nisqa/NISQA_TRAIN_LIVE/deg_16000/book_10728_chp_0041_reader_10676_2_seg_live_phone_569.wav,971.0,book_10728_chp_0041_reader_10676_2_seg_live_phone_569,3.6,,1
/fs/ess/PAS2301/Data/Speech/MOS_datasets/nisqa/NISQA_TRAIN_LIVE/deg_16000/book_10728_chp_0041_reader_10676_2_seg_live_skype_569.wav,972.0,book_10728_chp_0041_reader_10676_2_seg_live_skype_569,3.4285714285714306,,1
/fs/ess/PAS2301/Data/Speech/MOS_datasets/nisqa/NISQA_TRAIN_LIVE/deg_16000/book_10787_chp_0061_reader_06716_2_seg_live_phone_570.wav,973.0,book_10787_chp_0061_reader_06716_2_seg_live_phone_570,2.8,,1
/fs/ess/PAS2301/Data/Speech/MOS_datasets/nisqa/NISQA_TRAIN_LIVE/deg_16000/book_10787_chp_0061_reader_06716_2_seg_live_skype_570.wav,974.0,book_10787_chp_0061_reader_06716_2_seg_live_skype_570,3.4,,1
/fs/ess/PAS2301/Data/Speech/MOS_datasets/nisqa/NISQA_TRAIN_LIVE/deg_16000/book_10808_chp_0005_reader_03126_0_seg_live_phone_572.wav,975.0,book_10808_chp_0005_reader_03126_0_seg_live_phone_572,2.8,,1
/fs/ess/PAS2301/Data/Speech/MOS_datasets/nisqa/NISQA_TRAIN_LIVE/deg_16000/book_10808_chp_0005_reader_03126_0_seg_live_skype_572.wav,976.0,book_10808_chp_0005_reader_03126_0_seg_live_skype_572,3.2,,1
/fs/ess/PAS2301/Data/Speech/MOS_datasets/nisqa/NISQA_TRAIN_LIVE/deg_16000/book_10833_chp_0001_reader_11419_7_seg_live_phone_573.wav,977.0,book_10833_chp_0001_reader_11419_7_seg_live_phone_573,2.5,,1
/fs/ess/PAS2301/Data/Speech/MOS_datasets/nisqa/NISQA_TRAIN_LIVE/deg_16000/book_10833_chp_0001_reader_11419_7_seg_live_skype_573.wav,978.0,book_10833_chp_0001_reader_11419_7_seg_live_skype_573,3.0,,1
/fs/ess/PAS2301/Data/Speech/MOS_datasets/nisqa/NISQA_TRAIN_LIVE/deg_16000/book_10844_chp_0008_reader_09640_34_seg_live_phone_574.wav,979.0,book_10844_chp_0008_reader_09640_34_seg_live_phone_574,3.0,,1
/fs/ess/PAS2301/Data/Speech/MOS_datasets/nisqa/NISQA_TRAIN_LIVE/deg_16000/book_10844_chp_0008_reader_09640_34_seg_live_skype_574.wav,980.0,book_10844_chp_0008_reader_09640_34_seg_live_skype_574,3.0,,1
/fs/ess/PAS2301/Data/Speech/MOS_datasets/nisqa/NISQA_TRAIN_LIVE/deg_16000/book_10865_chp_0004_reader_08466_8_seg_live_phone_575.wav,981.0,book_10865_chp_0004_reader_08466_8_seg_live_phone_575,2.4,,1
/fs/ess/PAS2301/Data/Speech/MOS_datasets/nisqa/NISQA_TRAIN_LIVE/deg_16000/book_10865_chp_0004_reader_08466_8_seg_live_skype_575.wav,982.0,book_10865_chp_0004_reader_08466_8_seg_live_skype_575,1.6,,1
/fs/ess/PAS2301/Data/Speech/MOS_datasets/nisqa/NISQA_TRAIN_LIVE/deg_16000/book_10886_chp_0035_reader_11729_38_seg_live_phone_576.wav,983.0,book_10886_chp_0035_reader_11729_38_seg_live_phone_576,2.6,,1
/fs/ess/PAS2301/Data/Speech/MOS_datasets/nisqa/NISQA_TRAIN_LIVE/deg_16000/book_10886_chp_0035_reader_11729_38_seg_live_skype_576.wav,984.0,book_10886_chp_0035_reader_11729_38_seg_live_skype_576,2.2,,1
/fs/ess/PAS2301/Data/Speech/MOS_datasets/nisqa/NISQA_TRAIN_LIVE/deg_16000/book_10900_chp_0024_reader_11384_7_seg_live_phone_577.wav,985.0,book_10900_chp_0024_reader_11384_7_seg_live_phone_577,2.6,,1
/fs/ess/PAS2301/Data/Speech/MOS_datasets/nisqa/NISQA_TRAIN_LIVE/deg_16000/book_10900_chp_0024_reader_11384_7_seg_live_skype_577.wav,986.0,book_10900_chp_0024_reader_11384_7_seg_live_skype_577,2.2,,1
/fs/ess/PAS2301/Data/Speech/MOS_datasets/nisqa/NISQA_TRAIN_LIVE/deg_16000/book_10928_chp_0004_reader_02830_5_seg_live_phone_578.wav,987.0,book_10928_chp_0004_reader_02830_5_seg_live_phone_578,2.8,,1
/fs/ess/PAS2301/Data/Speech/MOS_datasets/nisqa/NISQA_TRAIN_LIVE/deg_16000/book_10928_chp_0004_reader_02830_5_seg_live_skype_578.wav,988.0,book_10928_chp_0004_reader_02830_5_seg_live_skype_578,2.2,,1
/fs/ess/PAS2301/Data/Speech/MOS_datasets/nisqa/NISQA_TRAIN_LIVE/deg_16000/book_10988_chp_0015_reader_06208_34_seg_live_phone_579.wav,989.0,book_10988_chp_0015_reader_06208_34_seg_live_phone_579,1.0,,1
/fs/ess/PAS2301/Data/Speech/MOS_datasets/nisqa/NISQA_TRAIN_LIVE/deg_16000/book_10988_chp_0015_reader_06208_34_seg_live_skype_579.wav,990.0,book_10988_chp_0015_reader_06208_34_seg_live_skype_579,1.6,,1
/fs/ess/PAS2301/Data/Speech/MOS_datasets/nisqa/NISQA_TRAIN_LIVE/deg_16000/book_11071_chp_0019_reader_09894_14_seg_live_phone_582.wav,991.0,book_11071_chp_0019_reader_09894_14_seg_live_phone_582,2.25,,1
/fs/ess/PAS2301/Data/Speech/MOS_datasets/nisqa/NISQA_TRAIN_LIVE/deg_16000/book_11071_chp_0019_reader_09894_14_seg_live_skype_582.wav,992.0,book_11071_chp_0019_reader_09894_14_seg_live_skype_582,2.2,,1
/fs/ess/PAS2301/Data/Speech/MOS_datasets/nisqa/NISQA_TRAIN_LIVE/deg_16000/book_11099_chp_0020_reader_04199_16_seg_live_phone_583.wav,993.0,book_11099_chp_0020_reader_04199_16_seg_live_phone_583,2.4,,1
/fs/ess/PAS2301/Data/Speech/MOS_datasets/nisqa/NISQA_TRAIN_LIVE/deg_16000/book_11099_chp_0020_reader_04199_16_seg_live_skype_583.wav,994.0,book_11099_chp_0020_reader_04199_16_seg_live_skype_583,1.6,,1
/fs/ess/PAS2301/Data/Speech/MOS_datasets/nisqa/NISQA_TRAIN_LIVE/deg_16000/book_11106_chp_0016_reader_01400_11_seg_live_phone_584.wav,995.0,book_11106_chp_0016_reader_01400_11_seg_live_phone_584,1.8,,1
/fs/ess/PAS2301/Data/Speech/MOS_datasets/nisqa/NISQA_TRAIN_LIVE/deg_16000/book_11106_chp_0016_reader_01400_11_seg_live_skype_584.wav,996.0,book_11106_chp_0016_reader_01400_11_seg_live_skype_584,1.8,,1
/fs/ess/PAS2301/Data/Speech/MOS_datasets/nisqa/NISQA_TRAIN_LIVE/deg_16000/book_11111_chp_0030_reader_01283_2_seg_live_phone_586.wav,997.0,book_11111_chp_0030_reader_01283_2_seg_live_phone_586,1.8,,1
/fs/ess/PAS2301/Data/Speech/MOS_datasets/nisqa/NISQA_TRAIN_LIVE/deg_16000/book_11111_chp_0030_reader_01283_2_seg_live_skype_586.wav,998.0,book_11111_chp_0030_reader_01283_2_seg_live_skype_586,1.8,,1
/fs/ess/PAS2301/Data/Speech/MOS_datasets/nisqa/NISQA_TRAIN_LIVE/deg_16000/book_11134_chp_0004_reader_02767_76_seg_live_phone_587.wav,999.0,book_11134_chp_0004_reader_02767_76_seg_live_phone_587,1.4,,1
/fs/ess/PAS2301/Data/Speech/MOS_datasets/nisqa/NISQA_TRAIN_LIVE/deg_16000/book_11134_chp_0004_reader_02767_76_seg_live_skype_587.wav,1000.0,book_11134_chp_0004_reader_02767_76_seg_live_skype_587,1.2,,1
/fs/ess/PAS2301/Data/Speech/MOS_datasets/nisqa/NISQA_TRAIN_LIVE/deg_16000/book_11176_chp_0061_reader_00077_9_seg_live_phone_588.wav,1001.0,book_11176_chp_0061_reader_00077_9_seg_live_phone_588,1.0,,1
/fs/ess/PAS2301/Data/Speech/MOS_datasets/nisqa/NISQA_TRAIN_LIVE/deg_16000/book_11176_chp_0061_reader_00077_9_seg_live_skype_588.wav,1002.0,book_11176_chp_0061_reader_00077_9_seg_live_skype_588,1.2,,1
/fs/ess/PAS2301/Data/Speech/MOS_datasets/nisqa/NISQA_TRAIN_LIVE/deg_16000/book_11202_chp_0028_reader_04292_0_seg_live_phone_589.wav,1003.0,book_11202_chp_0028_reader_04292_0_seg_live_phone_589,2.0,,1
/fs/ess/PAS2301/Data/Speech/MOS_datasets/nisqa/NISQA_TRAIN_LIVE/deg_16000/book_11202_chp_0028_reader_04292_0_seg_live_skype_589.wav,1004.0,book_11202_chp_0028_reader_04292_0_seg_live_skype_589,1.8,,1
/fs/ess/PAS2301/Data/Speech/MOS_datasets/nisqa/NISQA_TRAIN_LIVE/deg_16000/book_11221_chp_0039_reader_00815_4_seg_live_phone_591.wav,1005.0,book_11221_chp_0039_reader_00815_4_seg_live_phone_591,1.0,,1
/fs/ess/PAS2301/Data/Speech/MOS_datasets/nisqa/NISQA_TRAIN_LIVE/deg_16000/book_11221_chp_0039_reader_00815_4_seg_live_skype_591.wav,1006.0,book_11221_chp_0039_reader_00815_4_seg_live_skype_591,1.8,,1
/fs/ess/PAS2301/Data/Speech/MOS_datasets/nisqa/NISQA_TRAIN_LIVE/deg_16000/book_11221_chp_0114_reader_11161_4_seg_live_phone_592.wav,1007.0,book_11221_chp_0114_reader_11161_4_seg_live_phone_592,1.2,,1
/fs/ess/PAS2301/Data/Speech/MOS_datasets/nisqa/NISQA_TRAIN_LIVE/deg_16000/book_11221_chp_0114_reader_11161_4_seg_live_skype_592.wav,1008.0,book_11221_chp_0114_reader_11161_4_seg_live_skype_592,1.6,,1
/fs/ess/PAS2301/Data/Speech/MOS_datasets/nisqa/NISQA_TRAIN_LIVE/deg_16000/book_11240_chp_0008_reader_00614_3_seg_live_phone_593.wav,1009.0,book_11240_chp_0008_reader_00614_3_seg_live_phone_593,1.8,,1
/fs/ess/PAS2301/Data/Speech/MOS_datasets/nisqa/NISQA_TRAIN_LIVE/deg_16000/book_11240_chp_0008_reader_00614_3_seg_live_skype_593.wav,1010.0,book_11240_chp_0008_reader_00614_3_seg_live_skype_593,1.8,,1
/fs/ess/PAS2301/Data/Speech/MOS_datasets/nisqa/NISQA_TRAIN_LIVE/deg_16000/book_11253_chp_0021_reader_01681_0_seg_live_phone_595.wav,1011.0,book_11253_chp_0021_reader_01681_0_seg_live_phone_595,1.0,,1
/fs/ess/PAS2301/Data/Speech/MOS_datasets/nisqa/NISQA_TRAIN_LIVE/deg_16000/book_11253_chp_0021_reader_01681_0_seg_live_skype_595.wav,1012.0,book_11253_chp_0021_reader_01681_0_seg_live_skype_595,1.0,,1
/fs/ess/PAS2301/Data/Speech/MOS_datasets/nisqa/NISQA_TRAIN_LIVE/deg_16000/book_11284_chp_0020_reader_06210_7_seg_live_phone_596.wav,1013.0,book_11284_chp_0020_reader_06210_7_seg_live_phone_596,1.0,,1
/fs/ess/PAS2301/Data/Speech/MOS_datasets/nisqa/NISQA_TRAIN_LIVE/deg_16000/book_11284_chp_0020_reader_06210_7_seg_live_skype_596.wav,1014.0,book_11284_chp_0020_reader_06210_7_seg_live_skype_596,1.0,,1
/fs/ess/PAS2301/Data/Speech/MOS_datasets/nisqa/NISQA_TRAIN_LIVE/deg_16000/book_11315_chp_0005_reader_00502_6_seg_live_phone_597.wav,1015.0,book_11315_chp_0005_reader_00502_6_seg_live_phone_597,1.0,,1
/fs/ess/PAS2301/Data/Speech/MOS_datasets/nisqa/NISQA_TRAIN_LIVE/deg_16000/book_11315_chp_0005_reader_00502_6_seg_live_skype_597.wav,1016.0,book_11315_chp_0005_reader_00502_6_seg_live_skype_597,1.77777777777778,,1
/fs/ess/PAS2301/Data/Speech/MOS_datasets/nisqa/NISQA_TRAIN_LIVE/deg_16000/book_11320_chp_0035_reader_04036_27_seg_live_phone_598.wav,1017.0,book_11320_chp_0035_reader_04036_27_seg_live_phone_598,1.8,,1
/fs/ess/PAS2301/Data/Speech/MOS_datasets/nisqa/NISQA_TRAIN_LIVE/deg_16000/book_11320_chp_0035_reader_04036_27_seg_live_skype_598.wav,1018.0,book_11320_chp_0035_reader_04036_27_seg_live_skype_598,1.2,,1
/fs/ess/PAS2301/Data/Speech/MOS_datasets/nisqa/NISQA_TRAIN_LIVE/deg_16000/book_11346_chp_0016_reader_02710_23_seg_live_phone_599.wav,1019.0,book_11346_chp_0016_reader_02710_23_seg_live_phone_599,1.0,,1
/fs/ess/PAS2301/Data/Speech/MOS_datasets/nisqa/NISQA_TRAIN_LIVE/deg_16000/book_11346_chp_0016_reader_02710_23_seg_live_skype_599.wav,1020.0,book_11346_chp_0016_reader_02710_23_seg_live_skype_599,1.0,,1
